{"current_epoch": 100, "best_epoch": 100, "train_loss": [13.256521224975586, 5.758354663848877, 3.270761013031006, 3.759787082672119, 4.937835693359375, 5.412530899047852, 5.028714179992676, 4.18382453918457, 3.2987172603607178, 2.633648633956909, 2.264798879623413, 2.128511428833008, 2.108778953552246, 2.1117165088653564, 2.0911567211151123, 2.0380489826202393, 1.959517478942871, 1.8647949695587158, 1.7604072093963623, 1.6508744955062866, 1.540281057357788, 1.4327703714370728, 1.3320335149765015, 1.240481972694397, 1.1587727069854736, 1.086002230644226, 1.0203492641448975, 0.9600102305412292, 0.9038653373718262, 0.8511888384819031, 0.8010779023170471, 0.7525161504745483, 0.7049107551574707, 0.6582664251327515, 0.6129518747329712, 0.5694405436515808, 0.5281612277030945, 0.48943665623664856, 0.45345309376716614, 0.42022839188575745, 0.3895883560180664, 0.3611726462841034, 0.3344878852367401, 0.30899497866630554, 0.28421470522880554, 0.25981199741363525, 0.23563431203365326, 0.21170395612716675, 0.18815940618515015, 0.1651844084262848, 0.14292548596858978, 0.12142738699913025, 0.10059723258018494, 0.08021736145019531, 0.05999694764614105, 0.039650268852710724, 0.018971329554915428, -0.002119522076100111, -0.023578491061925888, -0.04526733234524727, -0.0670081302523613, -0.08863312005996704, -0.11002922058105469, -0.1311396062374115, -0.1519637256860733, -0.17252510786056519, -0.19284774363040924, -0.21294929087162018, -0.23285560309886932, -0.2526297867298126, -0.2723745107650757, -0.2921939790248871, -0.3121422529220581, -0.3321951925754547, -0.35227715969085693, -0.37229254841804504, -0.3921620845794678, -0.4118357002735138, -0.43130257725715637, -0.45058050751686096, -0.4697049856185913, -0.48871299624443054, -0.5076313018798828, -0.5264638662338257, -0.545197069644928, -0.5638121962547302, -0.5822815895080566, -0.6005982160568237, -0.6187601685523987, -0.6367722153663635, -0.654655396938324, -0.6724115610122681, -0.6900460124015808, -0.7075479626655579, -0.7249003052711487, -0.7420801520347595, -0.7590683698654175, -0.7758473753929138, -0.7924076318740845, -0.808739423751831], "val_loss": [], "train_metrics_score": {"MeanSquaredError": [2.2335663629746705e-07, 1.0760695801081965e-07, 1.187496962984369e-07, 1.5232670591558417e-07, 1.5790602958531963e-07, 1.35607436391183e-07, 1.0193211608111596e-07, 7.085511555260382e-08, 4.9286391856639966e-08, 3.762716360711238e-08, 3.2167040586728035e-08, 2.9376369781175526e-08, 2.7370299804374554e-08, 2.5610500387074353e-08, 2.4077667859501162e-08, 2.2690937129254962e-08, 2.1458960830500473e-08, 2.0190931593333517e-08, 1.8803312684667617e-08, 1.7335432644927096e-08, 1.5876429060313058e-08, 1.449671138686881e-08, 1.3312854818536835e-08, 1.2403777560621165e-08, 1.1711177805295847e-08, 1.1273901812103304e-08, 1.1056567217337943e-08, 1.1080366846272227e-08, 1.1292116575134514e-08, 1.1702780966516002e-08, 1.2390500181425068e-08, 1.3310365254426415e-08, 1.4491101651969984e-08, 1.6093599342070775e-08, 1.8139870050504214e-08, 2.068229143503686e-08, 2.3790949654767246e-08, 2.760909190158145e-08, 3.2181258546870595e-08, 3.7255109219813676e-08, 4.304372680508095e-08, 4.89004889914213e-08, 5.476496411915832e-08, 6.015994813424186e-08, 6.465705837399582e-08, 6.859072243514674e-08, 7.133152735150361e-08, 7.33364799998526e-08, 7.421987646694106e-08, 7.481727948288608e-08, 7.404300816915566e-08, 7.34901561827428e-08, 7.304537064101169e-08, 7.235659893467528e-08, 7.198639195848955e-08, 7.195101403567605e-08, 7.21939699133145e-08, 7.270771362755113e-08, 7.334424623195446e-08, 7.434424276198115e-08, 7.528145573587608e-08, 7.654477229834811e-08, 7.744299779233188e-08, 7.838806936888432e-08, 7.913766353340179e-08, 7.963356551954348e-08, 7.966517046043009e-08, 8.024137798656739e-08, 8.066560752695295e-08, 8.131004847200529e-08, 8.23810637484712e-08, 8.379701199601186e-08, 8.569680431946836e-08, 8.806540563455201e-08, 9.077779594690583e-08, 9.432226022454415e-08, 9.77084866349287e-08, 1.019225237541832e-07, 1.0559915608610027e-07, 1.1006191869000759e-07, 1.1348799233701357e-07, 1.1733265381508318e-07, 1.2008980831978988e-07, 1.2283724970529875e-07, 1.2574474794746493e-07, 1.2775521440744342e-07, 1.3063880999197863e-07, 1.3346750904474902e-07, 1.3628337569571158e-07, 1.3994608139000775e-07, 1.4340326970341266e-07, 1.4808809112309973e-07, 1.5229974792418943e-07, 1.5748227610856702e-07, 1.6337260433374468e-07, 1.6867596741576563e-07, 1.7440173394334124e-07, 1.8067129303744878e-07, 1.8642748500496964e-07, 1.9277985074950266e-07], "R2Score": [0.9999997615814209, 0.9999998807907104, 0.9999998807907104, 0.9999998211860657, 0.9999998211860657, 0.9999998807907104, 0.9999998807907104, 0.9999999403953552, 0.9999999403953552, 0.9999999403953552, 0.9999999403953552, 1.0, 1.0, 1.0, 1.0, 1.0, 1.0, 1.0, 1.0, 1.0, 1.0, 1.0, 1.0, 1.0, 1.0, 1.0, 1.0, 1.0, 1.0, 1.0, 1.0, 1.0, 1.0, 1.0, 1.0, 1.0, 1.0, 1.0, 0.9999999403953552, 0.9999999403953552, 0.9999999403953552, 0.9999999403953552, 0.9999999403953552, 0.9999999403953552, 0.9999999403953552, 0.9999999403953552, 0.9999999403953552, 0.9999999403953552, 0.9999999403953552, 0.9999999403953552, 0.9999999403953552, 0.9999999403953552, 0.9999999403953552, 0.9999999403953552, 0.9999999403953552, 0.9999999403953552, 0.9999999403953552, 0.9999999403953552, 0.9999999403953552, 0.9999999403953552, 0.9999999403953552, 0.9999999403953552, 0.9999999403953552, 0.9999999403953552, 0.9999999403953552, 0.9999999403953552, 0.9999999403953552, 0.9999999403953552, 0.9999999403953552, 0.9999999403953552, 0.9999999403953552, 0.9999999403953552, 0.9999999403953552, 0.9999999403953552, 0.9999998807907104, 0.9999998807907104, 0.9999998807907104, 0.9999998807907104, 0.9999998807907104, 0.9999998807907104, 0.9999998807907104, 0.9999998807907104, 0.9999998807907104, 0.9999998807907104, 0.9999998807907104, 0.9999998807907104, 0.9999998807907104, 0.9999998807907104, 0.9999998807907104, 0.9999998807907104, 0.9999998807907104, 0.9999998807907104, 0.9999998211860657, 0.9999998211860657, 0.9999998211860657, 0.9999998211860657, 0.9999998211860657, 0.9999998211860657, 0.9999998211860657, 0.9999998211860657]}, "val_metrics_score": {"MeanSquaredError": [], "R2Score": []}, "early_stopping_criterion_evaluations": [0, 0, 0, 0, 0, 0, 0, 0, 0, 0, 0, 0, 0, 0, 0, 0, 0, 0, 0, 0, 0, 0, 0, 0, 0, 0, 0, 0, 0, 0, 0, 0, 0, 0, 0, 0, 0, 0, 0, 0, 0, 0, 0, 0, 0, 0, 0, 0, 0, 0, 0, 0, 0, 0, 0, 0, 0, 0, 0, 0, 0, 0, 0, 0, 0, 0, 0, 0, 0, 0, 0, 0, 0, 0, 0, 0, 0, 0, 0, 0, 0, 0, 0, 0, 0, 0, 0, 0, 0, 0, 0, 0, 0, 0, 0, 0, 0, 0, 0, 0]}