{"current_epoch": 100, "best_epoch": 100, "train_loss": [3.69854736328125, 3.448004961013794, 3.0355820655822754, 2.5726633071899414, 2.1678478717803955, 1.8960402011871338, 1.766090750694275, 1.7238397598266602, 1.7079485654830933, 1.6861369609832764, 1.6500177383422852, 1.6009509563446045, 1.5424466133117676, 1.4778021574020386, 1.4096801280975342, 1.340225100517273, 1.2712351083755493, 1.2042423486709595, 1.1404982805252075, 1.0809115171432495, 1.0259859561920166, 0.975807785987854, 0.930117666721344, 0.8884400725364685, 0.8502004742622375, 0.8147907853126526, 0.7816049456596375, 0.750072181224823, 0.7196965217590332, 0.6900976300239563, 0.6610491871833801, 0.6324828863143921, 0.604454755783081, 0.5770823955535889, 0.5504738688468933, 0.5246748924255371, 0.49966156482696533, 0.47535333037376404, 0.4516458809375763, 0.4284299910068512, 0.40562573075294495, 0.38318145275115967, 0.3610825836658478, 0.33934739232063293, 0.3180166482925415, 0.2971400320529938, 0.27674996852874756, 0.25686395168304443, 0.23746901750564575, 0.21852272748947144, 0.1999625414609909, 0.18171653151512146, 0.16370949149131775, 0.14587531983852386, 0.12816642224788666, 0.11055458337068558, 0.09303337335586548, 0.07561332732439041, 0.058315202593803406, 0.04115448147058487, 0.024150466546416283, 0.0073030851781368256, -0.009390335530042648, -0.025940094143152237, -0.04234977811574936, -0.05860862880945206, -0.07470710575580597, -0.09062263369560242, -0.10633796453475952, -0.12185172736644745, -0.1371665894985199, -0.15229973196983337, -0.16726386547088623, -0.18207283318042755, -0.1967257708311081, -0.21122939884662628, -0.2255680114030838, -0.23973800241947174, -0.2537393271923065, -0.2675713300704956, -0.28123846650123596, -0.2947428226470947, -0.30808600783348083, -0.3212583065032959, -0.3342633843421936, -0.34708672761917114, -0.35972464084625244, -0.37218421697616577, -0.38445061445236206, -0.3965395390987396, -0.40844109654426575, -0.4201657772064209, -0.43170005083084106, -0.44304999709129333, -0.4542127251625061, -0.4651859402656555, -0.47597694396972656, -0.4865827262401581, -0.49700355529785156, -0.5072553157806396], "val_loss": [], "train_metrics_score": {"MeanSquaredError": [1.9290681052552827e-08, 1.505116209443713e-08, 1.0502146707835891e-08, 6.839566246696904e-09, 4.5639523271745475e-09, 3.6232337130570613e-09, 3.366239509361435e-09, 3.25711080328972e-09, 3.1943687694990786e-09, 3.1858566895692775e-09, 3.252318858670833e-09, 3.3894207440710034e-09, 3.563195960509802e-09, 3.783863888884298e-09, 4.078513526906136e-09, 4.448569512760514e-09, 4.918486951055456e-09, 5.576463735224024e-09, 6.406159602789785e-09, 7.53641060668997e-09, 8.99671093179677e-09, 1.0844392051012619e-08, 1.3141750798695284e-08, 1.5950659459917915e-08, 1.907991276084431e-08, 2.281572086815231e-08, 2.6861481927653585e-08, 3.113369828611212e-08, 3.555486571826805e-08, 4.00364257302499e-08, 4.467832681598338e-08, 4.896864425063541e-08, 5.310371165023753e-08, 5.698690230815373e-08, 6.062430912834316e-08, 6.37687449511759e-08, 6.67016308852908e-08, 6.946095965076893e-08, 7.230800491697664e-08, 7.45661665746411e-08, 7.725336814701222e-08, 7.998518469776172e-08, 8.290139419386833e-08, 8.656904526560538e-08, 9.036229897674275e-08, 9.381685828202535e-08, 9.774563380915424e-08, 1.0154592899880299e-07, 1.0516462367604618e-07, 1.0947692175022894e-07, 1.1289361623312288e-07, 1.1560636181684458e-07, 1.1826195134290174e-07, 1.2014476169497357e-07, 1.2231936352691264e-07, 1.227666359682189e-07, 1.2335814858488447e-07, 1.2341661204118282e-07, 1.251188592732433e-07, 1.257750170680083e-07, 1.2704434482202487e-07, 1.299263630016867e-07, 1.3295125711465516e-07, 1.3728556780279177e-07, 1.4110636925579456e-07, 1.4624409061525512e-07, 1.5307287526411528e-07, 1.592119076576637e-07, 1.6527273771771434e-07, 1.7252081363494653e-07, 1.7968179122362926e-07, 1.8595775941321335e-07, 1.9207183754588186e-07, 1.9844814858061e-07, 2.0127212962961494e-07, 2.0956746027422923e-07, 2.1238714964511018e-07, 2.1850156883829186e-07, 2.2408823951991508e-07, 2.295289078801943e-07, 2.3468840026907856e-07, 2.4101859708025586e-07, 2.463232817717653e-07, 2.56308737789368e-07, 2.640775846884935e-07, 2.705967574456736e-07, 2.787604103104968e-07, 2.874112396966666e-07, 2.970382126932236e-07, 3.037891360690992e-07, 3.1141061640482803e-07, 3.197432931756339e-07, 3.2399034921581915e-07, 3.29189930425855e-07, 3.3618445627325855e-07, 3.46917147453496e-07, 3.5209953352932644e-07, 3.5847639878738846e-07, 3.6928548752257484e-07, 3.7620509374391986e-07], "R2Score": [1.0, 1.0, 1.0, 1.0, 1.0, 1.0, 1.0, 1.0, 1.0, 1.0, 1.0, 1.0, 1.0, 1.0, 1.0, 1.0, 1.0, 1.0, 1.0, 1.0, 1.0, 1.0, 1.0, 1.0, 1.0, 1.0, 1.0, 0.9999999403953552, 0.9999999403953552, 0.9999999403953552, 0.9999999403953552, 0.9999999403953552, 0.9999999403953552, 0.9999999403953552, 0.9999999403953552, 0.9999999403953552, 0.9999999403953552, 0.9999999403953552, 0.9999999403953552, 0.9999999403953552, 0.9999999403953552, 0.9999999403953552, 0.9999999403953552, 0.9999999403953552, 0.9999998807907104, 0.9999998807907104, 0.9999998807907104, 0.9999998807907104, 0.9999998807907104, 0.9999998807907104, 0.9999998807907104, 0.9999998807907104, 0.9999998807907104, 0.9999998807907104, 0.9999998807907104, 0.9999998807907104, 0.9999998807907104, 0.9999998807907104, 0.9999998807907104, 0.9999998807907104, 0.9999998807907104, 0.9999998807907104, 0.9999998807907104, 0.9999998807907104, 0.9999998807907104, 0.9999998807907104, 0.9999998211860657, 0.9999998211860657, 0.9999998211860657, 0.9999998211860657, 0.9999998211860657, 0.9999998211860657, 0.9999998211860657, 0.9999998211860657, 0.9999998211860657, 0.9999997615814209, 0.9999997615814209, 0.9999997615814209, 0.9999997615814209, 0.9999997615814209, 0.9999997615814209, 0.9999997615814209, 0.9999997615814209, 0.9999997615814209, 0.9999997615814209, 0.9999997019767761, 0.9999997019767761, 0.9999997019767761, 0.9999997019767761, 0.9999997019767761, 0.9999997019767761, 0.9999997019767761, 0.9999997019767761, 0.9999996423721313, 0.9999996423721313, 0.9999996423721313, 0.9999996423721313, 0.9999996423721313, 0.9999996423721313, 0.9999996423721313]}, "val_metrics_score": {"MeanSquaredError": [], "R2Score": []}, "early_stopping_criterion_evaluations": [0, 0, 0, 0, 0, 0, 0, 0, 0, 0, 0, 0, 0, 0, 0, 0, 0, 0, 0, 0, 0, 0, 0, 0, 0, 0, 0, 0, 0, 0, 0, 0, 0, 0, 0, 0, 0, 0, 0, 0, 0, 0, 0, 0, 0, 0, 0, 0, 0, 0, 0, 0, 0, 0, 0, 0, 0, 0, 0, 0, 0, 0, 0, 0, 0, 0, 0, 0, 0, 0, 0, 0, 0, 0, 0, 0, 0, 0, 0, 0, 0, 0, 0, 0, 0, 0, 0, 0, 0, 0, 0, 0, 0, 0, 0, 0, 0, 0, 0, 0]}