{"current_epoch": 100, "best_epoch": 100, "train_loss": [6.947073936462402, 5.010543346405029, 2.9799020290374756, 2.1361327171325684, 2.5558032989501953, 3.4640731811523438, 3.9987103939056396, 3.8172085285186768, 3.1356570720672607, 2.3850035667419434, 1.8944270610809326, 1.7692278623580933, 1.9217262268066406, 2.171492576599121, 2.350742816925049, 2.3720080852508545, 2.2408788204193115, 2.0256729125976562, 1.8115772008895874, 1.6632142066955566, 1.6065295934677124, 1.6295944452285767, 1.6961257457733154, 1.7638144493103027, 1.800295352935791, 1.7919647693634033, 1.744320034980774, 1.6757137775421143, 1.6082299947738647, 1.5594247579574585, 1.537412405014038, 1.540092945098877, 1.5578603744506836, 1.5782122611999512, 1.5904171466827393, 1.5887112617492676, 1.5732550621032715, 1.5489453077316284, 1.5228811502456665, 1.501569390296936, 1.4888412952423096, 1.4850318431854248, 1.4874769449234009, 1.4919301271438599, 1.4942753314971924, 1.4919086694717407, 1.4843716621398926, 1.4731391668319702, 1.4607713222503662, 1.4498238563537598, 1.4419423341751099, 1.4374204874038696, 1.435314655303955, 1.4339817762374878, 1.431789755821228, 1.4277129173278809, 1.4216108322143555, 1.4141372442245483, 1.4063645601272583, 1.399307131767273, 1.3935388326644897, 1.3890384435653687, 1.3852899074554443, 1.3815603256225586, 1.3772250413894653, 1.3720000982284546, 1.3660049438476562, 1.3596501350402832, 1.3534202575683594, 1.347659707069397, 1.3424464464187622, 1.3375961780548096, 1.3327831029891968, 1.3277004957199097, 1.3221943378448486, 1.3163087368011475, 1.3102350234985352, 1.304202914237976, 1.2983654737472534, 1.2927395105361938, 1.2872143983840942, 1.2816245555877686, 1.2758374214172363, 1.2698124647140503, 1.2636092901229858, 1.2573412656784058, 1.2511097192764282, 1.2449513673782349, 1.2388277053833008, 1.2326550483703613, 1.2263561487197876, 1.2199015617370605, 1.2133185863494873, 1.2066670656204224, 1.2000012397766113, 1.1933376789093018, 1.186648964881897, 1.1798866987228394, 1.173013687133789, 1.1660252809524536], "val_loss": [], "train_metrics_score": {"MeanSquaredError": [9.162831560161067e-08, 4.373258732925933e-08, 2.4950006505264355e-08, 3.1334888461742594e-08, 4.691159105618681e-08, 5.472329434041967e-08, 4.735816716561203e-08, 3.385649094411747e-08, 2.076092364688975e-08, 1.1880250561091543e-08, 9.407422396634502e-09, 1.0837531760898855e-08, 1.3909421170410496e-08, 1.534124471902487e-08, 1.506626823299939e-08, 1.2821909756155492e-08, 9.605428452630349e-09, 6.98435442814116e-09, 5.051993490212681e-09, 4.168736023046904e-09, 4.173682732755424e-09, 4.9101100962900546e-09, 5.277830172900622e-09, 5.547631243274509e-09, 5.361263877290412e-09, 4.741905978988825e-09, 4.00383282084249e-09, 3.297900841303658e-09, 2.7389750467676777e-09, 2.523328879178166e-09, 2.4874013959674812e-09, 2.6780651030122726e-09, 2.8115971772990633e-09, 3.047137875356043e-09, 2.8901734339115137e-09, 2.7194630991544955e-09, 2.574358282103617e-09, 2.3705504226256835e-09, 2.0489037133586407e-09, 1.9792663064066573e-09, 2.0211929907532067e-09, 1.9511079418776944e-09, 2.013526234634355e-09, 2.0367638686735745e-09, 2.0678003753715757e-09, 1.9723502830970574e-09, 1.906969027132277e-09, 1.89318716259379e-09, 1.7769185012284083e-09, 1.6884240672254691e-09, 1.722951892269009e-09, 1.6719813311638632e-09, 1.7910619654060156e-09, 1.7215099346046259e-09, 1.7182985034835951e-09, 1.7355478165725913e-09, 1.674237193327599e-09, 1.6412795567077865e-09, 1.693803319824383e-09, 1.7452643774618082e-09, 1.6223380416846567e-09, 1.6633066035609545e-09, 1.6253008938704738e-09, 1.7226207127407633e-09, 1.6429703153519881e-09, 1.6703409766449795e-09, 1.6447856410195527e-09, 1.6192795992964193e-09, 1.6116168399804565e-09, 1.6698384897040341e-09, 1.630200863189657e-09, 1.6340595543340442e-09, 1.6908934252768404e-09, 1.6593753038307568e-09, 1.743040600743484e-09, 1.6508531208714317e-09, 1.758451162459096e-09, 1.6725465457056998e-09, 1.808973859596108e-09, 1.7788522876927004e-09, 1.7500988436225384e-09, 1.818507788797774e-09, 1.7620577219545908e-09, 1.8060808404385398e-09, 1.7974454147307029e-09, 1.8628834030920416e-09, 1.9047614596701123e-09, 1.910390290404962e-09, 1.944966632194678e-09, 1.9086998648276676e-09, 1.941814486983162e-09, 2.122145792426977e-09, 2.140085442192685e-09, 2.0488217788994234e-09, 2.1130610594610744e-09, 2.235770679703819e-09, 2.2070958394238005e-09, 2.2399246901727565e-09, 2.289478162609271e-09, 2.2892101547711263e-09], "R2Score": [0.9999998807907104, 0.9999999403953552, 1.0, 0.9999999403953552, 0.9999999403953552, 0.9999999403953552, 0.9999999403953552, 0.9999999403953552, 1.0, 1.0, 1.0, 1.0, 1.0, 1.0, 1.0, 1.0, 1.0, 1.0, 1.0, 1.0, 1.0, 1.0, 1.0, 1.0, 1.0, 1.0, 1.0, 1.0, 1.0, 1.0, 1.0, 1.0, 1.0, 1.0, 1.0, 1.0, 1.0, 1.0, 1.0, 1.0, 1.0, 1.0, 1.0, 1.0, 1.0, 1.0, 1.0, 1.0, 1.0, 1.0, 1.0, 1.0, 1.0, 1.0, 1.0, 1.0, 1.0, 1.0, 1.0, 1.0, 1.0, 1.0, 1.0, 1.0, 1.0, 1.0, 1.0, 1.0, 1.0, 1.0, 1.0, 1.0, 1.0, 1.0, 1.0, 1.0, 1.0, 1.0, 1.0, 1.0, 1.0, 1.0, 1.0, 1.0, 1.0, 1.0, 1.0, 1.0, 1.0, 1.0, 1.0, 1.0, 1.0, 1.0, 1.0, 1.0, 1.0, 1.0, 1.0, 1.0]}, "val_metrics_score": {"MeanSquaredError": [], "R2Score": []}, "early_stopping_criterion_evaluations": [0, 0, 0, 0, 0, 0, 0, 0, 0, 0, 0, 0, 0, 0, 0, 0, 0, 0, 0, 0, 0, 0, 0, 0, 0, 0, 0, 0, 0, 0, 0, 0, 0, 0, 0, 0, 0, 0, 0, 0, 0, 0, 0, 0, 0, 0, 0, 0, 0, 0, 0, 0, 0, 0, 0, 0, 0, 0, 0, 0, 0, 0, 0, 0, 0, 0, 0, 0, 0, 0, 0, 0, 0, 0, 0, 0, 0, 0, 0, 0, 0, 0, 0, 0, 0, 0, 0, 0, 0, 0, 0, 0, 0, 0, 0, 0, 0, 0, 0, 0]}