{"current_epoch": 100, "best_epoch": 100, "train_loss": [3.7995293140411377, 3.544938087463379, 3.132827043533325, 2.6747336387634277, 2.2761244773864746, 2.0090012550354004, 1.884602665901184, 1.8534934520721436, 1.8542327880859375, 1.8508422374725342, 1.8332864046096802, 1.804598093032837, 1.7701259851455688, 1.733762502670288, 1.698231816291809, 1.6656951904296875, 1.6377267837524414, 1.615096926689148, 1.5977392196655273, 1.5848537683486938, 1.5750170946121216, 1.5663485527038574, 1.556962251663208, 1.545570969581604, 1.53181791305542, 1.5161880254745483, 1.499668836593628, 1.483317255973816, 1.4677826166152954, 1.4529036283493042, 1.4378094673156738, 1.4217746257781982, 1.404834270477295, 1.3875964879989624, 1.3708038330078125, 1.3550212383270264, 1.3404927253723145, 1.3271576166152954, 1.3147566318511963, 1.3029841184616089, 1.2915985584259033, 1.2804665565490723, 1.2695573568344116, 1.2589037418365479, 1.2485592365264893, 1.238562822341919, 1.2289236783981323, 1.2196168899536133, 1.210597038269043, 1.2018117904663086, 1.1932222843170166, 1.1848084926605225, 1.1765742301940918, 1.1685410737991333, 1.1607370376586914, 1.1531825065612793, 1.1458804607391357, 1.1388137340545654, 1.1319459676742554, 1.125234842300415, 1.1186431646347046, 1.112147569656372, 1.1057384014129639, 1.0994144678115845, 1.0931785106658936, 1.0870307683944702, 1.080970287322998, 1.0749962329864502, 1.0691065788269043, 1.063289999961853, 1.0575249195098877, 1.051781415939331, 1.0460337400436401, 1.0402711629867554, 1.0345032215118408, 1.0287542343139648, 1.0230512619018555, 1.0174070596694946, 1.0118141174316406, 1.0062522888183594, 1.0007041692733765, 0.9951650500297546, 0.98964524269104, 0.9841591119766235, 0.9787140488624573, 0.9733045697212219, 0.9679186940193176, 0.9625492691993713, 0.9571994543075562, 0.9518768191337585, 0.9465875029563904, 0.941331148147583, 0.9361053705215454, 0.9309139251708984, 0.925764799118042, 0.9206621646881104, 0.9156053066253662, 0.9105819463729858, 0.9055857062339783, 0.9006159901618958], "val_loss": [], "train_metrics_score": {"MeanSquaredError": [2.0082381979591446e-08, 1.60694710871212e-08, 1.1512500286414706e-08, 7.778519162116027e-09, 5.559662064058557e-09, 4.658520236233699e-09, 4.418971411013217e-09, 4.541683029657406e-09, 4.591102165107941e-09, 4.864727287667847e-09, 5.401121327963665e-09, 6.202626412488144e-09, 7.469999729892152e-09, 9.155953328843225e-09, 1.1514568853954188e-08, 1.4401118519913325e-08, 1.7665326978999474e-08, 2.13254836012311e-08, 2.4804748477436078e-08, 2.7654840195623365e-08, 2.990404368574673e-08, 3.153049021875631e-08, 3.1822459334307496e-08, 3.124474901028407e-08, 2.9923931776920654e-08, 2.7888946263487924e-08, 2.5899778322013844e-08, 2.3942277493915753e-08, 2.1907204938997893e-08, 2.0766933062077442e-08, 1.9664234685023985e-08, 1.8789110711736612e-08, 1.8105930976730633e-08, 1.7644079974843407e-08, 1.7270680885417278e-08, 1.706142427337909e-08, 1.696877305334965e-08, 1.6787886636393523e-08, 1.7109053729313928e-08, 1.7253372064374162e-08, 1.7619939285395958e-08, 1.8087089159735115e-08, 1.8635445186987454e-08, 1.9097363690434577e-08, 1.9650574500928997e-08, 2.0205188633326543e-08, 2.0808419876061635e-08, 2.1039973319147975e-08, 2.1550114581714297e-08, 2.1670350847102782e-08, 2.1846487285870353e-08, 2.1764085644804254e-08, 2.172068214179035e-08, 2.1437182695649426e-08, 2.106560792469736e-08, 2.0754100660269614e-08, 2.045648272996914e-08, 2.0273756007327393e-08, 2.0106337927927598e-08, 1.9857591126992702e-08, 1.992415121776503e-08, 2.0008082302069852e-08, 2.0299900427289685e-08, 2.0608409201372524e-08, 2.1086439261353007e-08, 2.171798030303762e-08, 2.2608290350945026e-08, 2.318879488427683e-08, 2.3980341268270422e-08, 2.4683469490582866e-08, 2.5298787065253237e-08, 2.5629363520351944e-08, 2.5623878130431876e-08, 2.55982754993056e-08, 2.550145339341725e-08, 2.5179042850709266e-08, 2.477231575426231e-08, 2.4633243000948823e-08, 2.4368008055830614e-08, 2.4483583160872513e-08, 2.4766693584865607e-08, 2.4869068582233922e-08, 2.5353704913300135e-08, 2.5806667025563e-08, 2.615598582167422e-08, 2.6513621520507513e-08, 2.6646546302799834e-08, 2.6809688691287192e-08, 2.6737794200926146e-08, 2.688806688411205e-08, 2.6900552896336194e-08, 2.7116346501543376e-08, 2.7368763255708473e-08, 2.7868393814856063e-08, 2.827731293564284e-08, 2.863427184252032e-08, 2.8904041826649518e-08, 2.9090253761410167e-08, 2.9310553983918908e-08, 2.9447605243149155e-08], "R2Score": [1.0, 1.0, 1.0, 1.0, 1.0, 1.0, 1.0, 1.0, 1.0, 1.0, 1.0, 1.0, 1.0, 1.0, 1.0, 1.0, 1.0, 1.0, 1.0, 1.0, 0.9999999403953552, 0.9999999403953552, 0.9999999403953552, 0.9999999403953552, 0.9999999403953552, 1.0, 1.0, 1.0, 1.0, 1.0, 1.0, 1.0, 1.0, 1.0, 1.0, 1.0, 1.0, 1.0, 1.0, 1.0, 1.0, 1.0, 1.0, 1.0, 1.0, 1.0, 1.0, 1.0, 1.0, 1.0, 1.0, 1.0, 1.0, 1.0, 1.0, 1.0, 1.0, 1.0, 1.0, 1.0, 1.0, 1.0, 1.0, 1.0, 1.0, 1.0, 1.0, 1.0, 1.0, 1.0, 1.0, 1.0, 1.0, 1.0, 1.0, 1.0, 1.0, 1.0, 1.0, 1.0, 1.0, 1.0, 1.0, 1.0, 1.0, 1.0, 1.0, 1.0, 1.0, 1.0, 1.0, 1.0, 1.0, 1.0, 1.0, 1.0, 1.0, 1.0, 1.0, 1.0]}, "val_metrics_score": {"MeanSquaredError": [], "R2Score": []}, "early_stopping_criterion_evaluations": [0, 0, 0, 0, 0, 0, 0, 0, 0, 0, 0, 0, 0, 0, 0, 0, 0, 0, 0, 0, 0, 0, 0, 0, 0, 0, 0, 0, 0, 0, 0, 0, 0, 0, 0, 0, 0, 0, 0, 0, 0, 0, 0, 0, 0, 0, 0, 0, 0, 0, 0, 0, 0, 0, 0, 0, 0, 0, 0, 0, 0, 0, 0, 0, 0, 0, 0, 0, 0, 0, 0, 0, 0, 0, 0, 0, 0, 0, 0, 0, 0, 0, 0, 0, 0, 0, 0, 0, 0, 0, 0, 0, 0, 0, 0, 0, 0, 0, 0, 0]}