{"current_epoch": 100, "best_epoch": 100, "train_loss": [13.428740501403809, 5.856710910797119, 3.3109636306762695, 3.7748196125030518, 4.966958999633789, 5.469577789306641, 5.104516506195068, 4.261898994445801, 3.364151954650879, 2.673565149307251, 2.2666313648223877, 2.082871913909912, 2.0137951374053955, 1.9765304327011108, 1.9342269897460938, 1.8803610801696777, 1.819002628326416, 1.7544702291488647, 1.6892907619476318, 1.6250510215759277, 1.5628491640090942, 1.5032899379730225, 1.4465434551239014, 1.3926750421524048, 1.34197998046875, 1.2950161695480347, 1.2523715496063232, 1.214362621307373, 1.1808502674102783, 1.1513240337371826, 1.1251581907272339, 1.1017378568649292, 1.0804650783538818, 1.0607718229293823, 1.0421637296676636, 1.0242868661880493, 1.0069658756256104, 0.9901794195175171, 0.9739859104156494, 0.9584494233131409, 0.9435975551605225, 0.9294161796569824, 0.9158613681793213, 0.9028762578964233, 0.8903979659080505, 0.8783634901046753, 0.8667176961898804, 0.855418860912323, 0.8444425463676453, 0.8337690234184265, 0.8233757615089417, 0.813224196434021, 0.803252100944519, 0.7933908104896545, 0.7835806012153625, 0.7737849354743958, 0.763993501663208, 0.7542101144790649, 0.7444474697113037, 0.7347161769866943, 0.7250223755836487, 0.7153673768043518, 0.7057528495788574, 0.6961816549301147, 0.6866624355316162, 0.6772034168243408, 0.6678112745285034, 0.6584818959236145, 0.6492031812667847, 0.6399598121643066, 0.6307399272918701, 0.6215393543243408, 0.6123613715171814, 0.6032145619392395, 0.5941054821014404, 0.5850422978401184, 0.5760325789451599, 0.5670809149742126, 0.5581986904144287, 0.5493972301483154, 0.5406890511512756, 0.532082736492157, 0.5235850214958191, 0.5152025818824768, 0.5069371461868286, 0.4987982213497162, 0.4907916784286499, 0.4829238951206207, 0.4751967489719391, 0.4676104485988617, 0.46016812324523926, 0.45286694169044495, 0.4457104504108429, 0.43870049715042114, 0.43183434009552, 0.4251079261302948, 0.4185207486152649, 0.4120623469352722, 0.4057302474975586, 0.3995160758495331], "val_loss": [], "train_metrics_score": {"MeanSquaredError": [2.2752915640467108e-07, 1.0979161402246973e-07, 1.1905038377335586e-07, 1.529351862927797e-07, 1.599019014975056e-07, 1.376712077671982e-07, 1.0355105928283592e-07, 7.15686283569994e-08, 4.8942112584882125e-08, 3.5974530021576356e-08, 2.9170232451747324e-08, 2.5503423373152145e-08, 2.327786141620436e-08, 2.20682530027716e-08, 2.167885426729299e-08, 2.194977177794044e-08, 2.2599945026513524e-08, 2.3393379677827397e-08, 2.4180131674711447e-08, 2.4903124895558904e-08, 2.5662869163056712e-08, 2.643795227186274e-08, 2.7126677792921328e-08, 2.7661890555918944e-08, 2.795870912564169e-08, 2.8095346493728357e-08, 2.7979181638215778e-08, 2.7623471510196396e-08, 2.7354184695127515e-08, 2.7093197019212312e-08, 2.6905105698915577e-08, 2.69177711231805e-08, 2.7233836519258148e-08, 2.766945783605479e-08, 2.839954582611881e-08, 2.952759281527051e-08, 3.0801817985093294e-08, 3.242132962100186e-08, 3.434565698512415e-08, 3.651403801541164e-08, 3.889180888450028e-08, 4.1246359216984274e-08, 4.379712237323474e-08, 4.617815108076684e-08, 4.856795499108557e-08, 5.0664180406556625e-08, 5.270799974255169e-08, 5.4175583130700034e-08, 5.5298382761748144e-08, 5.6330399900161865e-08, 5.737390296189915e-08, 5.8145733561332236e-08, 5.870494845794383e-08, 5.977431527526278e-08, 6.062502677650627e-08, 6.159807952599294e-08, 6.287437059881995e-08, 6.395936225089827e-08, 6.525005602497913e-08, 6.622392589861192e-08, 6.729917600978297e-08, 6.778641647997574e-08, 6.84280720975039e-08, 6.89595012204336e-08, 6.91725503543239e-08, 6.937226970649135e-08, 6.952839015639256e-08, 6.970603294575994e-08, 6.995712453772285e-08, 7.100911858515246e-08, 7.174057969905334e-08, 7.268300805662875e-08, 7.387311029560806e-08, 7.55085807213618e-08, 7.677953561824324e-08, 7.817315861302632e-08, 7.976341009907628e-08, 8.110639271308173e-08, 8.268531814792368e-08, 8.445952204283458e-08, 8.566703257884001e-08, 8.736309808909937e-08, 8.88893367800847e-08, 9.117242427691963e-08, 9.324815408717768e-08, 9.547849799673713e-08, 9.747516571678716e-08, 1.0009237172425856e-07, 1.0194301580668252e-07, 1.0370223435529624e-07, 1.0562563090843469e-07, 1.0745650058652245e-07, 1.092502870392309e-07, 1.1109448649904152e-07, 1.1302294211645858e-07, 1.1448884862375053e-07, 1.1680247524736842e-07, 1.1882445249966622e-07, 1.2117702397063113e-07, 1.2268550619864982e-07], "R2Score": [0.9999997615814209, 0.9999998807907104, 0.9999998807907104, 0.9999998211860657, 0.9999998211860657, 0.9999998807907104, 0.9999998807907104, 0.9999999403953552, 0.9999999403953552, 0.9999999403953552, 1.0, 1.0, 1.0, 1.0, 1.0, 1.0, 1.0, 1.0, 1.0, 1.0, 1.0, 1.0, 1.0, 1.0, 1.0, 1.0, 1.0, 1.0, 1.0, 1.0, 1.0, 1.0, 1.0, 1.0, 1.0, 1.0, 0.9999999403953552, 0.9999999403953552, 0.9999999403953552, 0.9999999403953552, 0.9999999403953552, 0.9999999403953552, 0.9999999403953552, 0.9999999403953552, 0.9999999403953552, 0.9999999403953552, 0.9999999403953552, 0.9999999403953552, 0.9999999403953552, 0.9999999403953552, 0.9999999403953552, 0.9999999403953552, 0.9999999403953552, 0.9999999403953552, 0.9999999403953552, 0.9999999403953552, 0.9999999403953552, 0.9999999403953552, 0.9999999403953552, 0.9999999403953552, 0.9999999403953552, 0.9999999403953552, 0.9999999403953552, 0.9999999403953552, 0.9999999403953552, 0.9999999403953552, 0.9999999403953552, 0.9999999403953552, 0.9999999403953552, 0.9999999403953552, 0.9999999403953552, 0.9999999403953552, 0.9999999403953552, 0.9999999403953552, 0.9999999403953552, 0.9999999403953552, 0.9999999403953552, 0.9999999403953552, 0.9999999403953552, 0.9999999403953552, 0.9999999403953552, 0.9999999403953552, 0.9999999403953552, 0.9999998807907104, 0.9999998807907104, 0.9999998807907104, 0.9999998807907104, 0.9999998807907104, 0.9999998807907104, 0.9999998807907104, 0.9999998807907104, 0.9999998807907104, 0.9999998807907104, 0.9999998807907104, 0.9999998807907104, 0.9999998807907104, 0.9999998807907104, 0.9999998807907104, 0.9999998807907104, 0.9999998807907104]}, "val_metrics_score": {"MeanSquaredError": [], "R2Score": []}, "early_stopping_criterion_evaluations": [0, 0, 0, 0, 0, 0, 0, 0, 0, 0, 0, 0, 0, 0, 0, 0, 0, 0, 0, 0, 0, 0, 0, 0, 0, 0, 0, 0, 0, 0, 0, 0, 0, 0, 0, 0, 0, 0, 0, 0, 0, 0, 0, 0, 0, 0, 0, 0, 0, 0, 0, 0, 0, 0, 0, 0, 0, 0, 0, 0, 0, 0, 0, 0, 0, 0, 0, 0, 0, 0, 0, 0, 0, 0, 0, 0, 0, 0, 0, 0, 0, 0, 0, 0, 0, 0, 0, 0, 0, 0, 0, 0, 0, 0, 0, 0, 0, 0, 0, 0]}