{"current_epoch": 100, "best_epoch": 100, "train_loss": [3.749948740005493, 3.4895870685577393, 3.076922655105591, 2.6240129470825195, 2.2339394092559814, 1.9748971462249756, 1.8589787483215332, 1.8433585166931152, 1.869146704673767, 1.895481824874878, 1.9056717157363892, 1.899511456489563, 1.8827952146530151, 1.8612289428710938, 1.838940143585205, 1.8186440467834473, 1.8017470836639404, 1.7883212566375732, 1.7773356437683105, 1.7671895027160645, 1.7563347816467285, 1.7437821626663208, 1.729325532913208, 1.7134262323379517, 1.6968215703964233, 1.6801342964172363, 1.6638760566711426, 1.6484915018081665, 1.6339486837387085, 1.6196091175079346, 1.6047879457473755, 1.5892640352249146, 1.5733178853988647, 1.5575295686721802, 1.5425459146499634, 1.5288760662078857, 1.5167535543441772, 1.5060845613479614, 1.4964982271194458, 1.487498164176941, 1.478631615638733, 1.469600796699524, 1.4602810144424438, 1.450679898262024, 1.4408663511276245, 1.4309002161026, 1.4207791090011597, 1.4104244709014893, 1.3997302055358887, 1.3886828422546387, 1.3775405883789062, 1.3669885396957397, 1.3580228090286255, 1.3511688709259033, 1.3453054428100586, 1.3385058641433716, 1.3301478624343872, 1.3208504915237427, 1.3115818500518799, 1.3030891418457031, 1.2956337928771973, 1.2890139818191528, 1.2828140258789062, 1.2766692638397217, 1.2704051733016968, 1.2640368938446045, 1.257707118988037, 1.2516065835952759, 1.245897650718689, 1.2406561374664307, 1.235846757888794, 1.2313423156738281, 1.2269830703735352, 1.2226413488388062, 1.2182536125183105, 1.2138144969940186, 1.2093430757522583, 1.2048529386520386, 1.2003506422042847, 1.1958441734313965, 1.1913586854934692, 1.1869354248046875, 1.1826165914535522, 1.1784266233444214, 1.1743580102920532, 1.1703773736953735, 1.16644287109375, 1.162523627281189, 1.1586127281188965, 1.154731035232544, 1.150905966758728, 1.1471567153930664, 1.1434773206710815, 1.139841914176941, 1.1362191438674927, 1.132594108581543, 1.128972053527832, 1.1253743171691895, 1.121823787689209, 1.1183290481567383], "val_loss": [], "train_metrics_score": {"MeanSquaredError": [1.9527982786371467e-08, 1.5387909613195916e-08, 1.111634251316218e-08, 7.559298964565642e-09, 5.328348429145535e-09, 4.466240710598868e-09, 4.377239903874397e-09, 4.584710389110569e-09, 4.84075846074461e-09, 5.215580411999099e-09, 5.664023028373322e-09, 6.4869269955636355e-09, 7.612889874053508e-09, 9.0795513330022e-09, 1.1243493247548031e-08, 1.3813229671200133e-08, 1.673491212272893e-08, 1.974261465420568e-08, 2.2424980983259957e-08, 2.445649371907166e-08, 2.5284137450398703e-08, 2.508659235900268e-08, 2.376751062627136e-08, 2.1848249431855038e-08, 1.9412809137975273e-08, 1.7208485303399357e-08, 1.5199915992525348e-08, 1.3695850675787824e-08, 1.2331231147300059e-08, 1.1380794084914214e-08, 1.06701740776316e-08, 1.0110843717825446e-08, 9.63424362510068e-09, 9.357294494805046e-09, 9.1650322886494e-09, 9.101570164204986e-09, 9.108397591717221e-09, 9.322389082910831e-09, 9.547147072908047e-09, 9.822961999361723e-09, 1.0379533676996289e-08, 1.0779091397239426e-08, 1.1163947100101268e-08, 1.1711335012876134e-08, 1.2132717053248143e-08, 1.2563219797812053e-08, 1.2890061462655922e-08, 1.2906570923121308e-08, 1.2721670827886555e-08, 1.2376200508867896e-08, 1.1848767300648433e-08, 1.129926729959152e-08, 1.0812644113400438e-08, 1.058484500049417e-08, 1.0590608390259604e-08, 1.092959944770655e-08, 1.1407973232735458e-08, 1.2069685695337284e-08, 1.2776398605751638e-08, 1.33832713800075e-08, 1.3993503245046668e-08, 1.4286585248157735e-08, 1.4533376280212451e-08, 1.4484730748165475e-08, 1.4379800461483683e-08, 1.4163067163508458e-08, 1.3888007188711526e-08, 1.3582787339316837e-08, 1.367738011737174e-08, 1.3656416442131558e-08, 1.3879685845097356e-08, 1.4196325892612549e-08, 1.477248900982886e-08, 1.5366792283089126e-08, 1.610868771706464e-08, 1.686605877182501e-08, 1.7544738994956788e-08, 1.8042069171997355e-08, 1.832630047715611e-08, 1.863966581083787e-08, 1.8390384326494313e-08, 1.8308691451807135e-08, 1.7996342194237513e-08, 1.7807044727646826e-08, 1.7531954554783624e-08, 1.7336761359842967e-08, 1.7434185650699874e-08, 1.743970123868621e-08, 1.763738310955887e-08, 1.798065163427509e-08, 1.8453551575703386e-08, 1.8725058836821518e-08, 1.8914514399170912e-08, 1.90648314912778e-08, 1.910362890100714e-08, 1.9067488921109543e-08, 1.885018718894571e-08, 1.887009304368803e-08, 1.8653611988384e-08, 1.8627956066552542e-08], "R2Score": [1.0, 1.0, 1.0, 1.0, 1.0, 1.0, 1.0, 1.0, 1.0, 1.0, 1.0, 1.0, 1.0, 1.0, 1.0, 1.0, 1.0, 1.0, 1.0, 1.0, 1.0, 1.0, 1.0, 1.0, 1.0, 1.0, 1.0, 1.0, 1.0, 1.0, 1.0, 1.0, 1.0, 1.0, 1.0, 1.0, 1.0, 1.0, 1.0, 1.0, 1.0, 1.0, 1.0, 1.0, 1.0, 1.0, 1.0, 1.0, 1.0, 1.0, 1.0, 1.0, 1.0, 1.0, 1.0, 1.0, 1.0, 1.0, 1.0, 1.0, 1.0, 1.0, 1.0, 1.0, 1.0, 1.0, 1.0, 1.0, 1.0, 1.0, 1.0, 1.0, 1.0, 1.0, 1.0, 1.0, 1.0, 1.0, 1.0, 1.0, 1.0, 1.0, 1.0, 1.0, 1.0, 1.0, 1.0, 1.0, 1.0, 1.0, 1.0, 1.0, 1.0, 1.0, 1.0, 1.0, 1.0, 1.0, 1.0, 1.0]}, "val_metrics_score": {"MeanSquaredError": [], "R2Score": []}, "early_stopping_criterion_evaluations": [0, 0, 0, 0, 0, 0, 0, 0, 0, 0, 0, 0, 0, 0, 0, 0, 0, 0, 0, 0, 0, 0, 0, 0, 0, 0, 0, 0, 0, 0, 0, 0, 0, 0, 0, 0, 0, 0, 0, 0, 0, 0, 0, 0, 0, 0, 0, 0, 0, 0, 0, 0, 0, 0, 0, 0, 0, 0, 0, 0, 0, 0, 0, 0, 0, 0, 0, 0, 0, 0, 0, 0, 0, 0, 0, 0, 0, 0, 0, 0, 0, 0, 0, 0, 0, 0, 0, 0, 0, 0, 0, 0, 0, 0, 0, 0, 0, 0, 0, 0]}