{"current_epoch": 100, "best_epoch": 100, "train_loss": [12.994830131530762, 5.343925952911377, 2.7361385822296143, 3.1828627586364746, 4.431042194366455, 5.0245466232299805, 4.730421543121338, 3.9224748611450195, 3.035214424133301, 2.3533225059509277, 1.9729269742965698, 1.839025855064392, 1.8349640369415283, 1.8646236658096313, 1.877884864807129, 1.861161470413208, 1.8188791275024414, 1.7596133947372437, 1.6904025077819824, 1.6163116693496704, 1.541408896446228, 1.4691400527954102, 1.4020495414733887, 1.341363787651062, 1.286900281906128, 1.237615942955017, 1.1924806833267212, 1.1509146690368652, 1.11268949508667, 1.0776835680007935, 1.0457299947738647, 1.016593337059021, 0.9899951219558716, 0.9656394720077515, 0.9431988596916199, 0.9222962856292725, 0.9026037454605103, 0.8839688301086426, 0.8663818836212158, 0.8498495221138, 0.8343034386634827, 0.8195939064025879, 0.8055611252784729, 0.7921444773674011, 0.7794778347015381, 0.7678971886634827, 0.7577574253082275, 0.7488834857940674, 0.7401941418647766, 0.7308347225189209, 0.7208737134933472, 0.7107614874839783, 0.7009130716323853, 0.6915642023086548, 0.6827629208564758, 0.6744499206542969, 0.6665614247322083, 0.6590334177017212, 0.6517516374588013, 0.644539475440979, 0.6372435092926025, 0.629827618598938, 0.6223940849304199, 0.6151170134544373, 0.6081483960151672, 0.6015434265136719, 0.5952374935150146, 0.5890889167785645, 0.5829619765281677, 0.5767883062362671, 0.570583701133728, 0.5644136667251587, 0.5583444237709045, 0.552415132522583, 0.5466307997703552, 0.5409748554229736, 0.5354164242744446, 0.5299192667007446, 0.5244548320770264, 0.5190104842185974, 0.5135989785194397, 0.5082550048828125, 0.5030158758163452, 0.49789971113204956, 0.49289169907569885, 0.48795580863952637, 0.4830615222454071, 0.4782000780105591, 0.4733829200267792, 0.46861809492111206, 0.4639098644256592, 0.4592621922492981, 0.45467838644981384, 0.45015570521354675, 0.44568079710006714, 0.4412389397621155, 0.4368220567703247, 0.43243691325187683, 0.4280925691127777, 0.42379075288772583], "val_loss": [], "train_metrics_score": {"MeanSquaredError": [2.054427170605777e-07, 8.610910384732051e-08, 9.68574909165909e-08, 1.3484078920100728e-07, 1.460537504271997e-07, 1.267243021629838e-07, 9.469392381333819e-08, 6.322260759361598e-08, 4.179046442231993e-08, 3.0432833142413074e-08, 2.582646096982444e-08, 2.4240735641001265e-08, 2.3363528001141276e-08, 2.2637500762812124e-08, 2.2232255147969227e-08, 2.183773162300895e-08, 2.1684293471935234e-08, 2.1572976294237378e-08, 2.1562595264867923e-08, 2.1558385299158545e-08, 2.171854696086939e-08, 2.19782094745824e-08, 2.2329619042693594e-08, 2.2615701311679004e-08, 2.284907552052573e-08, 2.2844460545456968e-08, 2.2729395254827978e-08, 2.253296038645658e-08, 2.2169228230950466e-08, 2.184012615202846e-08, 2.1592150289961864e-08, 2.1511590730938224e-08, 2.165791634922698e-08, 2.210805938318572e-08, 2.296473411433908e-08, 2.424208567219921e-08, 2.58455887802711e-08, 2.7923290346620888e-08, 3.015469474121346e-08, 3.257691005842389e-08, 3.509930124323546e-08, 3.7287541942987446e-08, 3.934940195904346e-08, 4.119370089483709e-08, 4.2731564064979466e-08, 4.36591740538006e-08, 4.469294268005797e-08, 4.6471324566255134e-08, 4.896439875778924e-08, 5.204150355098136e-08, 5.513527767675441e-08, 5.8032085803461086e-08, 6.064988156140316e-08, 6.220329851203132e-08, 6.305455713118135e-08, 6.264343710427056e-08, 6.169832289515398e-08, 6.06206143061172e-08, 5.97769087562483e-08, 5.943597969348957e-08, 5.961795324083141e-08, 6.070985136830132e-08, 6.21630817931873e-08, 6.465030111257875e-08, 6.686282461032533e-08, 6.893149873121729e-08, 7.077882457906526e-08, 7.175007965543045e-08, 7.215696484763612e-08, 7.192523554522268e-08, 7.149367320380406e-08, 7.077342445427348e-08, 7.049362693578587e-08, 7.054465811506816e-08, 7.09911134322283e-08, 7.194098827767448e-08, 7.32870759634352e-08, 7.488150544077143e-08, 7.635836141162144e-08, 7.77093376314042e-08, 7.890747610872495e-08, 8.037643794978067e-08, 8.146590602109427e-08, 8.299054599092415e-08, 8.43701783992401e-08, 8.600847678508217e-08, 8.758588876389695e-08, 8.899435499643005e-08, 9.022515712331369e-08, 9.118289767684473e-08, 9.167474956939259e-08, 9.1835026694298e-08, 9.222146246656848e-08, 9.25435230669791e-08, 9.343820295271144e-08, 9.445908943916947e-08, 9.581239623912552e-08, 9.760577057704722e-08, 9.951126855867187e-08, 1.0068410460917221e-07], "R2Score": [0.9999998211860657, 0.9999999403953552, 0.9999998807907104, 0.9999998807907104, 0.9999998807907104, 0.9999998807907104, 0.9999998807907104, 0.9999999403953552, 0.9999999403953552, 0.9999999403953552, 1.0, 1.0, 1.0, 1.0, 1.0, 1.0, 1.0, 1.0, 1.0, 1.0, 1.0, 1.0, 1.0, 1.0, 1.0, 1.0, 1.0, 1.0, 1.0, 1.0, 1.0, 1.0, 1.0, 1.0, 1.0, 1.0, 1.0, 1.0, 0.9999999403953552, 0.9999999403953552, 0.9999999403953552, 0.9999999403953552, 0.9999999403953552, 0.9999999403953552, 0.9999999403953552, 0.9999999403953552, 0.9999999403953552, 0.9999999403953552, 0.9999999403953552, 0.9999999403953552, 0.9999999403953552, 0.9999999403953552, 0.9999999403953552, 0.9999999403953552, 0.9999999403953552, 0.9999999403953552, 0.9999999403953552, 0.9999999403953552, 0.9999999403953552, 0.9999999403953552, 0.9999999403953552, 0.9999999403953552, 0.9999999403953552, 0.9999999403953552, 0.9999999403953552, 0.9999999403953552, 0.9999999403953552, 0.9999999403953552, 0.9999999403953552, 0.9999999403953552, 0.9999999403953552, 0.9999999403953552, 0.9999999403953552, 0.9999999403953552, 0.9999999403953552, 0.9999999403953552, 0.9999999403953552, 0.9999999403953552, 0.9999999403953552, 0.9999999403953552, 0.9999999403953552, 0.9999999403953552, 0.9999999403953552, 0.9999999403953552, 0.9999999403953552, 0.9999999403953552, 0.9999999403953552, 0.9999999403953552, 0.9999998807907104, 0.9999998807907104, 0.9999998807907104, 0.9999998807907104, 0.9999998807907104, 0.9999998807907104, 0.9999998807907104, 0.9999998807907104, 0.9999998807907104, 0.9999998807907104, 0.9999998807907104, 0.9999998807907104]}, "val_metrics_score": {"MeanSquaredError": [], "R2Score": []}, "early_stopping_criterion_evaluations": [0, 0, 0, 0, 0, 0, 0, 0, 0, 0, 0, 0, 0, 0, 0, 0, 0, 0, 0, 0, 0, 0, 0, 0, 0, 0, 0, 0, 0, 0, 0, 0, 0, 0, 0, 0, 0, 0, 0, 0, 0, 0, 0, 0, 0, 0, 0, 0, 0, 0, 0, 0, 0, 0, 0, 0, 0, 0, 0, 0, 0, 0, 0, 0, 0, 0, 0, 0, 0, 0, 0, 0, 0, 0, 0, 0, 0, 0, 0, 0, 0, 0, 0, 0, 0, 0, 0, 0, 0, 0, 0, 0, 0, 0, 0, 0, 0, 0, 0, 0]}