{"current_epoch": 100, "best_epoch": 100, "train_loss": [3.8591113090515137, 3.606581211090088, 3.198504686355591, 2.7476258277893066, 2.360044002532959, 2.1045501232147217, 1.9868459701538086, 1.9572540521621704, 1.9570508003234863, 1.9491969347000122, 1.9193633794784546, 1.8664453029632568, 1.7948800325393677, 1.7113054990768433, 1.623043179512024, 1.5365344285964966, 1.4559811353683472, 1.3826223611831665, 1.3151508569717407, 1.252184510231018, 1.1930583715438843, 1.1373679637908936, 1.0847718715667725, 1.0349727869033813, 0.9877479672431946, 0.9429853558540344, 0.9007058143615723, 0.8610532879829407, 0.8242437839508057, 0.7904773950576782, 0.7598511576652527, 0.7322973012924194, 0.7075570821762085, 0.6852095127105713, 0.664726197719574, 0.6455590128898621, 0.6272271871566772, 0.6093844771385193, 0.5918574929237366, 0.5746419429779053, 0.5578625202178955, 0.541709840297699, 0.5263667106628418, 0.5119512677192688, 0.49847498536109924, 0.4858398735523224, 0.47387534379959106, 0.46239176392555237, 0.4512220025062561, 0.4402724504470825, 0.42952001094818115, 0.4190032184123993, 0.40878379344940186, 0.39892905950546265, 0.3894788324832916, 0.3804382383823395, 0.3717769682407379, 0.363444060087204, 0.3553752899169922, 0.34751731157302856, 0.3398268222808838, 0.3322888910770416, 0.32489556074142456, 0.3176656663417816, 0.3106217086315155, 0.30377528071403503, 0.2971368432044983, 0.29070183634757996, 0.2844539284706116, 0.27837738394737244, 0.27244865894317627, 0.2666519284248352, 0.26097771525382996, 0.25542548298835754, 0.24999336898326874, 0.24469619989395142, 0.23953163623809814, 0.2345043122768402, 0.22960670292377472, 0.2248310148715973, 0.22017234563827515, 0.21561942994594574, 0.2111649364233017, 0.20680518448352814, 0.20254112780094147, 0.198363795876503, 0.1942891627550125, 0.19030067324638367, 0.18640831112861633, 0.1826087236404419, 0.17889472842216492, 0.17526406049728394, 0.17171554267406464, 0.16823822259902954, 0.16483467817306519, 0.1615055799484253, 0.15824440121650696, 0.15505462884902954, 0.15193015336990356, 0.14887046813964844], "val_loss": [], "train_metrics_score": {"MeanSquaredError": [2.0702097813796172e-08, 1.649233816181095e-08, 1.2007300043137548e-08, 8.688935793088604e-09, 6.569969901448758e-09, 5.549736670218408e-09, 5.326100893654484e-09, 5.300025751608928e-09, 5.3198032645696e-09, 5.167782646253727e-09, 5.012771975287933e-09, 4.837487299624854e-09, 4.699919120554341e-09, 4.616885096453416e-09, 4.672306541664284e-09, 4.823326626990365e-09, 5.0905599735528995e-09, 5.4158579843033294e-09, 5.894559063079896e-09, 6.402818719664083e-09, 7.05984959381567e-09, 7.852051453483e-09, 8.865614908870612e-09, 1.0103526904003957e-08, 1.1758640283687782e-08, 1.389904369375472e-08, 1.6610350428436504e-08, 1.9839166753854443e-08, 2.3793111481040796e-08, 2.8821624198371865e-08, 3.4378430768811086e-08, 4.093363159540786e-08, 4.8156483245520576e-08, 5.5802715337449627e-08, 6.36685300037243e-08, 7.106039134896491e-08, 7.78219870767316e-08, 8.409560336986033e-08, 8.963719722032693e-08, 9.335187911574394e-08, 9.701407321927036e-08, 9.89244668403444e-08, 1.005145264798557e-07, 1.0283476825634352e-07, 1.0415870121960324e-07, 1.0644424008887654e-07, 1.0869205624430833e-07, 1.1171154312705767e-07, 1.1489996154523396e-07, 1.1913166275689946e-07, 1.2363666712644772e-07, 1.303731949064968e-07, 1.3529781028864818e-07, 1.4169498285809823e-07, 1.4793749869568273e-07, 1.5524045693382504e-07, 1.6237362387983012e-07, 1.6863127427768632e-07, 1.7239727867490728e-07, 1.7783953865091462e-07, 1.830119629175897e-07, 1.8650871425052173e-07, 1.885493503550606e-07, 1.9103708837064914e-07, 1.9227860548198805e-07, 1.9457118582977273e-07, 1.9554033769964008e-07, 1.9779045601353573e-07, 1.995641270013948e-07, 2.028434096246201e-07, 2.0446879034352605e-07, 2.0999344485517213e-07, 2.1181584486384963e-07, 2.1712850184485433e-07, 2.217155383732461e-07, 2.2697636836710444e-07, 2.327724786255203e-07, 2.380359660492104e-07, 2.428504615181737e-07, 2.4676435828041576e-07, 2.506052112494217e-07, 2.545854158597649e-07, 2.573724202648009e-07, 2.5850442852970446e-07, 2.6101417915924685e-07, 2.6232336836073955e-07, 2.6229065497318516e-07, 2.6356946136729675e-07, 2.6383156637166394e-07, 2.6483292003831593e-07, 2.667299554559577e-07, 2.672796597380511e-07, 2.696804699553468e-07, 2.7055020268562657e-07, 2.7133503976983775e-07, 2.7506547439770657e-07, 2.769662330592837e-07, 2.8033548460371094e-07, 2.839217358996393e-07, 2.8489219516814046e-07], "R2Score": [1.0, 1.0, 1.0, 1.0, 1.0, 1.0, 1.0, 1.0, 1.0, 1.0, 1.0, 1.0, 1.0, 1.0, 1.0, 1.0, 1.0, 1.0, 1.0, 1.0, 1.0, 1.0, 1.0, 1.0, 1.0, 1.0, 1.0, 1.0, 1.0, 1.0, 0.9999999403953552, 0.9999999403953552, 0.9999999403953552, 0.9999999403953552, 0.9999999403953552, 0.9999999403953552, 0.9999999403953552, 0.9999999403953552, 0.9999998807907104, 0.9999998807907104, 0.9999998807907104, 0.9999998807907104, 0.9999998807907104, 0.9999998807907104, 0.9999998807907104, 0.9999998807907104, 0.9999998807907104, 0.9999998807907104, 0.9999998807907104, 0.9999998807907104, 0.9999998807907104, 0.9999998807907104, 0.9999998807907104, 0.9999998807907104, 0.9999998807907104, 0.9999998211860657, 0.9999998211860657, 0.9999998211860657, 0.9999998211860657, 0.9999998211860657, 0.9999998211860657, 0.9999998211860657, 0.9999998211860657, 0.9999998211860657, 0.9999998211860657, 0.9999998211860657, 0.9999998211860657, 0.9999998211860657, 0.9999998211860657, 0.9999998211860657, 0.9999998211860657, 0.9999997615814209, 0.9999997615814209, 0.9999997615814209, 0.9999997615814209, 0.9999997615814209, 0.9999997615814209, 0.9999997615814209, 0.9999997615814209, 0.9999997615814209, 0.9999997615814209, 0.9999997615814209, 0.9999997615814209, 0.9999997615814209, 0.9999997615814209, 0.9999997615814209, 0.9999997615814209, 0.9999997615814209, 0.9999997615814209, 0.9999997615814209, 0.9999997615814209, 0.9999997615814209, 0.9999997019767761, 0.9999997019767761, 0.9999997019767761, 0.9999997019767761, 0.9999997019767761, 0.9999997019767761, 0.9999997019767761, 0.9999997019767761]}, "val_metrics_score": {"MeanSquaredError": [], "R2Score": []}, "early_stopping_criterion_evaluations": [0, 0, 0, 0, 0, 0, 0, 0, 0, 0, 0, 0, 0, 0, 0, 0, 0, 0, 0, 0, 0, 0, 0, 0, 0, 0, 0, 0, 0, 0, 0, 0, 0, 0, 0, 0, 0, 0, 0, 0, 0, 0, 0, 0, 0, 0, 0, 0, 0, 0, 0, 0, 0, 0, 0, 0, 0, 0, 0, 0, 0, 0, 0, 0, 0, 0, 0, 0, 0, 0, 0, 0, 0, 0, 0, 0, 0, 0, 0, 0, 0, 0, 0, 0, 0, 0, 0, 0, 0, 0, 0, 0, 0, 0, 0, 0, 0, 0, 0, 0]}