{"current_epoch": 100, "best_epoch": 100, "train_loss": [7.018117904663086, 5.035576820373535, 2.9884438514709473, 2.1537773609161377, 2.594207763671875, 3.521482229232788, 4.066166877746582, 3.885488271713257, 3.198867082595825, 2.4410958290100098, 1.9443392753601074, 1.8157931566238403, 1.9686678647994995, 2.222421884536743, 2.4081170558929443, 2.4363317489624023, 2.310544967651367, 2.097581148147583, 1.882265567779541, 1.7300556898117065, 1.668583631515503, 1.6878676414489746, 1.7531625032424927, 1.8227633237838745, 1.8637863397598267, 1.8612110614776611, 1.8187813758850098, 1.7533938884735107, 1.6864635944366455, 1.635837435722351, 1.6107128858566284, 1.6104464530944824, 1.6267443895339966, 1.6478363275527954, 1.662925124168396, 1.665460228919983, 1.6544109582901, 1.633522391319275, 1.6091729402542114, 1.5877981185913086, 1.5737799406051636, 1.5683929920196533, 1.5699453353881836, 1.5748586654663086, 1.5791670083999634, 1.5798842906951904, 1.5758126974105835, 1.5676220655441284, 1.5572924613952637, 1.547217607498169, 1.5393215417861938, 1.5344842672348022, 1.532416820526123, 1.5319550037384033, 1.5316078662872314, 1.5301250219345093, 1.5268908739089966, 1.5220341682434082, 1.5162543058395386, 1.5104767084121704, 1.5054805278778076, 1.501641869544983, 1.4988620281219482, 1.4966788291931152, 1.4944965839385986, 1.4918283224105835, 1.488458514213562, 1.4844818115234375, 1.480212688446045, 1.4760313034057617, 1.4722247123718262, 1.4688880443572998, 1.4659202098846436, 1.4630926847457886, 1.460160732269287, 1.4569658041000366, 1.4534841775894165, 1.449815273284912, 1.4461215734481812, 1.442549705505371, 1.439171552658081, 1.4359655380249023, 1.43284010887146, 1.4296832084655762, 1.4264167547225952, 1.4230226278305054, 1.4195431470870972, 1.4160517454147339, 1.4126155376434326, 1.409265160560608, 1.4059863090515137, 1.4027338027954102, 1.3994561433792114, 1.396124005317688, 1.3927377462387085, 1.38932466506958, 1.3859210014343262, 1.382553219795227, 1.379225730895996, 1.3759227991104126], "val_loss": [], "train_metrics_score": {"MeanSquaredError": [9.07776822600681e-08, 4.468274994451349e-08, 2.6101597327965465e-08, 3.223751221526072e-08, 4.912804385526215e-08, 5.49974075170212e-08, 4.901851013983105e-08, 3.482156785139523e-08, 2.1384966686355256e-08, 1.2758281542346595e-08, 1.0227979352350758e-08, 1.1390563159352496e-08, 1.4340097109766248e-08, 1.5787142260137443e-08, 1.561791584947514e-08, 1.340640309877017e-08, 1.0347563694779183e-08, 7.560393200378712e-09, 5.675039993491282e-09, 4.725728253163197e-09, 4.675941411846907e-09, 5.3138613509418064e-09, 5.79183101478975e-09, 6.388162887560611e-09, 6.113438644206326e-09, 5.4417172989928986e-09, 4.710545731256843e-09, 3.861318820241877e-09, 3.316056984559168e-09, 3.0434523790034973e-09, 3.0442899312532745e-09, 3.1943747647034115e-09, 3.2875739908178048e-09, 3.4157476846985446e-09, 3.4514906488425368e-09, 3.325052455593891e-09, 3.1086029306237606e-09, 2.826508582742804e-09, 2.7109987588147533e-09, 2.5141733139832922e-09, 2.748493654891604e-09, 2.459314529801304e-09, 2.5040103324158736e-09, 2.5517130630703377e-09, 2.7517119693953873e-09, 2.6472921632603175e-09, 2.4686928057349178e-09, 2.4476194404599028e-09, 2.335895477045824e-09, 2.340690308244575e-09, 2.2522070874941846e-09, 2.392282816288116e-09, 2.379600516633218e-09, 2.302992463398823e-09, 2.483237171446717e-09, 2.358766737486917e-09, 2.3532826798344786e-09, 2.2986785808143395e-09, 2.3816755234662423e-09, 2.389231701371841e-09, 2.239535223935718e-09, 2.276090427244526e-09, 2.285624356446192e-09, 2.361959738905739e-09, 2.4115029972904267e-09, 2.3345940736163584e-09, 2.419401790021425e-09, 2.4159643174925804e-09, 2.318589320537967e-09, 2.4726325431601026e-09, 2.3721025144141095e-09, 2.3575621455051987e-09, 2.4492905481565685e-09, 2.413337973905527e-09, 2.4130670794875186e-09, 2.546608479647716e-09, 2.422321454531584e-09, 2.582518421334612e-09, 2.5263791059160212e-09, 2.499805917821618e-09, 2.5505020317950766e-09, 2.5191433383753292e-09, 2.5759925303958653e-09, 2.5851414342525914e-09, 2.6559112686896924e-09, 2.7619964093617e-09, 2.7414430725514194e-09, 2.6644348949389496e-09, 2.713523183928146e-09, 2.83852985560884e-09, 2.8642321847627272e-09, 2.829928957837069e-09, 2.8570996679633254e-09, 2.9422466685247173e-09, 3.060889319783655e-09, 3.057753383828299e-09, 3.1963003355173214e-09, 3.0755484825562007e-09, 3.1116365040162464e-09, 3.1221176755025226e-09], "R2Score": [0.9999998807907104, 0.9999999403953552, 1.0, 0.9999999403953552, 0.9999999403953552, 0.9999999403953552, 0.9999999403953552, 0.9999999403953552, 1.0, 1.0, 1.0, 1.0, 1.0, 1.0, 1.0, 1.0, 1.0, 1.0, 1.0, 1.0, 1.0, 1.0, 1.0, 1.0, 1.0, 1.0, 1.0, 1.0, 1.0, 1.0, 1.0, 1.0, 1.0, 1.0, 1.0, 1.0, 1.0, 1.0, 1.0, 1.0, 1.0, 1.0, 1.0, 1.0, 1.0, 1.0, 1.0, 1.0, 1.0, 1.0, 1.0, 1.0, 1.0, 1.0, 1.0, 1.0, 1.0, 1.0, 1.0, 1.0, 1.0, 1.0, 1.0, 1.0, 1.0, 1.0, 1.0, 1.0, 1.0, 1.0, 1.0, 1.0, 1.0, 1.0, 1.0, 1.0, 1.0, 1.0, 1.0, 1.0, 1.0, 1.0, 1.0, 1.0, 1.0, 1.0, 1.0, 1.0, 1.0, 1.0, 1.0, 1.0, 1.0, 1.0, 1.0, 1.0, 1.0, 1.0, 1.0, 1.0]}, "val_metrics_score": {"MeanSquaredError": [], "R2Score": []}, "early_stopping_criterion_evaluations": [0, 0, 0, 0, 0, 0, 0, 0, 0, 0, 0, 0, 0, 0, 0, 0, 0, 0, 0, 0, 0, 0, 0, 0, 0, 0, 0, 0, 0, 0, 0, 0, 0, 0, 0, 0, 0, 0, 0, 0, 0, 0, 0, 0, 0, 0, 0, 0, 0, 0, 0, 0, 0, 0, 0, 0, 0, 0, 0, 0, 0, 0, 0, 0, 0, 0, 0, 0, 0, 0, 0, 0, 0, 0, 0, 0, 0, 0, 0, 0, 0, 0, 0, 0, 0, 0, 0, 0, 0, 0, 0, 0, 0, 0, 0, 0, 0, 0, 0, 0]}