{"current_epoch": 100, "best_epoch": 100, "train_loss": [7.03682804107666, 5.1109185218811035, 3.085805892944336, 2.2467947006225586, 2.6710205078125, 3.5777642726898193, 4.102537155151367, 3.9084720611572266, 3.21859073638916, 2.4663643836975098, 1.9788891077041626, 1.8572628498077393, 2.01023006439209, 2.256289482116699, 2.4292616844177246, 2.4444503784179688, 2.3095006942749023, 2.0931224822998047, 1.8794903755187988, 1.7317181825637817, 1.6746184825897217, 1.6959795951843262, 1.760062575340271, 1.825520634651184, 1.860811471939087, 1.85260009765625, 1.806004285812378, 1.7385808229446411, 1.6716015338897705, 1.6221636533737183, 1.5984585285186768, 1.5989429950714111, 1.6147936582565308, 1.6341875791549683, 1.6466931104660034, 1.6463558673858643, 1.6327487230300903, 1.6100287437438965, 1.584694504737854, 1.563014268875122, 1.5490128993988037, 1.5435594320297241, 1.544643521308899, 1.5485419034957886, 1.5513421297073364, 1.550266146659851, 1.5443885326385498, 1.5346169471740723, 1.5230635404586792, 1.5121151208877563, 1.5035711526870728, 1.4981242418289185, 1.495306134223938, 1.4938404560089111, 1.4922207593917847, 1.4892719984054565, 1.4845103025436401, 1.478196620941162, 1.4711182117462158, 1.464216709136963, 1.458219051361084, 1.4534027576446533, 1.4495669603347778, 1.446181058883667, 1.4426367282867432, 1.4384878873825073, 1.4335947036743164, 1.428126573562622, 1.4224472045898438, 1.41693913936615, 1.4118496179580688, 1.4072129726409912, 1.4028674364089966, 1.398552417755127, 1.394028902053833, 1.3891749382019043, 1.384016990661621, 1.378695011138916, 1.3733865022659302, 1.3682208061218262, 1.363232135772705, 1.3583564758300781, 1.3534756898880005, 1.3484768867492676, 1.3433035612106323, 1.3379713296890259, 1.3325496912002563, 1.3271212577819824, 1.321739673614502, 1.3164068460464478, 1.3110805749893188, 1.3057000637054443, 1.3002187013626099, 1.294624924659729, 1.288942575454712, 1.2832125425338745, 1.2774688005447388, 1.2717210054397583, 1.2659518718719482, 1.2601295709609985], "val_loss": [], "train_metrics_score": {"MeanSquaredError": [9.44320532880738e-08, 4.647165496862726e-08, 2.711120572485015e-08, 3.397897785362147e-08, 4.9466681417698055e-08, 5.590450768977462e-08, 4.93630061271233e-08, 3.531198444761685e-08, 2.1948153516859747e-08, 1.3263945497499208e-08, 1.0559506158358545e-08, 1.2069436117201349e-08, 1.4754641952663405e-08, 1.6104227285040906e-08, 1.582453279524998e-08, 1.3303858459323692e-08, 1.0300672315111115e-08, 7.545866154146097e-09, 5.507030387263967e-09, 4.753212046182398e-09, 4.75338435279582e-09, 5.297439820139971e-09, 5.758848065084976e-09, 6.083918258070753e-09, 5.910568035005781e-09, 5.227777322147631e-09, 4.473492243306509e-09, 3.8475960195683e-09, 3.1952240853172498e-09, 2.9499047649039767e-09, 2.849974478635886e-09, 3.0062756728455042e-09, 3.1558082813631927e-09, 3.3396825305231914e-09, 3.268333381711841e-09, 3.0632214542691827e-09, 2.8675639640596273e-09, 2.6079980397497593e-09, 2.431435719429942e-09, 2.2956492262693473e-09, 2.234766816044953e-09, 2.223411232904482e-09, 2.2665043175607025e-09, 2.3655588599069688e-09, 2.3270378957107596e-09, 2.3581911978709513e-09, 2.1956991780314183e-09, 2.1574790842748826e-09, 2.0272274969812543e-09, 2.016071531940611e-09, 1.952263906090934e-09, 1.9780401760982613e-09, 1.968367913107727e-09, 2.000213994435285e-09, 2.0162438385540327e-09, 1.962416895651131e-09, 1.9651875682313857e-09, 1.9007959650707562e-09, 1.881642397449923e-09, 1.885033684700943e-09, 1.857792475412623e-09, 1.8782264632477563e-09, 1.8566258530583468e-09, 1.879870925591831e-09, 1.872739074926244e-09, 1.8814865221372656e-09, 1.882797029395533e-09, 1.839817076465522e-09, 1.8604927598531162e-09, 1.8946877400338735e-09, 1.8385041267166002e-09, 1.867612064998525e-09, 1.840234520322781e-09, 1.867212162665055e-09, 1.86909332455798e-09, 1.8471076890236304e-09, 1.866862664456903e-09, 1.9039017029598426e-09, 1.9042167842542312e-09, 1.8806687318573267e-09, 1.916992342643198e-09, 1.9089694269780466e-09, 1.911280911315316e-09, 1.9362393910427045e-09, 1.9512107485297747e-09, 1.9624282199259824e-09, 1.9647503624042884e-09, 1.9845283194541707e-09, 2.009278965431349e-09, 2.013565092440217e-09, 2.044557856351048e-09, 2.093561546345768e-09, 2.072005456099646e-09, 2.0862234162422055e-09, 2.109614927192638e-09, 2.124583842189054e-09, 2.1361028501587498e-09, 2.201339777130329e-09, 2.216741457061744e-09, 2.2446018377308974e-09], "R2Score": [0.9999998807907104, 0.9999999403953552, 1.0, 0.9999999403953552, 0.9999999403953552, 0.9999999403953552, 0.9999999403953552, 0.9999999403953552, 1.0, 1.0, 1.0, 1.0, 1.0, 1.0, 1.0, 1.0, 1.0, 1.0, 1.0, 1.0, 1.0, 1.0, 1.0, 1.0, 1.0, 1.0, 1.0, 1.0, 1.0, 1.0, 1.0, 1.0, 1.0, 1.0, 1.0, 1.0, 1.0, 1.0, 1.0, 1.0, 1.0, 1.0, 1.0, 1.0, 1.0, 1.0, 1.0, 1.0, 1.0, 1.0, 1.0, 1.0, 1.0, 1.0, 1.0, 1.0, 1.0, 1.0, 1.0, 1.0, 1.0, 1.0, 1.0, 1.0, 1.0, 1.0, 1.0, 1.0, 1.0, 1.0, 1.0, 1.0, 1.0, 1.0, 1.0, 1.0, 1.0, 1.0, 1.0, 1.0, 1.0, 1.0, 1.0, 1.0, 1.0, 1.0, 1.0, 1.0, 1.0, 1.0, 1.0, 1.0, 1.0, 1.0, 1.0, 1.0, 1.0, 1.0, 1.0, 1.0]}, "val_metrics_score": {"MeanSquaredError": [], "R2Score": []}, "early_stopping_criterion_evaluations": [0, 0, 0, 0, 0, 0, 0, 0, 0, 0, 0, 0, 0, 0, 0, 0, 0, 0, 0, 0, 0, 0, 0, 0, 0, 0, 0, 0, 0, 0, 0, 0, 0, 0, 0, 0, 0, 0, 0, 0, 0, 0, 0, 0, 0, 0, 0, 0, 0, 0, 0, 0, 0, 0, 0, 0, 0, 0, 0, 0, 0, 0, 0, 0, 0, 0, 0, 0, 0, 0, 0, 0, 0, 0, 0, 0, 0, 0, 0, 0, 0, 0, 0, 0, 0, 0, 0, 0, 0, 0, 0, 0, 0, 0, 0, 0, 0, 0, 0, 0]}