{"current_epoch": 100, "best_epoch": 100, "train_loss": [13.904385566711426, 6.290926456451416, 3.7086336612701416, 4.135009288787842, 5.2884521484375, 5.763551235198975, 5.382879257202148, 4.530736446380615, 3.6252591609954834, 2.9309167861938477, 2.5314013957977295, 2.3704278469085693, 2.3373403549194336, 2.341155767440796, 2.331526279449463, 2.2931830883026123, 2.2308106422424316, 2.155402421951294, 2.0758121013641357, 1.9963418245315552, 1.918084979057312, 1.840421199798584, 1.7619973421096802, 1.682173728942871, 1.6017234325408936, 1.5223388671875, 1.445613980293274, 1.3719253540039062, 1.3002642393112183, 1.229569673538208, 1.1596883535385132, 1.0911599397659302, 1.024835467338562, 0.9616870880126953, 0.9026614427566528, 0.8485496044158936, 0.799858808517456, 0.7566405534744263, 0.7183229923248291, 0.6837496757507324, 0.6515414714813232, 0.6204755306243896, 0.5896379947662354, 0.5584318041801453, 0.5265668034553528, 0.4940716028213501, 0.46127235889434814, 0.42870834469795227, 0.39700573682785034, 0.36673393845558167, 0.33826974034309387, 0.31170594692230225, 0.2868497967720032, 0.2633303105831146, 0.2407587468624115, 0.21885429322719574, 0.19747565686702728, 0.1765815019607544, 0.15614372491836548, 0.13607871532440186, 0.11621025204658508, 0.09630005061626434, 0.07613907009363174, 0.055633317679166794, 0.03484748676419258, 0.013967972248792648, -0.0067806243896484375, -0.027216415852308273, -0.04725860431790352, -0.06692008674144745, -0.08627448976039886, -0.10540595650672913, -0.12436668574810028, -0.1431865692138672, -0.1618683636188507, -0.18042899668216705, -0.19889014959335327, -0.21728813648223877, -0.2356511652469635, -0.2539897859096527, -0.2722771465778351, -0.29046621918678284, -0.3084999918937683, -0.3263389468193054, -0.34396249055862427, -0.36138206720352173, -0.3786240518093109, -0.39571037888526917, -0.41265952587127686, -0.42947882413864136, -0.4461778998374939, -0.46273598074913025, -0.47916144132614136, -0.49543845653533936, -0.5115672945976257, -0.5275279879570007, -0.5433129072189331, -0.5588958263397217, -0.5742690563201904, -0.589419960975647], "val_loss": [], "train_metrics_score": {"MeanSquaredError": [2.4584272750871605e-07, 1.2500396451287088e-07, 1.3175019830669044e-07, 1.641713112121579e-07, 1.6970182059594663e-07, 1.4643404711023322e-07, 1.1146767064929008e-07, 7.924983691509624e-08, 5.690703019922694e-08, 4.413220366927817e-08, 3.809700288570639e-08, 3.494883316079722e-08, 3.272802473475167e-08, 3.086740107960395e-08, 2.9250577071593398e-08, 2.8076847513602843e-08, 2.7320627538074405e-08, 2.6728105950724057e-08, 2.63462567318129e-08, 2.5551189608563618e-08, 2.467095505664929e-08, 2.3457923603587005e-08, 2.203797500044402e-08, 2.0458664096167922e-08, 1.8754217734340273e-08, 1.7207728575385772e-08, 1.583747533118185e-08, 1.475990085708645e-08, 1.3856800151756943e-08, 1.3263705689325889e-08, 1.2917162450776232e-08, 1.277565253587909e-08, 1.282783657075015e-08, 1.3016926203590629e-08, 1.3472860160845812e-08, 1.4187133245968653e-08, 1.527202897477764e-08, 1.660085224841623e-08, 1.8396805856468745e-08, 2.02766958778966e-08, 2.24522818115247e-08, 2.454635072979272e-08, 2.6545359688157077e-08, 2.8552252118174692e-08, 3.0421457353213555e-08, 3.2044393805108484e-08, 3.377485668920599e-08, 3.531685166535681e-08, 3.7162642740895535e-08, 3.959967287414656e-08, 4.244457940671964e-08, 4.625809069125353e-08, 5.083020226948065e-08, 5.599922658916512e-08, 6.234231619828279e-08, 6.892074111419788e-08, 7.634383791810251e-08, 8.415287311436259e-08, 9.233694697741157e-08, 1.0018923290999737e-07, 1.078844036328519e-07, 1.1523783882694261e-07, 1.2160970186414488e-07, 1.2735377197259368e-07, 1.3229718831553328e-07, 1.3644935847878514e-07, 1.399938014401414e-07, 1.441325565565421e-07, 1.468055046416339e-07, 1.51865407360674e-07, 1.5636345551683917e-07, 1.6201018127048883e-07, 1.686646271537029e-07, 1.7588496348253102e-07, 1.8448881178301235e-07, 1.9248285809680965e-07, 2.0153265722910874e-07, 2.105204544022854e-07, 2.2047557024507114e-07, 2.296893910624931e-07, 2.392363285252941e-07, 2.4773038376224576e-07, 2.574706741143018e-07, 2.6720573487182264e-07, 2.7773265287578397e-07, 2.8808668162128015e-07, 3.0038373211027647e-07, 3.135448309876665e-07, 3.242810180381639e-07, 3.3871955906761286e-07, 3.519405709084822e-07, 3.653711360129819e-07, 3.777193455789529e-07, 3.897562805832422e-07, 3.981388374540984e-07, 4.0815584156916884e-07, 4.1606313061492983e-07, 4.2307817693654215e-07, 4.29527801770746e-07, 4.379299980428186e-07], "R2Score": [0.9999997615814209, 0.9999998807907104, 0.9999998807907104, 0.9999998211860657, 0.9999998211860657, 0.9999998807907104, 0.9999998807907104, 0.9999999403953552, 0.9999999403953552, 0.9999999403953552, 0.9999999403953552, 0.9999999403953552, 0.9999999403953552, 0.9999999403953552, 1.0, 1.0, 1.0, 1.0, 1.0, 1.0, 1.0, 1.0, 1.0, 1.0, 1.0, 1.0, 1.0, 1.0, 1.0, 1.0, 1.0, 1.0, 1.0, 1.0, 1.0, 1.0, 1.0, 1.0, 1.0, 1.0, 1.0, 1.0, 1.0, 1.0, 0.9999999403953552, 0.9999999403953552, 0.9999999403953552, 0.9999999403953552, 0.9999999403953552, 0.9999999403953552, 0.9999999403953552, 0.9999999403953552, 0.9999999403953552, 0.9999999403953552, 0.9999999403953552, 0.9999999403953552, 0.9999999403953552, 0.9999999403953552, 0.9999998807907104, 0.9999998807907104, 0.9999998807907104, 0.9999998807907104, 0.9999998807907104, 0.9999998807907104, 0.9999998807907104, 0.9999998807907104, 0.9999998807907104, 0.9999998807907104, 0.9999998807907104, 0.9999998211860657, 0.9999998211860657, 0.9999998211860657, 0.9999998211860657, 0.9999998211860657, 0.9999998211860657, 0.9999998211860657, 0.9999998211860657, 0.9999997615814209, 0.9999997615814209, 0.9999997615814209, 0.9999997615814209, 0.9999997615814209, 0.9999997615814209, 0.9999997615814209, 0.9999997019767761, 0.9999997019767761, 0.9999997019767761, 0.9999997019767761, 0.9999997019767761, 0.9999996423721313, 0.9999996423721313, 0.9999996423721313, 0.9999996423721313, 0.9999995827674866, 0.9999995827674866, 0.9999995827674866, 0.9999995827674866, 0.9999995827674866, 0.9999995827674866, 0.9999995827674866]}, "val_metrics_score": {"MeanSquaredError": [], "R2Score": []}, "early_stopping_criterion_evaluations": [0, 0, 0, 0, 0, 0, 0, 0, 0, 0, 0, 0, 0, 0, 0, 0, 0, 0, 0, 0, 0, 0, 0, 0, 0, 0, 0, 0, 0, 0, 0, 0, 0, 0, 0, 0, 0, 0, 0, 0, 0, 0, 0, 0, 0, 0, 0, 0, 0, 0, 0, 0, 0, 0, 0, 0, 0, 0, 0, 0, 0, 0, 0, 0, 0, 0, 0, 0, 0, 0, 0, 0, 0, 0, 0, 0, 0, 0, 0, 0, 0, 0, 0, 0, 0, 0, 0, 0, 0, 0, 0, 0, 0, 0, 0, 0, 0, 0, 0, 0]}