{"current_epoch": 100, "best_epoch": 100, "train_loss": [13.637035369873047, 6.076061248779297, 3.5376718044281006, 3.9957189559936523, 5.162678241729736, 5.635685443878174, 5.250185966491699, 4.398280620574951, 3.4986929893493652, 2.8097829818725586, 2.405726909637451, 2.2246956825256348, 2.156832456588745, 2.117643356323242, 2.069554328918457, 2.006746768951416, 1.9347413778305054, 1.8596655130386353, 1.785355806350708, 1.7138168811798096, 1.6464920043945312, 1.5846481323242188, 1.5289416313171387, 1.479183316230774, 1.434664011001587, 1.3946441411972046, 1.3585882186889648, 1.3260979652404785, 1.2967687845230103, 1.2701706886291504, 1.2459150552749634, 1.2236818075180054, 1.2031995058059692, 1.184266209602356, 1.1667743921279907, 1.1505955457687378, 1.135422945022583, 1.1208475828170776, 1.1065727472305298, 1.0925112962722778, 1.0787471532821655, 1.065466046333313, 1.0528877973556519, 1.0411937236785889, 1.030462384223938, 1.0206245183944702, 1.0114609003067017, 1.0026534795761108, 0.9938877820968628, 0.984952449798584, 0.9758004546165466, 0.9665408134460449, 0.9573626518249512, 0.9484502673149109, 0.9399106502532959, 0.9317514300346375, 0.9238936901092529, 0.9162216186523438, 0.9086255431175232, 0.9010347723960876, 0.8934296369552612, 0.8858283758163452, 0.8782757520675659, 0.8708123564720154, 0.8634659051895142, 0.8562350273132324, 0.8491025567054749, 0.842041015625, 0.8350279331207275, 0.8280593752861023, 0.8211438059806824, 0.8143008351325989, 0.807543933391571, 0.8008775115013123, 0.7942967414855957, 0.7877849340438843, 0.781324028968811, 0.7749026417732239, 0.7685176730155945, 0.762178361415863, 0.7558959722518921, 0.7496894598007202, 0.7435678243637085, 0.737535834312439, 0.7315919399261475, 0.725728452205658, 0.719942569732666, 0.7142289876937866, 0.7085899114608765, 0.7030258774757385, 0.6975433230400085, 0.6921430230140686, 0.686821460723877, 0.681580662727356, 0.6764146685600281, 0.6713213324546814, 0.6662997603416443, 0.6613507866859436, 0.6564724445343018, 0.6516647934913635], "val_loss": [], "train_metrics_score": {"MeanSquaredError": [2.3682756022935791e-07, 1.1772418417876906e-07, 1.2671824833887513e-07, 1.5965083832725213e-07, 1.6631695132218738e-07, 1.415537127513744e-07, 1.0709746334214287e-07, 7.531068746402525e-08, 5.265391678221931e-08, 3.97025132770068e-08, 3.295603789865709e-08, 2.9099391340992042e-08, 2.6586917556414846e-08, 2.484822658743724e-08, 2.3955102790296223e-08, 2.3671852034112817e-08, 2.404114951559677e-08, 2.4725846259343598e-08, 2.567155732435822e-08, 2.6876390890606672e-08, 2.8385843009459677e-08, 3.004057447242303e-08, 3.163357931157407e-08, 3.281970251123312e-08, 3.346966437334231e-08, 3.3475874516852855e-08, 3.298329787071452e-08, 3.1788840004765007e-08, 3.0466416944818775e-08, 2.892929984454895e-08, 2.7299387639345696e-08, 2.586754099809241e-08, 2.4703791012825604e-08, 2.3687727335186537e-08, 2.3169382856735865e-08, 2.2988269066104294e-08, 2.3209867805462636e-08, 2.3910470048349453e-08, 2.4986354318912163e-08, 2.6185650980892206e-08, 2.7856605910869803e-08, 2.978532798181277e-08, 3.189279595972039e-08, 3.418607619209979e-08, 3.6414569137832586e-08, 3.849163476843387e-08, 4.036993317413362e-08, 4.1554208962679695e-08, 4.237397277506716e-08, 4.2861202587118896e-08, 4.254525265423581e-08, 4.199369385560203e-08, 4.09869507222993e-08, 4.0240728083063004e-08, 3.918538382663428e-08, 3.846390939088451e-08, 3.7660523588556316e-08, 3.737258325031689e-08, 3.700630202274624e-08, 3.687960159481918e-08, 3.7241076000782414e-08, 3.747267030007606e-08, 3.8146652059367625e-08, 3.8930917156676514e-08, 3.958075467380695e-08, 4.0362785114211874e-08, 4.09525959810253e-08, 4.174861345518366e-08, 4.210018644812408e-08, 4.26479331849805e-08, 4.2946421530132284e-08, 4.3425462337154386e-08, 4.354830807073995e-08, 4.3786187120531395e-08, 4.393082519982272e-08, 4.432527589415258e-08, 4.481914572807e-08, 4.523370478182187e-08, 4.589451663150612e-08, 4.63677629625181e-08, 4.7006729175791406e-08, 4.765661287819967e-08, 4.849145796015364e-08, 4.902858563582413e-08, 4.944723031030662e-08, 4.996943658852615e-08, 5.012104864476896e-08, 5.0493131453777096e-08, 5.078483766851605e-08, 5.105945533045997e-08, 5.1386301436195936e-08, 5.163931859897275e-08, 5.179487416739903e-08, 5.2371024850117465e-08, 5.290081261932755e-08, 5.368659827809097e-08, 5.4055270481967455e-08, 5.4969703455753915e-08, 5.568096739239081e-08, 5.646288769867169e-08], "R2Score": [0.9999997615814209, 0.9999998807907104, 0.9999998807907104, 0.9999998211860657, 0.9999998211860657, 0.9999998807907104, 0.9999998807907104, 0.9999999403953552, 0.9999999403953552, 0.9999999403953552, 0.9999999403953552, 1.0, 1.0, 1.0, 1.0, 1.0, 1.0, 1.0, 1.0, 1.0, 1.0, 0.9999999403953552, 0.9999999403953552, 0.9999999403953552, 0.9999999403953552, 0.9999999403953552, 0.9999999403953552, 0.9999999403953552, 0.9999999403953552, 1.0, 1.0, 1.0, 1.0, 1.0, 1.0, 1.0, 1.0, 1.0, 1.0, 1.0, 1.0, 1.0, 0.9999999403953552, 0.9999999403953552, 0.9999999403953552, 0.9999999403953552, 0.9999999403953552, 0.9999999403953552, 0.9999999403953552, 0.9999999403953552, 0.9999999403953552, 0.9999999403953552, 0.9999999403953552, 0.9999999403953552, 0.9999999403953552, 0.9999999403953552, 0.9999999403953552, 0.9999999403953552, 0.9999999403953552, 0.9999999403953552, 0.9999999403953552, 0.9999999403953552, 0.9999999403953552, 0.9999999403953552, 0.9999999403953552, 0.9999999403953552, 0.9999999403953552, 0.9999999403953552, 0.9999999403953552, 0.9999999403953552, 0.9999999403953552, 0.9999999403953552, 0.9999999403953552, 0.9999999403953552, 0.9999999403953552, 0.9999999403953552, 0.9999999403953552, 0.9999999403953552, 0.9999999403953552, 0.9999999403953552, 0.9999999403953552, 0.9999999403953552, 0.9999999403953552, 0.9999999403953552, 0.9999999403953552, 0.9999999403953552, 0.9999999403953552, 0.9999999403953552, 0.9999999403953552, 0.9999999403953552, 0.9999999403953552, 0.9999999403953552, 0.9999999403953552, 0.9999999403953552, 0.9999999403953552, 0.9999999403953552, 0.9999999403953552, 0.9999999403953552, 0.9999999403953552, 0.9999999403953552]}, "val_metrics_score": {"MeanSquaredError": [], "R2Score": []}, "early_stopping_criterion_evaluations": [0, 0, 0, 0, 0, 0, 0, 0, 0, 0, 0, 0, 0, 0, 0, 0, 0, 0, 0, 0, 0, 0, 0, 0, 0, 0, 0, 0, 0, 0, 0, 0, 0, 0, 0, 0, 0, 0, 0, 0, 0, 0, 0, 0, 0, 0, 0, 0, 0, 0, 0, 0, 0, 0, 0, 0, 0, 0, 0, 0, 0, 0, 0, 0, 0, 0, 0, 0, 0, 0, 0, 0, 0, 0, 0, 0, 0, 0, 0, 0, 0, 0, 0, 0, 0, 0, 0, 0, 0, 0, 0, 0, 0, 0, 0, 0, 0, 0, 0, 0]}