{"current_epoch": 100, "best_epoch": 100, "train_loss": [13.636397361755371, 6.084774971008301, 3.5532925128936768, 4.010542869567871, 5.1666579246521, 5.626992225646973, 5.2320756912231445, 4.374802112579346, 3.474329948425293, 2.7903363704681396, 2.3979227542877197, 2.233837842941284, 2.1854827404022217, 2.1651809215545654, 2.1313235759735107, 2.074873447418213, 2.0002405643463135, 1.9140454530715942, 1.8213982582092285, 1.7260315418243408, 1.6313652992248535, 1.5408756732940674, 1.4573713541030884, 1.3818762302398682, 1.3136279582977295, 1.2513890266418457, 1.1940923929214478, 1.1409294605255127, 1.0915076732635498, 1.0457655191421509, 1.0036647319793701, 0.9649951457977295, 0.9294289946556091, 0.8966718316078186, 0.8665254712104797, 0.8388621807098389, 0.813569962978363, 0.7905038595199585, 0.7694511413574219, 0.7501319646835327, 0.7322439551353455, 0.7155265808105469, 0.6998048424720764, 0.6849789619445801, 0.6709854006767273, 0.6577459573745728, 0.6451444029808044, 0.633029043674469, 0.6212388873100281, 0.6096360683441162, 0.5981341600418091, 0.586703360080719, 0.5753531455993652, 0.5641103982925415, 0.5529919266700745, 0.5419982075691223, 0.5311101078987122, 0.5203048586845398, 0.5095691084861755, 0.49889567494392395, 0.488292932510376, 0.47777077555656433, 0.46734195947647095, 0.4570237696170807, 0.44684121012687683, 0.4368366599082947, 0.42706790566444397, 0.4175994098186493, 0.4084509611129761, 0.39954930543899536, 0.39072442054748535, 0.3818238079547882, 0.3728207051753998, 0.3637952506542206, 0.3548659384250641, 0.34612834453582764, 0.33762848377227783, 0.3293626010417938, 0.3212969899177551, 0.3133902847766876, 0.3056108057498932, 0.2979489862918854, 0.2904064953327179, 0.28299903869628906, 0.27573785185813904, 0.26863348484039307, 0.26168692111968994, 0.25489142537117004, 0.24823585152626038, 0.24170425534248352, 0.23529167473316193, 0.2290007770061493, 0.22284339368343353, 0.21683211624622345, 0.2109728306531906, 0.20526161789894104, 0.19968558847904205, 0.19422675669193268, 0.18887412548065186, 0.18362465500831604], "val_loss": [], "train_metrics_score": {"MeanSquaredError": [2.3685387873229047e-07, 1.1900925755981007e-07, 1.2786478009729763e-07, 1.6068284480752482e-07, 1.6417719450600998e-07, 1.4067749987134448e-07, 1.0618590806643624e-07, 7.409722257989415e-08, 5.231744992784115e-08, 3.974498241632318e-08, 3.376905510776851e-08, 3.061127173964451e-08, 2.8479535174597004e-08, 2.6773582462169543e-08, 2.5436452943949917e-08, 2.4411606958096854e-08, 2.3427151774058075e-08, 2.2460419302205992e-08, 2.1444943598680766e-08, 2.0500806385825854e-08, 1.974647290126086e-08, 1.9393052497207464e-08, 1.9426609654260574e-08, 1.9893919400715276e-08, 2.050665415254116e-08, 2.1337640987439954e-08, 2.2289807333208955e-08, 2.3304730589757128e-08, 2.4368755902060002e-08, 2.541055188487462e-08, 2.6732575264531988e-08, 2.804818421964228e-08, 2.9435696546897816e-08, 3.0993476229923544e-08, 3.260884895439631e-08, 3.437160955854779e-08, 3.6559292482252204e-08, 3.9052174827247654e-08, 4.195937108875114e-08, 4.5586354247006966e-08, 4.9763038134642557e-08, 5.446288753319095e-08, 5.995151042270663e-08, 6.583127998283089e-08, 7.204273089200797e-08, 7.824151282420644e-08, 8.406577478581312e-08, 8.954539509886672e-08, 9.39915238973299e-08, 9.787924426518657e-08, 1.0030014863104952e-07, 1.0176258768979096e-07, 1.0223545388043931e-07, 1.022248312665397e-07, 1.0109366144206433e-07, 1.0018776208653435e-07, 9.907229525651928e-08, 9.759372687767609e-08, 9.615279594754611e-08, 9.487588670253899e-08, 9.38794926241826e-08, 9.274312873230883e-08, 9.166674885818793e-08, 9.075149165482799e-08, 8.980737931096883e-08, 8.878092216946243e-08, 8.807443663272352e-08, 8.753363545110915e-08, 8.786900451696056e-08, 8.905616510901382e-08, 9.133498934943418e-08, 9.400783795854295e-08, 9.738683814930482e-08, 1.0167052977294588e-07, 1.0613643297574527e-07, 1.108435654373352e-07, 1.1528841525887401e-07, 1.1915715703025853e-07, 1.2240843716426753e-07, 1.24994627981323e-07, 1.2648037284179736e-07, 1.2794690462669678e-07, 1.2905277912977908e-07, 1.2972513729891944e-07, 1.3053232805759762e-07, 1.3146404853614513e-07, 1.3224259021171747e-07, 1.340902571200786e-07, 1.3555651889873843e-07, 1.391526751604033e-07, 1.4267315862070973e-07, 1.4583415008928569e-07, 1.5004832221165998e-07, 1.5438746459039976e-07, 1.590843226040306e-07, 1.6290071869207168e-07, 1.6689473625319806e-07, 1.6968587601695617e-07, 1.7214335912285605e-07, 1.7506280869383772e-07], "R2Score": [0.9999997615814209, 0.9999998807907104, 0.9999998807907104, 0.9999998211860657, 0.9999998211860657, 0.9999998807907104, 0.9999998807907104, 0.9999999403953552, 0.9999999403953552, 0.9999999403953552, 0.9999999403953552, 0.9999999403953552, 1.0, 1.0, 1.0, 1.0, 1.0, 1.0, 1.0, 1.0, 1.0, 1.0, 1.0, 1.0, 1.0, 1.0, 1.0, 1.0, 1.0, 1.0, 1.0, 1.0, 1.0, 0.9999999403953552, 0.9999999403953552, 0.9999999403953552, 0.9999999403953552, 0.9999999403953552, 0.9999999403953552, 0.9999999403953552, 0.9999999403953552, 0.9999999403953552, 0.9999999403953552, 0.9999999403953552, 0.9999999403953552, 0.9999999403953552, 0.9999999403953552, 0.9999998807907104, 0.9999998807907104, 0.9999998807907104, 0.9999998807907104, 0.9999998807907104, 0.9999998807907104, 0.9999998807907104, 0.9999998807907104, 0.9999998807907104, 0.9999998807907104, 0.9999998807907104, 0.9999998807907104, 0.9999998807907104, 0.9999998807907104, 0.9999998807907104, 0.9999998807907104, 0.9999998807907104, 0.9999998807907104, 0.9999999403953552, 0.9999999403953552, 0.9999999403953552, 0.9999999403953552, 0.9999999403953552, 0.9999998807907104, 0.9999998807907104, 0.9999998807907104, 0.9999998807907104, 0.9999998807907104, 0.9999998807907104, 0.9999998807907104, 0.9999998807907104, 0.9999998807907104, 0.9999998807907104, 0.9999998807907104, 0.9999998807907104, 0.9999998807907104, 0.9999998807907104, 0.9999998807907104, 0.9999998807907104, 0.9999998807907104, 0.9999998807907104, 0.9999998807907104, 0.9999998807907104, 0.9999998807907104, 0.9999998807907104, 0.9999998211860657, 0.9999998211860657, 0.9999998211860657, 0.9999998211860657, 0.9999998211860657, 0.9999998211860657, 0.9999998211860657, 0.9999998211860657]}, "val_metrics_score": {"MeanSquaredError": [], "R2Score": []}, "early_stopping_criterion_evaluations": [0, 0, 0, 0, 0, 0, 0, 0, 0, 0, 0, 0, 0, 0, 0, 0, 0, 0, 0, 0, 0, 0, 0, 0, 0, 0, 0, 0, 0, 0, 0, 0, 0, 0, 0, 0, 0, 0, 0, 0, 0, 0, 0, 0, 0, 0, 0, 0, 0, 0, 0, 0, 0, 0, 0, 0, 0, 0, 0, 0, 0, 0, 0, 0, 0, 0, 0, 0, 0, 0, 0, 0, 0, 0, 0, 0, 0, 0, 0, 0, 0, 0, 0, 0, 0, 0, 0, 0, 0, 0, 0, 0, 0, 0, 0, 0, 0, 0, 0, 0]}