{"current_epoch": 100, "best_epoch": 100, "train_loss": [7.0910186767578125, 5.142120361328125, 3.102384090423584, 2.2575461864471436, 2.6825075149536133, 3.5937302112579346, 4.123620510101318, 3.9323415756225586, 3.2413995265960693, 2.4848222732543945, 1.991727590560913, 1.865537405014038, 2.0166873931884766, 2.264162063598633, 2.4409546852111816, 2.4606854915618896, 2.3292691707611084, 2.1143410205841064, 1.8999426364898682, 1.749861717224121, 1.6900333166122437, 1.7093807458877563, 1.7729376554489136, 1.8395500183105469, 1.877274513244629, 1.871984601020813, 1.8279272317886353, 1.762009620666504, 1.6952651739120483, 1.6449944972991943, 1.619919776916504, 1.619154930114746, 1.6344375610351562, 1.6542342901229858, 1.6680563688278198, 1.6695977449417114, 1.6579241752624512, 1.636716604232788, 1.6121814250946045, 1.5905603170394897, 1.5761008262634277, 1.5700489282608032, 1.570786476135254, 1.5748652219772339, 1.5784472227096558, 1.5786187648773193, 1.5741733312606812, 1.5657025575637817, 1.5550775527954102, 1.5445982217788696, 1.5361484289169312, 1.5306304693222046, 1.527827262878418, 1.52666437625885, 1.5257171392440796, 1.523756742477417, 1.520138144493103, 1.5149242877960205, 1.5087428092956543, 1.502469539642334, 1.4968748092651367, 1.4923651218414307, 1.4888955354690552, 1.486059546470642, 1.4832950830459595, 1.4801138639450073, 1.4762707948684692, 1.4718124866485596, 1.4670138359069824, 1.4622344970703125, 1.4577676057815552, 1.4537385702133179, 1.4500805139541626, 1.4465928077697754, 1.4430389404296875, 1.4392471313476562, 1.435167670249939, 1.4308735132217407, 1.4265108108520508, 1.4222263097763062, 1.4181060791015625, 1.414149522781372, 1.4102814197540283, 1.406396746635437, 1.4024091958999634, 1.3982864618301392, 1.3940550088882446, 1.3897793292999268, 1.3855276107788086, 1.3813389539718628, 1.3772107362747192, 1.3731056451797485, 1.368973970413208, 1.3647799491882324, 1.3605151176452637, 1.3561989068984985, 1.3518645763397217, 1.3475414514541626, 1.3432400226593018, 1.3389500379562378], "val_loss": [], "train_metrics_score": {"MeanSquaredError": [9.349498952815338e-08, 4.6879726767201646e-08, 2.6947315490133406e-08, 3.459360442548132e-08, 4.9137980795421754e-08, 5.660560375986279e-08, 4.978933532129304e-08, 3.598737308152522e-08, 2.1880802947293887e-08, 1.3324961578575767e-08, 1.0616644452454693e-08, 1.1912087316545694e-08, 1.455529652361065e-08, 1.6000006652916454e-08, 1.6035306416029016e-08, 1.3640343077270245e-08, 1.0451252308030234e-08, 7.817169134227697e-09, 5.6484412702673126e-09, 4.833124123138077e-09, 5.0038049259626405e-09, 5.299637617639519e-09, 5.982120576675243e-09, 6.094424520597386e-09, 6.008535891055544e-09, 5.407849723582103e-09, 4.641845130493039e-09, 3.921307278886843e-09, 3.3325173731668656e-09, 3.074763110788581e-09, 3.0974249831672296e-09, 3.115932178943126e-09, 3.27436344704779e-09, 3.371843027011323e-09, 3.405072002138354e-09, 3.267162984599281e-09, 3.0715179288876016e-09, 2.7820195036554196e-09, 2.5664215197451767e-09, 2.436393087279498e-09, 2.51891840719054e-09, 2.390437625621189e-09, 2.4450070856829598e-09, 2.4997759417999532e-09, 2.521495678919905e-09, 2.5210258325358836e-09, 2.422250400258008e-09, 2.4529811515350275e-09, 2.237772855906428e-09, 2.1869761557269385e-09, 2.2438306768179928e-09, 2.207825922084794e-09, 2.2362751650462087e-09, 2.2104877928086353e-09, 2.211812955010828e-09, 2.2417308009892167e-09, 2.1977071273937554e-09, 2.1542654327078026e-09, 2.1204391575935233e-09, 2.167165558120132e-09, 2.1153538920515302e-09, 2.1030341912364747e-09, 2.096908424675803e-09, 2.0953487833708095e-09, 2.1299400021490555e-09, 2.1801698224521715e-09, 2.117854558392196e-09, 2.1331920674327876e-09, 2.155318590268962e-09, 2.110322139259324e-09, 2.1437476238617137e-09, 2.1109434200639043e-09, 2.180452929323451e-09, 2.1762867064012426e-09, 2.1603763222799444e-09, 2.214481265028212e-09, 2.1663439930819095e-09, 2.165652768226778e-09, 2.1899970725769435e-09, 2.230949425197082e-09, 2.2081945161289696e-09, 2.2362116602892e-09, 2.319622716129288e-09, 2.2997397319812762e-09, 2.277224409041878e-09, 2.3685187144906195e-09, 2.3165973583871846e-09, 2.3164405948961075e-09, 2.4013238064668485e-09, 2.373433671820635e-09, 2.4425463873711806e-09, 2.4098216755419344e-09, 2.428061529613501e-09, 2.4652815344694545e-09, 2.5039215145739036e-09, 2.5549062865337646e-09, 2.576268531839787e-09, 2.5588875463000704e-09, 2.6823625542959917e-09, 2.670712762053995e-09], "R2Score": [0.9999998807907104, 0.9999999403953552, 1.0, 0.9999999403953552, 0.9999999403953552, 0.9999999403953552, 0.9999999403953552, 0.9999999403953552, 1.0, 1.0, 1.0, 1.0, 1.0, 1.0, 1.0, 1.0, 1.0, 1.0, 1.0, 1.0, 1.0, 1.0, 1.0, 1.0, 1.0, 1.0, 1.0, 1.0, 1.0, 1.0, 1.0, 1.0, 1.0, 1.0, 1.0, 1.0, 1.0, 1.0, 1.0, 1.0, 1.0, 1.0, 1.0, 1.0, 1.0, 1.0, 1.0, 1.0, 1.0, 1.0, 1.0, 1.0, 1.0, 1.0, 1.0, 1.0, 1.0, 1.0, 1.0, 1.0, 1.0, 1.0, 1.0, 1.0, 1.0, 1.0, 1.0, 1.0, 1.0, 1.0, 1.0, 1.0, 1.0, 1.0, 1.0, 1.0, 1.0, 1.0, 1.0, 1.0, 1.0, 1.0, 1.0, 1.0, 1.0, 1.0, 1.0, 1.0, 1.0, 1.0, 1.0, 1.0, 1.0, 1.0, 1.0, 1.0, 1.0, 1.0, 1.0, 1.0]}, "val_metrics_score": {"MeanSquaredError": [], "R2Score": []}, "early_stopping_criterion_evaluations": [0, 0, 0, 0, 0, 0, 0, 0, 0, 0, 0, 0, 0, 0, 0, 0, 0, 0, 0, 0, 0, 0, 0, 0, 0, 0, 0, 0, 0, 0, 0, 0, 0, 0, 0, 0, 0, 0, 0, 0, 0, 0, 0, 0, 0, 0, 0, 0, 0, 0, 0, 0, 0, 0, 0, 0, 0, 0, 0, 0, 0, 0, 0, 0, 0, 0, 0, 0, 0, 0, 0, 0, 0, 0, 0, 0, 0, 0, 0, 0, 0, 0, 0, 0, 0, 0, 0, 0, 0, 0, 0, 0, 0, 0, 0, 0, 0, 0, 0, 0]}