{"current_epoch": 100, "best_epoch": 100, "train_loss": [3.650308847427368, 3.406795024871826, 3.0072128772735596, 2.561283588409424, 2.172710657119751, 1.911149024963379, 1.786923885345459, 1.753535509109497, 1.7524631023406982, 1.747641921043396, 1.7262316942214966, 1.687477469444275, 1.6345648765563965, 1.5712404251098633, 1.500952124595642, 1.4268677234649658, 1.3519059419631958, 1.2785621881484985, 1.2086949348449707, 1.1434822082519531, 1.0835540294647217, 1.0291544198989868, 0.9802449941635132, 0.9365659952163696, 0.8976754546165466, 0.8629968166351318, 0.8318878412246704, 0.8037254810333252, 0.7779789566993713, 0.7542436718940735, 0.7322227358818054, 0.7116726636886597, 0.6923348903656006, 0.6738905310630798, 0.6559587717056274, 0.6381277441978455, 0.6200169324874878, 0.6013457775115967, 0.5819697380065918, 0.5619025826454163, 0.5412890315055847, 0.520357608795166, 0.49936985969543457, 0.4785679280757904, 0.4581472873687744, 0.4382537007331848, 0.4189929664134979, 0.4004554748535156, 0.38272079825401306, 0.3658585846424103, 0.3499051034450531, 0.33484184741973877, 0.3205784857273102, 0.3069559335708618, 0.29377394914627075, 0.28082510828971863, 0.2679375410079956, 0.25499969720840454, 0.24197852611541748, 0.22889533638954163, 0.21582496166229248, 0.20286491513252258, 0.1901123821735382, 0.1776522845029831, 0.16555199027061462, 0.1538533717393875, 0.14257942140102386, 0.1317269206047058, 0.1212739571928978, 0.11117508262395859, 0.10137993097305298, 0.09182403236627579, 0.08245223760604858, 0.07322273403406143, 0.0641116350889206, 0.055114440619945526, 0.046245042234659195, 0.037531815469264984, 0.02900497429072857, 0.02068183943629265, 0.012585372664034367, 0.004710388369858265, -0.0029474638868123293, -0.010402221232652664, -0.01767478883266449, -0.024789810180664062, -0.03175857663154602, -0.03859443590044975, -0.0453062430024147, -0.05189460888504982, -0.05835609510540962, -0.06468727439641953, -0.07088157534599304, -0.07692581415176392, -0.08282089233398438, -0.08856422454118729, -0.09415595978498459, -0.09958938509225845, -0.10487579554319382, -0.11001594364643097], "val_loss": [], "train_metrics_score": {"MeanSquaredError": [1.9252743399533756e-08, 1.49016230466259e-08, 1.0685775819752052e-08, 7.11538383768584e-09, 4.758878624500085e-09, 3.838168449732393e-09, 3.584402108458562e-09, 3.537898640715298e-09, 3.504784906738223e-09, 3.524324831971626e-09, 3.489729838435096e-09, 3.5382463625666105e-09, 3.6497391775469623e-09, 3.838052986537832e-09, 4.128183128671026e-09, 4.557939359273178e-09, 5.135690983593122e-09, 5.84535087000404e-09, 6.792098439234451e-09, 7.857729578120143e-09, 9.103340303795449e-09, 1.0612495771056274e-08, 1.2381049963039459e-08, 1.4531759795488597e-08, 1.7183079847882254e-08, 2.0320449323207868e-08, 2.377185914781421e-08, 2.8218265057944336e-08, 3.310338669848534e-08, 3.8430005844247717e-08, 4.43576340103391e-08, 5.04312076543556e-08, 5.674710479297573e-08, 6.303807253971172e-08, 6.845504429975335e-08, 7.344724650693024e-08, 7.71483641415216e-08, 8.028601428122784e-08, 8.148646202243981e-08, 8.143511109892643e-08, 8.120975536485275e-08, 7.96548462744795e-08, 7.767198439978529e-08, 7.508472066319882e-08, 7.251190936585772e-08, 7.041700911258886e-08, 6.8143897635764e-08, 6.608522795659155e-08, 6.494524740219276e-08, 6.420560794140329e-08, 6.433976551534215e-08, 6.4551215928077e-08, 6.646109085295393e-08, 6.778660122108704e-08, 7.032357984826376e-08, 7.384594624681995e-08, 7.79840760856132e-08, 8.22385501919598e-08, 8.797951522865333e-08, 9.376350362799712e-08, 9.98900233639688e-08, 1.0596470900736676e-07, 1.1185839809968456e-07, 1.1978936242940108e-07, 1.2622815859231196e-07, 1.3304135393354954e-07, 1.3911672169797384e-07, 1.449118798291238e-07, 1.51362584688286e-07, 1.5591024293826194e-07, 1.6124675994433346e-07, 1.664178483906653e-07, 1.7205482549798035e-07, 1.768092658949172e-07, 1.8089069442339678e-07, 1.858770275475763e-07, 1.8838807136489777e-07, 1.9376342663690593e-07, 1.9801233008820418e-07, 2.0323859928339516e-07, 2.0778394116405252e-07, 2.1287982576723152e-07, 2.1603585764751188e-07, 2.2209127337191603e-07, 2.282261561958876e-07, 2.312367683998673e-07, 2.3612930988292646e-07, 2.405369343705388e-07, 2.435934334243939e-07, 2.499078561868373e-07, 2.550998488004552e-07, 2.619011638671509e-07, 2.658115363374236e-07, 2.730307926412934e-07, 2.7833456783810107e-07, 2.8420436137821525e-07, 2.93679107699063e-07, 2.9879481644456973e-07, 3.060578421809623e-07, 3.13100713356107e-07], "R2Score": [1.0, 1.0, 1.0, 1.0, 1.0, 1.0, 1.0, 1.0, 1.0, 1.0, 1.0, 1.0, 1.0, 1.0, 1.0, 1.0, 1.0, 1.0, 1.0, 1.0, 1.0, 1.0, 1.0, 1.0, 1.0, 1.0, 1.0, 1.0, 0.9999999403953552, 0.9999999403953552, 0.9999999403953552, 0.9999999403953552, 0.9999999403953552, 0.9999999403953552, 0.9999999403953552, 0.9999999403953552, 0.9999999403953552, 0.9999999403953552, 0.9999999403953552, 0.9999999403953552, 0.9999999403953552, 0.9999999403953552, 0.9999999403953552, 0.9999999403953552, 0.9999999403953552, 0.9999999403953552, 0.9999999403953552, 0.9999999403953552, 0.9999999403953552, 0.9999999403953552, 0.9999999403953552, 0.9999999403953552, 0.9999999403953552, 0.9999999403953552, 0.9999999403953552, 0.9999999403953552, 0.9999999403953552, 0.9999999403953552, 0.9999999403953552, 0.9999998807907104, 0.9999998807907104, 0.9999998807907104, 0.9999998807907104, 0.9999998807907104, 0.9999998807907104, 0.9999998807907104, 0.9999998807907104, 0.9999998807907104, 0.9999998211860657, 0.9999998211860657, 0.9999998211860657, 0.9999998211860657, 0.9999998211860657, 0.9999998211860657, 0.9999998211860657, 0.9999998211860657, 0.9999998211860657, 0.9999998211860657, 0.9999998211860657, 0.9999998211860657, 0.9999998211860657, 0.9999997615814209, 0.9999997615814209, 0.9999997615814209, 0.9999997615814209, 0.9999997615814209, 0.9999997615814209, 0.9999997615814209, 0.9999997615814209, 0.9999997615814209, 0.9999997615814209, 0.9999997615814209, 0.9999997615814209, 0.9999997019767761, 0.9999997019767761, 0.9999997019767761, 0.9999997019767761, 0.9999997019767761, 0.9999997019767761, 0.9999997019767761]}, "val_metrics_score": {"MeanSquaredError": [], "R2Score": []}, "early_stopping_criterion_evaluations": [0, 0, 0, 0, 0, 0, 0, 0, 0, 0, 0, 0, 0, 0, 0, 0, 0, 0, 0, 0, 0, 0, 0, 0, 0, 0, 0, 0, 0, 0, 0, 0, 0, 0, 0, 0, 0, 0, 0, 0, 0, 0, 0, 0, 0, 0, 0, 0, 0, 0, 0, 0, 0, 0, 0, 0, 0, 0, 0, 0, 0, 0, 0, 0, 0, 0, 0, 0, 0, 0, 0, 0, 0, 0, 0, 0, 0, 0, 0, 0, 0, 0, 0, 0, 0, 0, 0, 0, 0, 0, 0, 0, 0, 0, 0, 0, 0, 0, 0, 0]}