{"current_epoch": 100, "best_epoch": 100, "train_loss": [6.982187271118164, 5.074863910675049, 3.0479018688201904, 2.2051024436950684, 2.6386678218841553, 3.5574541091918945, 4.076583385467529, 3.856938362121582, 3.1393954753875732, 2.3759734630584717, 1.8988686800003052, 1.800315260887146, 1.9739346504211426, 2.226161003112793, 2.3878917694091797, 2.38083553314209, 2.223560094833374, 1.994091510772705, 1.7803356647491455, 1.6429797410964966, 1.6004605293273926, 1.6336827278137207, 1.7024496793746948, 1.7646576166152954, 1.7912204265594482, 1.7728826999664307, 1.7185921669006348, 1.6480239629745483, 1.582290768623352, 1.5365245342254639, 1.5163558721542358, 1.5183573961257935, 1.5331792831420898, 1.5497169494628906, 1.5588876008987427, 1.5560232400894165, 1.5414113998413086, 1.5191154479980469, 1.4947723150253296, 1.4733580350875854, 1.4577444791793823, 1.448384404182434, 1.4438793659210205, 1.4419217109680176, 1.4401731491088867, 1.4368581771850586, 1.4310226440429688, 1.4225021600723267, 1.411696195602417, 1.399259090423584, 1.3858226537704468, 1.3718152046203613, 1.3573909997940063, 1.3424463272094727, 1.32667875289917, 1.3096600770950317, 1.2908966541290283, 1.2698719501495361, 1.246076226234436, 1.2190251350402832, 1.1882792711257935, 1.1534647941589355, 1.1143018007278442, 1.070635199546814, 1.0224653482437134, 0.9699766039848328, 0.9135541319847107, 0.8537886738777161, 0.7914607524871826, 0.7275040149688721, 0.6629512310028076, 0.5988641977310181, 0.5362579822540283, 0.4760209023952484, 0.41883933544158936, 0.36512619256973267, 0.3149626851081848, 0.26805663108825684, 0.22374214231967926, 0.18103934824466705, 0.13882148265838623, 0.09609870612621307, 0.05239265412092209, 0.008045120164752007, -0.03576606884598732, -0.07743248343467712, -0.1156349927186966, -0.14999793469905853, -0.18132361769676208, -0.21130730211734772, -0.241811603307724, -0.274059534072876, -0.3081716299057007, -0.34326040744781494, -0.3779231905937195, -0.4108481705188751, -0.4413106441497803, -0.4693898856639862, -0.49581825733184814, -0.5215415358543396], "val_loss": [], "train_metrics_score": {"MeanSquaredError": [9.372823939202135e-08, 4.615604254354366e-08, 2.658497955110306e-08, 3.3640699115267125e-08, 4.959812116567264e-08, 5.6779171586640587e-08, 4.983585455420325e-08, 3.5233131967515874e-08, 2.092593298641532e-08, 1.274025773767562e-08, 1.0279157969250718e-08, 1.192690657347839e-08, 1.4622453470281016e-08, 1.6027481564151458e-08, 1.5307833223232592e-08, 1.2752622957634685e-08, 9.502483244716586e-09, 6.65108768060918e-09, 4.892288352209562e-09, 4.192371338973544e-09, 4.383062801593951e-09, 4.968891964551858e-09, 5.397028157716477e-09, 5.619924525746001e-09, 5.271893588343346e-09, 4.597106695314324e-09, 3.818015681389397e-09, 3.127992753704234e-09, 2.6258870633455444e-09, 2.388000019948322e-09, 2.34263053400241e-09, 2.4677140331164082e-09, 2.545048172208908e-09, 2.6025568367060714e-09, 2.5687294513687675e-09, 2.390354358894342e-09, 2.2085706596897126e-09, 1.994389986492706e-09, 1.823180162396909e-09, 1.713831077054806e-09, 1.6558376891850912e-09, 1.6499108745904323e-09, 1.637984192726094e-09, 1.6535638414083564e-09, 1.635906854424718e-09, 1.6141470382535772e-09, 1.5646403062063996e-09, 1.5035992451117863e-09, 1.454783404852833e-09, 1.3951253485799953e-09, 1.3264224163478389e-09, 1.2787110259537826e-09, 1.2340831689883203e-09, 1.1871704730381794e-09, 1.1599192717426376e-09, 1.1308129987952498e-09, 1.1102119223949103e-09, 1.0969039010433335e-09, 1.0880495393550405e-09, 1.0952551088294626e-09, 1.122754889060218e-09, 1.1616470008135593e-09, 1.2282407313435328e-09, 1.3377318142104855e-09, 1.4981520468637655e-09, 1.7310667344005992e-09, 2.0708450509943077e-09, 2.576671764842331e-09, 3.2955620454799828e-09, 4.3704617702644555e-09, 5.891273691105425e-09, 8.056175282433742e-09, 1.1128006072169683e-08, 1.5217517912446965e-08, 2.072215998794036e-08, 2.7587898188130566e-08, 3.5669884823619213e-08, 4.461293912072506e-08, 5.351510523610159e-08, 6.166627031234384e-08, 6.731699642159583e-08, 6.970153521024258e-08, 6.898029170088193e-08, 6.584583900348662e-08, 6.117991802057077e-08, 5.573494021859915e-08, 5.109227174671105e-08, 4.733777103638204e-08, 4.5068627940736405e-08, 4.4396653464673363e-08, 4.528494201849753e-08, 4.792773466988365e-08, 5.209049191989834e-08, 5.809504344256311e-08, 6.552020437311512e-08, 7.436768356683388e-08, 8.428796860471266e-08, 9.330319983291702e-08, 1.0116764315171167e-07, 1.0667975658407158e-07], "R2Score": [0.9999998807907104, 0.9999999403953552, 1.0, 0.9999999403953552, 0.9999999403953552, 0.9999999403953552, 0.9999999403953552, 0.9999999403953552, 1.0, 1.0, 1.0, 1.0, 1.0, 1.0, 1.0, 1.0, 1.0, 1.0, 1.0, 1.0, 1.0, 1.0, 1.0, 1.0, 1.0, 1.0, 1.0, 1.0, 1.0, 1.0, 1.0, 1.0, 1.0, 1.0, 1.0, 1.0, 1.0, 1.0, 1.0, 1.0, 1.0, 1.0, 1.0, 1.0, 1.0, 1.0, 1.0, 1.0, 1.0, 1.0, 1.0, 1.0, 1.0, 1.0, 1.0, 1.0, 1.0, 1.0, 1.0, 1.0, 1.0, 1.0, 1.0, 1.0, 1.0, 1.0, 1.0, 1.0, 1.0, 1.0, 1.0, 1.0, 1.0, 1.0, 1.0, 1.0, 0.9999999403953552, 0.9999999403953552, 0.9999999403953552, 0.9999999403953552, 0.9999999403953552, 0.9999999403953552, 0.9999999403953552, 0.9999999403953552, 0.9999999403953552, 0.9999999403953552, 0.9999999403953552, 0.9999999403953552, 0.9999999403953552, 0.9999999403953552, 0.9999999403953552, 0.9999999403953552, 0.9999999403953552, 0.9999999403953552, 0.9999999403953552, 0.9999999403953552, 0.9999999403953552, 0.9999998807907104, 0.9999998807907104, 0.9999998807907104]}, "val_metrics_score": {"MeanSquaredError": [], "R2Score": []}, "early_stopping_criterion_evaluations": [0, 0, 0, 0, 0, 0, 0, 0, 0, 0, 0, 0, 0, 0, 0, 0, 0, 0, 0, 0, 0, 0, 0, 0, 0, 0, 0, 0, 0, 0, 0, 0, 0, 0, 0, 0, 0, 0, 0, 0, 0, 0, 0, 0, 0, 0, 0, 0, 0, 0, 0, 0, 0, 0, 0, 0, 0, 0, 0, 0, 0, 0, 0, 0, 0, 0, 0, 0, 0, 0, 0, 0, 0, 0, 0, 0, 0, 0, 0, 0, 0, 0, 0, 0, 0, 0, 0, 0, 0, 0, 0, 0, 0, 0, 0, 0, 0, 0, 0, 0]}