{"current_epoch": 100, "best_epoch": 100, "train_loss": [7.367410659790039, 5.395158767700195, 3.3192148208618164, 2.4370789527893066, 2.834106206893921, 3.7344679832458496, 4.271173000335693, 4.093554496765137, 3.407334804534912, 2.6375069618225098, 2.115567684173584, 1.9553664922714233, 2.0795321464538574, 2.3151988983154297, 2.4961209297180176, 2.529726028442383, 2.4125516414642334, 2.2043166160583496, 1.985636591911316, 1.8218417167663574, 1.743841290473938, 1.746557354927063, 1.7997384071350098, 1.8641760349273682, 1.906796932220459, 1.9100897312164307, 1.874170184135437, 1.8126026391983032, 1.744886040687561, 1.6888259649276733, 1.6552155017852783, 1.6458910703659058, 1.6549853086471558, 1.672290325164795, 1.6872867345809937, 1.6924649477005005, 1.685063123703003, 1.6669878959655762, 1.6432958841323853, 1.6199951171875, 1.601965069770813, 1.5916296243667603, 1.5886377096176147, 1.5904713869094849, 1.593623399734497, 1.5948792695999146, 1.592278242111206, 1.5855106115341187, 1.5757180452346802, 1.5648654699325562, 1.554953932762146, 1.54736328125, 1.5425022840499878, 1.5398403406143188, 1.5382400751113892, 1.536434292793274, 1.533469557762146, 1.528968334197998, 1.5231586694717407, 1.516690969467163, 1.5103445053100586, 1.5047341585159302, 1.500125527381897, 1.4963973760604858, 1.4931472539901733, 1.4898797273635864, 1.486195683479309, 1.4819189310073853, 1.4771223068237305, 1.4720590114593506, 1.4670405387878418, 1.462309718132019, 1.4579627513885498, 1.453934907913208, 1.450050711631775, 1.4461076259613037, 1.441957950592041, 1.437556505203247, 1.432961106300354, 1.4282928705215454, 1.423677921295166, 1.419195294380188, 1.4148520231246948, 1.4105911254882812, 1.406325101852417, 1.4019759893417358, 1.3975067138671875, 1.3929294347763062, 1.3882927894592285, 1.3836544752120972, 1.3790545463562012, 1.3745006322860718, 1.369968295097351, 1.3654173612594604, 1.3608124256134033, 1.356136441230774, 1.3513977527618408, 1.3466196060180664, 1.3418289422988892, 1.3370410203933716], "val_loss": [], "train_metrics_score": {"MeanSquaredError": [9.90356241459267e-08, 5.1463754147107466e-08, 3.075527743590101e-08, 3.643489776550268e-08, 5.2613359002862126e-08, 5.8672849689855866e-08, 5.1921123400688884e-08, 3.9503646576122264e-08, 2.357848849499078e-08, 1.5156649268988076e-08, 1.1798769961046673e-08, 1.2913983660212125e-08, 1.4923550395451457e-08, 1.648940006759858e-08, 1.6440392158756367e-08, 1.4411484450249645e-08, 1.1559706081243348e-08, 8.46580050506418e-09, 6.368013671931294e-09, 5.262406066464109e-09, 5.152924753559773e-09, 5.579275708100795e-09, 6.129645679919804e-09, 6.3332583621900085e-09, 6.309509359425647e-09, 5.883064257972137e-09, 4.976655088029247e-09, 4.27152224702354e-09, 3.6701066630229207e-09, 3.2842546460187805e-09, 3.1249676180067354e-09, 3.170447904210505e-09, 3.312035534719371e-09, 3.395674630368717e-09, 3.4543816695986607e-09, 3.29493388129265e-09, 3.2025524454581955e-09, 2.9653812738672514e-09, 2.6724142898615355e-09, 2.479283445211422e-09, 2.5010791215862582e-09, 2.44407383220846e-09, 2.46120701596908e-09, 2.475107674371202e-09, 2.510273544586994e-09, 2.531628240376449e-09, 2.4204580562070532e-09, 2.3557908956917117e-09, 2.2620918471716323e-09, 2.210565730464964e-09, 2.14230744255417e-09, 2.1298267594005438e-09, 2.126710141325816e-09, 2.1003541128550296e-09, 2.1421397988774515e-09, 2.0990604809867364e-09, 2.0909509679256644e-09, 2.0234673936414538e-09, 2.0507266995650753e-09, 2.018973210837771e-09, 1.9877364199061276e-09, 1.9521795291410626e-09, 1.9734900380541376e-09, 1.9932420158852437e-09, 1.975613006521826e-09, 1.971660834598765e-09, 1.9533021866635636e-09, 1.920400505284192e-09, 1.9066885847962567e-09, 1.9115704574801384e-09, 1.8898180798032627e-09, 1.9583199506456594e-09, 1.898359025531704e-09, 1.900061663562269e-09, 1.9003301154896235e-09, 1.9347552449033856e-09, 1.926866666224214e-09, 1.9320014477131053e-09, 1.908689650775841e-09, 1.909916003128842e-09, 1.9498460623879055e-09, 1.923940340375907e-09, 1.909880253947449e-09, 1.943517791147542e-09, 1.9319272848150604e-09, 1.938044613680745e-09, 1.952950912098572e-09, 1.9468016088097784e-09, 1.9750863167189436e-09, 1.973669672139522e-09, 1.9950281426872607e-09, 2.014266975436385e-09, 2.00037608699688e-09, 2.0232640007833425e-09, 2.0029837788371196e-09, 2.052661152163182e-09, 2.0547927803704624e-09, 2.087954698026806e-09, 2.0726220739675227e-09, 2.0765529296085106e-09], "R2Score": [0.9999998807907104, 0.9999999403953552, 0.9999999403953552, 0.9999999403953552, 0.9999999403953552, 0.9999999403953552, 0.9999999403953552, 0.9999999403953552, 1.0, 1.0, 1.0, 1.0, 1.0, 1.0, 1.0, 1.0, 1.0, 1.0, 1.0, 1.0, 1.0, 1.0, 1.0, 1.0, 1.0, 1.0, 1.0, 1.0, 1.0, 1.0, 1.0, 1.0, 1.0, 1.0, 1.0, 1.0, 1.0, 1.0, 1.0, 1.0, 1.0, 1.0, 1.0, 1.0, 1.0, 1.0, 1.0, 1.0, 1.0, 1.0, 1.0, 1.0, 1.0, 1.0, 1.0, 1.0, 1.0, 1.0, 1.0, 1.0, 1.0, 1.0, 1.0, 1.0, 1.0, 1.0, 1.0, 1.0, 1.0, 1.0, 1.0, 1.0, 1.0, 1.0, 1.0, 1.0, 1.0, 1.0, 1.0, 1.0, 1.0, 1.0, 1.0, 1.0, 1.0, 1.0, 1.0, 1.0, 1.0, 1.0, 1.0, 1.0, 1.0, 1.0, 1.0, 1.0, 1.0, 1.0, 1.0, 1.0]}, "val_metrics_score": {"MeanSquaredError": [], "R2Score": []}, "early_stopping_criterion_evaluations": [0, 0, 0, 0, 0, 0, 0, 0, 0, 0, 0, 0, 0, 0, 0, 0, 0, 0, 0, 0, 0, 0, 0, 0, 0, 0, 0, 0, 0, 0, 0, 0, 0, 0, 0, 0, 0, 0, 0, 0, 0, 0, 0, 0, 0, 0, 0, 0, 0, 0, 0, 0, 0, 0, 0, 0, 0, 0, 0, 0, 0, 0, 0, 0, 0, 0, 0, 0, 0, 0, 0, 0, 0, 0, 0, 0, 0, 0, 0, 0, 0, 0, 0, 0, 0, 0, 0, 0, 0, 0, 0, 0, 0, 0, 0, 0, 0, 0, 0, 0]}