{"current_epoch": 100, "best_epoch": 100, "train_loss": [6.856778621673584, 4.907413005828857, 2.8326516151428223, 1.9345977306365967, 2.3253512382507324, 3.258216142654419, 3.859179973602295, 3.742046594619751, 3.0887351036071777, 2.3263237476348877, 1.8018258810043335, 1.6439943313598633, 1.7823742628097534, 2.041459083557129, 2.246328115463257, 2.2962286472320557, 2.1850597858428955, 1.9759219884872437, 1.7556848526000977, 1.5949136018753052, 1.5263316631317139, 1.5429205894470215, 1.610091209411621, 1.6841192245483398, 1.729331374168396, 1.7286088466644287, 1.68511962890625, 1.6166843175888062, 1.5464329719543457, 1.4937913417816162, 1.468682885169983, 1.4700987339019775, 1.4885536432266235, 1.5108556747436523, 1.5252113342285156, 1.5249230861663818, 1.5096986293792725, 1.4845584630966187, 1.4571419954299927, 1.4346085786819458, 1.4212533235549927, 1.4175176620483398, 1.4204858541488647, 1.4254639148712158, 1.4279162883758545, 1.4250380992889404, 1.4164633750915527, 1.4039872884750366, 1.3905596733093262, 1.379011869430542, 1.3710315227508545, 1.366713285446167, 1.364770770072937, 1.363236427307129, 1.3603155612945557, 1.3550491333007812, 1.3475558757781982, 1.3388177156448364, 1.330155611038208, 1.3226431608200073, 1.3167061805725098, 1.3120416402816772, 1.3078503608703613, 1.303244948387146, 1.2976391315460205, 1.2909549474716187, 1.283582329750061, 1.2761365175247192, 1.2691490650177002, 1.2628374099731445, 1.2570477724075317, 1.2513775825500488, 1.245400071144104, 1.2388709783554077, 1.2318201065063477, 1.2244987487792969, 1.2172216176986694, 1.2101988792419434, 1.20343816280365, 1.1967693567276, 1.1899560689926147, 1.1828322410583496, 1.1753814220428467, 1.167728304862976, 1.1600463390350342, 1.152451992034912, 1.1449414491653442, 1.1374090909957886, 1.1297216415405273, 1.1218054294586182, 1.113684058189392, 1.1054497957229614, 1.0971965789794922, 1.0889549255371094, 1.0806788206100464, 1.0722874402999878, 1.0637249946594238, 1.0549989938735962, 1.0461674928665161, 1.0372898578643799], "val_loss": [], "train_metrics_score": {"MeanSquaredError": [8.95686937951723e-08, 4.115876350851977e-08, 2.0613583728845697e-08, 2.7180615091992877e-08, 4.340983750239502e-08, 5.166570105075152e-08, 4.870428327308218e-08, 3.3946420785468945e-08, 1.978633967780752e-08, 1.0827779561850548e-08, 7.758738540530885e-09, 9.576277548717371e-09, 1.2421081940772183e-08, 1.4746555976330455e-08, 1.4383736868239794e-08, 1.2692220607846139e-08, 9.242382859042664e-09, 6.462496315862154e-09, 4.475115833457721e-09, 3.5674594389689673e-09, 3.56065354978341e-09, 4.226752281510926e-09, 4.92460650036719e-09, 5.165178507127166e-09, 5.120254886747944e-09, 4.492426430857677e-09, 3.853843022483261e-09, 2.8683091457537557e-09, 2.4101769469098144e-09, 2.034168389286606e-09, 2.0138770651101368e-09, 2.206795635117942e-09, 2.3642534596746145e-09, 2.552034805702874e-09, 2.6374145090102274e-09, 2.6126738550402706e-09, 2.3337025645275844e-09, 1.9956980512603195e-09, 1.8295076564811552e-09, 1.6713014305835827e-09, 1.6066432628747407e-09, 1.6481327413941926e-09, 1.7106215333129171e-09, 1.7597459045504138e-09, 1.8093352371906235e-09, 1.7440895394571498e-09, 1.6543070247010405e-09, 1.5233431183148127e-09, 1.4601644338085862e-09, 1.4289552874302558e-09, 1.518059677962924e-09, 1.5363044170157991e-09, 1.4708931850293538e-09, 1.5032857181296322e-09, 1.45636169790464e-09, 1.4574331741457058e-09, 1.469099397688467e-09, 1.4126920744317317e-09, 1.416119665975657e-09, 1.3945802290749043e-09, 1.368648860911037e-09, 1.4979022466832248e-09, 1.4173550111351574e-09, 1.5096923711155341e-09, 1.4654999436203298e-09, 1.3920603558759126e-09, 1.4155604466381533e-09, 1.4246070989543114e-09, 1.4585872509798037e-09, 1.4445030727117114e-09, 1.5232913819218652e-09, 1.4776000423211144e-09, 1.5188353907902297e-09, 1.524648518547167e-09, 1.5227921146276913e-09, 1.5341271586422067e-09, 1.579417041597253e-09, 1.5034430367322216e-09, 1.5849846990434457e-09, 1.6086828535932796e-09, 1.6135912606074498e-09, 1.6353507437116832e-09, 1.6860026708087616e-09, 1.7210493030717089e-09, 1.6814865055891914e-09, 1.7812774588676916e-09, 1.8562127390708838e-09, 1.7897667792254879e-09, 1.8606628460204888e-09, 1.948269323648333e-09, 1.925922310519468e-09, 1.9747634638633826e-09, 2.0601600425607103e-09, 2.097369833364837e-09, 2.1333574906634567e-09, 2.171440138809544e-09, 2.278767619046107e-09, 2.2875714655867796e-09, 2.4243960172753987e-09, 2.5000528314222947e-09], "R2Score": [0.9999998807907104, 0.9999999403953552, 1.0, 1.0, 0.9999999403953552, 0.9999999403953552, 0.9999999403953552, 0.9999999403953552, 1.0, 1.0, 1.0, 1.0, 1.0, 1.0, 1.0, 1.0, 1.0, 1.0, 1.0, 1.0, 1.0, 1.0, 1.0, 1.0, 1.0, 1.0, 1.0, 1.0, 1.0, 1.0, 1.0, 1.0, 1.0, 1.0, 1.0, 1.0, 1.0, 1.0, 1.0, 1.0, 1.0, 1.0, 1.0, 1.0, 1.0, 1.0, 1.0, 1.0, 1.0, 1.0, 1.0, 1.0, 1.0, 1.0, 1.0, 1.0, 1.0, 1.0, 1.0, 1.0, 1.0, 1.0, 1.0, 1.0, 1.0, 1.0, 1.0, 1.0, 1.0, 1.0, 1.0, 1.0, 1.0, 1.0, 1.0, 1.0, 1.0, 1.0, 1.0, 1.0, 1.0, 1.0, 1.0, 1.0, 1.0, 1.0, 1.0, 1.0, 1.0, 1.0, 1.0, 1.0, 1.0, 1.0, 1.0, 1.0, 1.0, 1.0, 1.0, 1.0]}, "val_metrics_score": {"MeanSquaredError": [], "R2Score": []}, "early_stopping_criterion_evaluations": [0, 0, 0, 0, 0, 0, 0, 0, 0, 0, 0, 0, 0, 0, 0, 0, 0, 0, 0, 0, 0, 0, 0, 0, 0, 0, 0, 0, 0, 0, 0, 0, 0, 0, 0, 0, 0, 0, 0, 0, 0, 0, 0, 0, 0, 0, 0, 0, 0, 0, 0, 0, 0, 0, 0, 0, 0, 0, 0, 0, 0, 0, 0, 0, 0, 0, 0, 0, 0, 0, 0, 0, 0, 0, 0, 0, 0, 0, 0, 0, 0, 0, 0, 0, 0, 0, 0, 0, 0, 0, 0, 0, 0, 0, 0, 0, 0, 0, 0, 0]}