{"current_epoch": 100, "best_epoch": 100, "train_loss": [13.04340934753418, 5.609067916870117, 3.172513484954834, 3.691835880279541, 4.873565673828125, 5.337405204772949, 4.944408416748047, 4.10175085067749, 3.232743501663208, 2.5932400226593018, 2.248379707336426, 2.124591588973999, 2.106755256652832, 2.1064023971557617, 2.0812227725982666, 2.0240695476531982, 1.9429409503936768, 1.8484103679656982, 1.7492254972457886, 1.6515681743621826, 1.5598111152648926, 1.4770095348358154, 1.4043917655944824, 1.341055154800415, 1.2852609157562256, 1.235917568206787, 1.1924148797988892, 1.1539273262023926, 1.1192033290863037, 1.0869380235671997, 1.0561963319778442, 1.0265281200408936, 0.9978928565979004, 0.9705197215080261, 0.9447593688964844, 0.9209499955177307, 0.8993173241615295, 0.8799155354499817, 0.862617015838623, 0.8471469879150391, 0.8331642150878906, 0.8203478455543518, 0.8084663152694702, 0.7974022626876831, 0.7871260643005371, 0.7776274085044861, 0.7688142657279968, 0.7604591250419617, 0.7522493004798889, 0.7439182996749878, 0.7353435754776001, 0.7265469431877136, 0.7176460027694702, 0.7087926268577576, 0.7001327276229858, 0.6917800903320312, 0.6838086843490601, 0.6762477159500122, 0.6690927147865295, 0.6623048186302185, 0.6558110117912292, 0.649501621723175, 0.6432462930679321, 0.6369293928146362, 0.6304866671562195, 0.6239118576049805, 0.6172361969947815, 0.6104973554611206, 0.6037282347679138, 0.5969514846801758, 0.5901952385902405, 0.5834919214248657, 0.5768754482269287, 0.5703603625297546, 0.563930332660675, 0.5575401782989502, 0.5511350035667419, 0.5446716547012329, 0.5381423830986023, 0.5315624475479126, 0.5249584913253784, 0.5183517336845398, 0.511753499507904, 0.5051669478416443, 0.49859291315078735, 0.49203023314476013, 0.4854658246040344, 0.47887587547302246, 0.4722359776496887, 0.4655374586582184, 0.45879217982292175, 0.45202314853668213, 0.44525039196014404, 0.4384861886501312, 0.43173664808273315, 0.42500928044319153, 0.4183093309402466, 0.41163504123687744, 0.4049876928329468, 0.3983686864376068], "val_loss": [], "train_metrics_score": {"MeanSquaredError": [2.1703569075270934e-07, 1.0349464218961657e-07, 1.154225017785393e-07, 1.4959762495436735e-07, 1.5572757661175274e-07, 1.3337313475858537e-07, 9.867975592214862e-08, 6.91201478275616e-08, 4.8192500656796255e-08, 3.7215453829730905e-08, 3.2195597299278234e-08, 2.9327646089427617e-08, 2.6990887747047054e-08, 2.4759646777283706e-08, 2.262291154409013e-08, 2.0954995960664746e-08, 1.9580737031787976e-08, 1.8585099681445172e-08, 1.7955024134153064e-08, 1.7635668925208847e-08, 1.761155132840031e-08, 1.788421677417773e-08, 1.853754305614075e-08, 1.949134009748832e-08, 2.0611999218544952e-08, 2.17689208881211e-08, 2.3244353997142753e-08, 2.4786661612097305e-08, 2.6502560146468568e-08, 2.8460140910624432e-08, 3.0748854129569736e-08, 3.327281916654101e-08, 3.6190158425597474e-08, 3.9418015518322136e-08, 4.291086952434853e-08, 4.627310445926014e-08, 4.9631982079745285e-08, 5.264944746841138e-08, 5.5301878632008084e-08, 5.716665185673264e-08, 5.845336659149325e-08, 5.933558000492667e-08, 5.93554005945407e-08, 5.919874723758767e-08, 5.840371741783201e-08, 5.767818933577473e-08, 5.6713034268796036e-08, 5.587899210013347e-08, 5.528165658574835e-08, 5.497653532415825e-08, 5.472213615576038e-08, 5.4859821574382295e-08, 5.511487088938338e-08, 5.56306432031306e-08, 5.6103964141129836e-08, 5.7117741647516596e-08, 5.7880004789012673e-08, 5.902443334093732e-08, 6.016576747924773e-08, 6.11840675901476e-08, 6.237912231199516e-08, 6.400162533282128e-08, 6.554149933890585e-08, 6.743328384573033e-08, 6.941113639413743e-08, 7.133196788799978e-08, 7.282145020326425e-08, 7.371749433104924e-08, 7.437984805847009e-08, 7.425416015394148e-08, 7.373868982085696e-08, 7.25655056044161e-08, 7.159610504459124e-08, 7.04056404288167e-08, 6.993361267859655e-08, 6.982175193570583e-08, 7.011493607933517e-08, 7.068171470336893e-08, 7.211760788550237e-08, 7.336453222706041e-08, 7.5125178966573e-08, 7.65677654612773e-08, 7.76218911369142e-08, 7.873675400560387e-08, 7.915885191778216e-08, 7.977720173357739e-08, 7.988523975654971e-08, 8.051824096355631e-08, 8.073324408996996e-08, 8.112085936318181e-08, 8.155302566592582e-08, 8.198210821319663e-08, 8.203119250538293e-08, 8.208611035342983e-08, 8.186711397684121e-08, 8.182630750752651e-08, 8.234608372958974e-08, 8.262375672529743e-08, 8.372080628760159e-08, 8.462328793257257e-08], "R2Score": [0.9999997615814209, 0.9999998807907104, 0.9999998807907104, 0.9999998211860657, 0.9999998211860657, 0.9999998807907104, 0.9999998807907104, 0.9999999403953552, 0.9999999403953552, 0.9999999403953552, 0.9999999403953552, 1.0, 1.0, 1.0, 1.0, 1.0, 1.0, 1.0, 1.0, 1.0, 1.0, 1.0, 1.0, 1.0, 1.0, 1.0, 1.0, 1.0, 1.0, 1.0, 0.9999999403953552, 0.9999999403953552, 0.9999999403953552, 0.9999999403953552, 0.9999999403953552, 0.9999999403953552, 0.9999999403953552, 0.9999999403953552, 0.9999999403953552, 0.9999999403953552, 0.9999999403953552, 0.9999999403953552, 0.9999999403953552, 0.9999999403953552, 0.9999999403953552, 0.9999999403953552, 0.9999999403953552, 0.9999999403953552, 0.9999999403953552, 0.9999999403953552, 0.9999999403953552, 0.9999999403953552, 0.9999999403953552, 0.9999999403953552, 0.9999999403953552, 0.9999999403953552, 0.9999999403953552, 0.9999999403953552, 0.9999999403953552, 0.9999999403953552, 0.9999999403953552, 0.9999999403953552, 0.9999999403953552, 0.9999999403953552, 0.9999999403953552, 0.9999999403953552, 0.9999999403953552, 0.9999999403953552, 0.9999999403953552, 0.9999999403953552, 0.9999999403953552, 0.9999999403953552, 0.9999999403953552, 0.9999999403953552, 0.9999999403953552, 0.9999999403953552, 0.9999999403953552, 0.9999999403953552, 0.9999999403953552, 0.9999999403953552, 0.9999999403953552, 0.9999999403953552, 0.9999999403953552, 0.9999999403953552, 0.9999999403953552, 0.9999999403953552, 0.9999999403953552, 0.9999999403953552, 0.9999999403953552, 0.9999999403953552, 0.9999999403953552, 0.9999999403953552, 0.9999999403953552, 0.9999999403953552, 0.9999999403953552, 0.9999999403953552, 0.9999999403953552, 0.9999999403953552, 0.9999999403953552, 0.9999999403953552]}, "val_metrics_score": {"MeanSquaredError": [], "R2Score": []}, "early_stopping_criterion_evaluations": [0, 0, 0, 0, 0, 0, 0, 0, 0, 0, 0, 0, 0, 0, 0, 0, 0, 0, 0, 0, 0, 0, 0, 0, 0, 0, 0, 0, 0, 0, 0, 0, 0, 0, 0, 0, 0, 0, 0, 0, 0, 0, 0, 0, 0, 0, 0, 0, 0, 0, 0, 0, 0, 0, 0, 0, 0, 0, 0, 0, 0, 0, 0, 0, 0, 0, 0, 0, 0, 0, 0, 0, 0, 0, 0, 0, 0, 0, 0, 0, 0, 0, 0, 0, 0, 0, 0, 0, 0, 0, 0, 0, 0, 0, 0, 0, 0, 0, 0, 0]}