{"current_epoch": 100, "best_epoch": 100, "train_loss": [7.142604827880859, 5.1791300773620605, 3.1204113960266113, 2.257565498352051, 2.6703176498413086, 3.579612970352173, 4.117046356201172, 3.935185194015503, 3.2472305297851562, 2.4841344356536865, 1.9777984619140625, 1.8375277519226074, 1.9793237447738647, 2.2248353958129883, 2.4059603214263916, 2.4326043128967285, 2.3066141605377197, 2.0931146144866943, 1.8758838176727295, 1.7202398777008057, 1.6543970108032227, 1.6692811250686646, 1.7309656143188477, 1.798185110092163, 1.838016390800476, 1.8350239992141724, 1.7923767566680908, 1.7264761924743652, 1.6584789752960205, 1.606245756149292, 1.5791970491409302, 1.5769962072372437, 1.5916134119033813, 1.611416220664978, 1.625594139099121, 1.6274666786193848, 1.615828037261963, 1.5942721366882324, 1.569098711013794, 1.5467464923858643, 1.5316596031188965, 1.525197148323059, 1.5257349014282227, 1.529721736907959, 1.5331790447235107, 1.5330837965011597, 1.5282015800476074, 1.519179105758667, 1.5079971551895142, 1.4970664978027344, 1.4883296489715576, 1.4826748371124268, 1.4798046350479126, 1.478532314300537, 1.4773428440093994, 1.4749728441238403, 1.4708144664764404, 1.46501886844635, 1.458316683769226, 1.4516570568084717, 1.445825219154358, 1.4411793947219849, 1.437585473060608, 1.4345470666885376, 1.431445598602295, 1.4277950525283813, 1.4234037399291992, 1.4184012413024902, 1.4131356477737427, 1.4080018997192383, 1.4032769203186035, 1.3990280628204346, 1.3951164484024048, 1.391286015510559, 1.3872859477996826, 1.3829728364944458, 1.3783537149429321, 1.3735601902008057, 1.368770718574524, 1.3641281127929688, 1.3596802949905396, 1.3553755283355713, 1.3510980606079102, 1.3467299938201904, 1.3422064781188965, 1.337534785270691, 1.3327810764312744, 1.3280308246612549, 1.3233431577682495, 1.3187286853790283, 1.3141489028930664, 1.3095437288284302, 1.3048641681671143, 1.3000942468643188, 1.2952560186386108, 1.2903906106948853, 1.2855349779129028, 1.2807034254074097, 1.2758820056915283, 1.2710410356521606], "val_loss": [], "train_metrics_score": {"MeanSquaredError": [9.4791758442625e-08, 4.703486311541383e-08, 2.6922455376166e-08, 3.4013655891840244e-08, 4.8467686752928785e-08, 5.618800003048818e-08, 5.0031534470917904e-08, 3.598994879894235e-08, 2.1846098263722524e-08, 1.3042443569588613e-08, 1.0337163125484494e-08, 1.1921449605267753e-08, 1.432984131355397e-08, 1.5676251408081043e-08, 1.5369193917535995e-08, 1.3394631181995464e-08, 1.0593502075550987e-08, 7.4051955678555714e-09, 5.359885424383037e-09, 4.5097889866951846e-09, 4.482408666461879e-09, 5.098797384306408e-09, 5.659124280299466e-09, 6.0333342766227815e-09, 5.687817772326298e-09, 5.1124358080301135e-09, 4.269792963640384e-09, 3.819677019123446e-09, 3.0226059433147157e-09, 2.7430064886146965e-09, 2.740122795330535e-09, 2.756111783241977e-09, 2.95664781546634e-09, 3.072324838981899e-09, 3.0712181686709528e-09, 2.920598873856761e-09, 2.7478972430827753e-09, 2.4652544450276537e-09, 2.3651782754541273e-09, 2.131067544652865e-09, 2.1020063467602768e-09, 2.0671495626345404e-09, 2.1329844557271826e-09, 2.2822634893060467e-09, 2.1971791053232437e-09, 2.1451973530872692e-09, 2.1097401603498156e-09, 2.029730605812574e-09, 2.031288692805333e-09, 1.8948855817768617e-09, 1.8731967088569945e-09, 1.902624058303104e-09, 1.8657897449259053e-09, 1.895217094372015e-09, 1.9068708834169e-09, 1.9611281487641463e-09, 1.9284498442573295e-09, 1.8410072355479201e-09, 1.807332949965712e-09, 1.8016897973538448e-09, 1.8622222652808773e-09, 1.7897550108614269e-09, 1.874607580276688e-09, 1.8229466824948304e-09, 1.8461691064786123e-09, 1.8350477803963372e-09, 1.8376735688718782e-09, 1.8347482422242933e-09, 1.8828141268301124e-09, 1.828016737981386e-09, 1.8314403327224227e-09, 1.8388028877325269e-09, 1.8640480270448734e-09, 1.8782622124291493e-09, 1.9253745264791178e-09, 1.8985655270142843e-09, 1.91645233016402e-09, 1.9119998917460634e-09, 1.9732884215528657e-09, 1.962337181637963e-09, 1.9542865103971963e-09, 2.0293793312475827e-09, 2.056701697839003e-09, 2.0269841360942564e-09, 2.171917090620923e-09, 2.1025423624365658e-09, 2.2014119416269295e-09, 2.099177498493532e-09, 2.1740211852971925e-09, 2.1321762133652555e-09, 2.1744570588566603e-09, 2.264713971911192e-09, 2.2354085249531863e-09, 2.3415478445087956e-09, 2.369929363865708e-09, 2.3195712017809456e-09, 2.3589807884860647e-09, 2.4580160129517026e-09, 2.6597879454470785e-09, 2.5370585632344955e-09], "R2Score": [0.9999998807907104, 0.9999999403953552, 1.0, 0.9999999403953552, 0.9999999403953552, 0.9999999403953552, 0.9999999403953552, 0.9999999403953552, 1.0, 1.0, 1.0, 1.0, 1.0, 1.0, 1.0, 1.0, 1.0, 1.0, 1.0, 1.0, 1.0, 1.0, 1.0, 1.0, 1.0, 1.0, 1.0, 1.0, 1.0, 1.0, 1.0, 1.0, 1.0, 1.0, 1.0, 1.0, 1.0, 1.0, 1.0, 1.0, 1.0, 1.0, 1.0, 1.0, 1.0, 1.0, 1.0, 1.0, 1.0, 1.0, 1.0, 1.0, 1.0, 1.0, 1.0, 1.0, 1.0, 1.0, 1.0, 1.0, 1.0, 1.0, 1.0, 1.0, 1.0, 1.0, 1.0, 1.0, 1.0, 1.0, 1.0, 1.0, 1.0, 1.0, 1.0, 1.0, 1.0, 1.0, 1.0, 1.0, 1.0, 1.0, 1.0, 1.0, 1.0, 1.0, 1.0, 1.0, 1.0, 1.0, 1.0, 1.0, 1.0, 1.0, 1.0, 1.0, 1.0, 1.0, 1.0, 1.0]}, "val_metrics_score": {"MeanSquaredError": [], "R2Score": []}, "early_stopping_criterion_evaluations": [0, 0, 0, 0, 0, 0, 0, 0, 0, 0, 0, 0, 0, 0, 0, 0, 0, 0, 0, 0, 0, 0, 0, 0, 0, 0, 0, 0, 0, 0, 0, 0, 0, 0, 0, 0, 0, 0, 0, 0, 0, 0, 0, 0, 0, 0, 0, 0, 0, 0, 0, 0, 0, 0, 0, 0, 0, 0, 0, 0, 0, 0, 0, 0, 0, 0, 0, 0, 0, 0, 0, 0, 0, 0, 0, 0, 0, 0, 0, 0, 0, 0, 0, 0, 0, 0, 0, 0, 0, 0, 0, 0, 0, 0, 0, 0, 0, 0, 0, 0]}