{"current_epoch": 100, "best_epoch": 100, "train_loss": [13.21728801727295, 10.165115356445312, 6.314167499542236, 3.5305821895599365, 2.528881311416626, 3.038472890853882, 4.259459495544434, 5.34885311126709, 5.7840895652771, 5.477588653564453, 4.65939474105835, 3.6722631454467773, 2.8097264766693115, 2.241013765335083, 2.005662441253662, 2.045593500137329, 2.249978542327881, 2.4982516765594482, 2.6927731037139893, 2.7767953872680664, 2.737398386001587, 2.596787929534912, 2.397434949874878, 2.186607599258423, 2.0041539669036865, 1.8753464221954346, 1.8088161945343018, 1.7985458374023438, 1.8284252882003784, 1.8778271675109863, 1.926863670349121, 1.9603439569473267, 1.9699190855026245, 1.9543474912643433, 1.9182318449020386, 1.8698238134384155, 1.818528413772583, 1.7727090120315552, 1.738156795501709, 1.7173961400985718, 1.709797978401184, 1.7123024463653564, 1.7204961776733398, 1.7297592163085938, 1.7362353801727295, 1.737467646598816, 1.732629418373108, 1.7223817110061646, 1.708451271057129, 1.693070411682129, 1.6784155368804932, 1.6661639213562012, 1.657232403755188, 1.6517229080200195, 1.6490451097488403, 1.6481610536575317, 1.647881269454956, 1.6471366882324219, 1.6451793909072876, 1.6416809558868408, 1.6367230415344238, 1.6307052373886108, 1.6242023706436157, 1.6178070306777954, 1.6119989156723022, 1.607060194015503, 1.6030492782592773, 1.599825382232666, 1.5971142053604126, 1.594590187072754, 1.5919559001922607, 1.5890017747879028, 1.5856356620788574, 1.5818829536437988, 1.577858328819275, 1.5737249851226807, 1.5696481466293335, 1.5657581090927124, 1.5621252059936523, 1.5587551593780518, 1.5555975437164307, 1.552567481994629, 1.5495707988739014, 1.5465269088745117, 1.5433846712112427, 1.5401291847229004, 1.5367785692214966, 1.5333741903305054, 1.5299654006958008, 1.5265977382659912, 1.5233017206192017, 1.5200875997543335, 1.5169475078582764, 1.5138587951660156, 1.510792851448059, 1.5077226161956787, 1.5046292543411255, 1.5015041828155518, 1.4983506202697754, 1.4951794147491455], "val_loss": [], "train_metrics_score": {"MeanSquaredError": [2.0456469940199895e-07, 1.1453838766328772e-07, 5.2738176492539424e-08, 3.017475691535765e-08, 3.762961497955075e-08, 5.7145761900301295e-08, 7.315123440321258e-08, 7.69258790001004e-08, 6.798470053581696e-08, 5.277342651766048e-08, 3.6280226822782424e-08, 2.2180158154583296e-08, 1.4322118602194678e-08, 1.0421342899746833e-08, 1.0457407384478756e-08, 1.2407838312356034e-08, 1.4757166155732193e-08, 1.6600862906557268e-08, 1.7174516031559506e-08, 1.6054711338142624e-08, 1.4059227559926057e-08, 1.1534984523109415e-08, 9.261604816401814e-09, 7.360720033489088e-09, 5.819201120971229e-09, 5.000495129081628e-09, 4.850432056002774e-09, 4.832710231994497e-09, 5.257241308953553e-09, 5.85456394475159e-09, 5.909436495699083e-09, 5.875181230408089e-09, 6.046854128527457e-09, 5.227486887804389e-09, 4.8549226860927774e-09, 4.339067327663315e-09, 3.856412966740663e-09, 3.5983211965628925e-09, 3.3495948237316497e-09, 3.2761839907635704e-09, 3.320265395956312e-09, 3.3392466569637236e-09, 3.3501372787014816e-09, 3.478868970674398e-09, 3.477974797050365e-09, 3.4065064102861697e-09, 3.300069106870751e-09, 3.129346115571252e-09, 3.0002891282521205e-09, 2.8637463511671513e-09, 2.733675064092722e-09, 2.690071498889779e-09, 2.618552263911056e-09, 2.5713262630233658e-09, 2.6188411439420634e-09, 2.6198885283434947e-09, 2.6459772151099514e-09, 2.5652377999563214e-09, 2.586697078754696e-09, 2.5216095878022315e-09, 2.4658530772825316e-09, 2.428458545367107e-09, 2.429151768623683e-09, 2.358091277798735e-09, 2.312325442233032e-09, 2.288429001851e-09, 2.298713219772708e-09, 2.296434598036967e-09, 2.296029144588374e-09, 2.2543038546984917e-09, 2.2120008047465944e-09, 2.2226387397239478e-09, 2.2343624728193845e-09, 2.1897426094596995e-09, 2.1345123446536718e-09, 2.1066604016795054e-09, 2.0941814948827187e-09, 2.0882995332982546e-09, 2.10146366974584e-09, 2.0495496411143677e-09, 2.074058036427573e-09, 2.045136060502273e-09, 2.0470689587881452e-09, 2.0548815982124324e-09, 2.023451850519109e-09, 1.9773813697554488e-09, 1.952118910963918e-09, 1.943319061226134e-09, 1.941180993725311e-09, 1.9542742979439254e-09, 1.9518777705229695e-09, 1.9126551453751972e-09, 1.9024415376378556e-09, 1.8717594141293148e-09, 1.8575145865895593e-09, 1.9027772690805023e-09, 1.8805865753535045e-09, 1.866774068659538e-09, 1.8359181952476433e-09, 1.8230784659678534e-09], "R2Score": [0.9999998211860657, 0.9999998807907104, 0.9999999403953552, 0.9999999403953552, 0.9999999403953552, 0.9999999403953552, 0.9999999403953552, 0.9999999403953552, 0.9999999403953552, 0.9999999403953552, 0.9999999403953552, 1.0, 1.0, 1.0, 1.0, 1.0, 1.0, 1.0, 1.0, 1.0, 1.0, 1.0, 1.0, 1.0, 1.0, 1.0, 1.0, 1.0, 1.0, 1.0, 1.0, 1.0, 1.0, 1.0, 1.0, 1.0, 1.0, 1.0, 1.0, 1.0, 1.0, 1.0, 1.0, 1.0, 1.0, 1.0, 1.0, 1.0, 1.0, 1.0, 1.0, 1.0, 1.0, 1.0, 1.0, 1.0, 1.0, 1.0, 1.0, 1.0, 1.0, 1.0, 1.0, 1.0, 1.0, 1.0, 1.0, 1.0, 1.0, 1.0, 1.0, 1.0, 1.0, 1.0, 1.0, 1.0, 1.0, 1.0, 1.0, 1.0, 1.0, 1.0, 1.0, 1.0, 1.0, 1.0, 1.0, 1.0, 1.0, 1.0, 1.0, 1.0, 1.0, 1.0, 1.0, 1.0, 1.0, 1.0, 1.0, 1.0]}, "val_metrics_score": {"MeanSquaredError": [], "R2Score": []}, "early_stopping_criterion_evaluations": [0, 0, 0, 0, 0, 0, 0, 0, 0, 0, 0, 0, 0, 0, 0, 0, 0, 0, 0, 0, 0, 0, 0, 0, 0, 0, 0, 0, 0, 0, 0, 0, 0, 0, 0, 0, 0, 0, 0, 0, 0, 0, 0, 0, 0, 0, 0, 0, 0, 0, 0, 0, 0, 0, 0, 0, 0, 0, 0, 0, 0, 0, 0, 0, 0, 0, 0, 0, 0, 0, 0, 0, 0, 0, 0, 0, 0, 0, 0, 0, 0, 0, 0, 0, 0, 0, 0, 0, 0, 0, 0, 0, 0, 0, 0, 0, 0, 0, 0, 0]}