{"current_epoch": 100, "best_epoch": 100, "train_loss": [6.886058807373047, 4.967365264892578, 2.9122579097747803, 2.0358686447143555, 2.452115058898926, 3.391981601715088, 3.965355634689331, 3.80125093460083, 3.1126818656921387, 2.3461310863494873, 1.8464077711105347, 1.724636197090149, 1.8893637657165527, 2.1519103050231934, 2.3376119136810303, 2.3570618629455566, 2.2187798023223877, 1.9961079359054565, 1.7781982421875, 1.6308685541152954, 1.5786373615264893, 1.6069046258926392, 1.6770269870758057, 1.7455987930297852, 1.7805531024932861, 1.7695199251174927, 1.7194308042526245, 1.649560570716858, 1.5820034742355347, 1.5335088968276978, 1.5111398696899414, 1.51222825050354, 1.5274724960327148, 1.5453492403030396, 1.5561829805374146, 1.5547633171081543, 1.5410215854644775, 1.5188990831375122, 1.4941052198410034, 1.4717779159545898, 1.454940676689148, 1.4441421031951904, 1.4380346536636353, 1.43434476852417, 1.4307587146759033, 1.4254974126815796, 1.4175480604171753, 1.4066015481948853, 1.3928149938583374, 1.3765219449996948, 1.3580050468444824, 1.3373749256134033, 1.314548373222351, 1.2892868518829346, 1.2612553834915161, 1.230078101158142, 1.1953874826431274, 1.156866192817688, 1.1142854690551758, 1.0675404071807861, 1.0166826248168945, 0.9619482159614563, 0.9037777185440063, 0.8428268432617188, 0.779960572719574, 0.7162219285964966, 0.6527682542800903, 0.5907705426216125, 0.5312777757644653, 0.4750642478466034, 0.4224933981895447, 0.37345993518829346, 0.3274592459201813, 0.28380513191223145, 0.24190208315849304, 0.20142897963523865, 0.16232018172740936, 0.12460075318813324, 0.08826995640993118, 0.053363341838121414, 0.020102081820368767, -0.01116615254431963, -0.040329206734895706, -0.06786857545375824, -0.09471160918474197, -0.1216929629445076, -0.14912597835063934, -0.17674797773361206, -0.20393630862236023, -0.2300620973110199, -0.25482338666915894, -0.27841392159461975, -0.3013955056667328, -0.3242967128753662, -0.34727242588996887, -0.3700345754623413, -0.3921244144439697, -0.41322699189186096, -0.4333238899707794, -0.4525902569293976], "val_loss": [], "train_metrics_score": {"MeanSquaredError": [9.050623361872567e-08, 4.294909672353242e-08, 2.306653001937775e-08, 2.9965249837005103e-08, 4.671479558737701e-08, 5.453670226529539e-08, 4.8538030483769035e-08, 3.4548857996696825e-08, 2.0262930888748087e-08, 1.1643573216701952e-08, 9.142930856853582e-09, 1.0842975406433197e-08, 1.3744516635938453e-08, 1.5421790067193797e-08, 1.513072511727387e-08, 1.279259187469961e-08, 9.673779999275212e-09, 6.723951173626119e-09, 4.777223949758991e-09, 3.9884686664493074e-09, 4.1377208326309756e-09, 4.778935469573753e-09, 5.261023616753846e-09, 5.540190528563471e-09, 5.298943506204523e-09, 4.6749351056973865e-09, 3.870556319895968e-09, 3.176552132444499e-09, 2.625666573052854e-09, 2.3505055679606812e-09, 2.3302080265352743e-09, 2.4615554039542076e-09, 2.5731807795636996e-09, 2.664294340704032e-09, 2.606283633355133e-09, 2.4510586893455866e-09, 2.2416095646349277e-09, 2.041685043252528e-09, 1.8576019611415973e-09, 1.7212592462456655e-09, 1.6530948832027548e-09, 1.6031610483580039e-09, 1.5966443722703616e-09, 1.5762293692489493e-09, 1.5450153378893106e-09, 1.5060507285724611e-09, 1.4555660010628912e-09, 1.41615497106784e-09, 1.3395254905290699e-09, 1.2778581526262656e-09, 1.2256876624761048e-09, 1.1764798024671563e-09, 1.144885408699281e-09, 1.1242409225786787e-09, 1.1229005503210487e-09, 1.1480166817179338e-09, 1.1975446190248817e-09, 1.2782990221893442e-09, 1.3872079041021834e-09, 1.5565124744654213e-09, 1.7813078789785664e-09, 2.1001942407394836e-09, 2.562259071581252e-09, 3.218640021174224e-09, 4.155882304957004e-09, 5.5420907862924196e-09, 7.53549311838242e-09, 1.0347918077968643e-08, 1.4206650966741563e-08, 1.941725891185797e-08, 2.5950207316327578e-08, 3.390198344277451e-08, 4.323878854961549e-08, 5.3307225300613936e-08, 6.373173278007016e-08, 7.354028497275067e-08, 8.180809629720898e-08, 8.732978074021958e-08, 9.018077662403812e-08, 9.045155024978158e-08, 9.109229637260796e-08, 9.267092337950089e-08, 9.512423559954186e-08, 1.0066067090974684e-07, 1.0830301988562496e-07, 1.1873167693465803e-07, 1.329010075323822e-07, 1.5030819611183688e-07, 1.715479385211438e-07, 1.9362181546966895e-07, 2.1664112637154176e-07, 2.3825813855182787e-07, 2.541739263506315e-07, 2.6670394959182886e-07, 2.7372459499019897e-07, 2.7595942242442106e-07, 2.771859044514713e-07, 2.7658938961394597e-07, 2.774403640160017e-07, 2.824625937591918e-07], "R2Score": [0.9999998807907104, 0.9999999403953552, 1.0, 0.9999999403953552, 0.9999999403953552, 0.9999999403953552, 0.9999999403953552, 0.9999999403953552, 1.0, 1.0, 1.0, 1.0, 1.0, 1.0, 1.0, 1.0, 1.0, 1.0, 1.0, 1.0, 1.0, 1.0, 1.0, 1.0, 1.0, 1.0, 1.0, 1.0, 1.0, 1.0, 1.0, 1.0, 1.0, 1.0, 1.0, 1.0, 1.0, 1.0, 1.0, 1.0, 1.0, 1.0, 1.0, 1.0, 1.0, 1.0, 1.0, 1.0, 1.0, 1.0, 1.0, 1.0, 1.0, 1.0, 1.0, 1.0, 1.0, 1.0, 1.0, 1.0, 1.0, 1.0, 1.0, 1.0, 1.0, 1.0, 1.0, 1.0, 1.0, 1.0, 1.0, 0.9999999403953552, 0.9999999403953552, 0.9999999403953552, 0.9999999403953552, 0.9999999403953552, 0.9999999403953552, 0.9999999403953552, 0.9999998807907104, 0.9999998807907104, 0.9999998807907104, 0.9999998807907104, 0.9999998807907104, 0.9999998807907104, 0.9999998807907104, 0.9999998807907104, 0.9999998807907104, 0.9999998211860657, 0.9999998211860657, 0.9999998211860657, 0.9999997615814209, 0.9999997615814209, 0.9999997615814209, 0.9999997615814209, 0.9999997019767761, 0.9999997019767761, 0.9999997019767761, 0.9999997019767761, 0.9999997019767761, 0.9999997019767761]}, "val_metrics_score": {"MeanSquaredError": [], "R2Score": []}, "early_stopping_criterion_evaluations": [0, 0, 0, 0, 0, 0, 0, 0, 0, 0, 0, 0, 0, 0, 0, 0, 0, 0, 0, 0, 0, 0, 0, 0, 0, 0, 0, 0, 0, 0, 0, 0, 0, 0, 0, 0, 0, 0, 0, 0, 0, 0, 0, 0, 0, 0, 0, 0, 0, 0, 0, 0, 0, 0, 0, 0, 0, 0, 0, 0, 0, 0, 0, 0, 0, 0, 0, 0, 0, 0, 0, 0, 0, 0, 0, 0, 0, 0, 0, 0, 0, 0, 0, 0, 0, 0, 0, 0, 0, 0, 0, 0, 0, 0, 0, 0, 0, 0, 0, 0]}