{"current_epoch": 100, "best_epoch": 100, "train_loss": [3.806105375289917, 3.543849468231201, 3.1295692920684814, 2.6762917041778564, 2.2901394367218018, 2.0403246879577637, 1.9312444925308228, 1.9105594158172607, 1.919996976852417, 1.9241836071014404, 1.9086757898330688, 1.8705759048461914, 1.8119041919708252, 1.7372465133666992, 1.6528152227401733, 1.5651248693466187, 1.4795386791229248, 1.3993000984191895, 1.3254318237304688, 1.2576372623443604, 1.1953848600387573, 1.138256311416626, 1.085736870765686, 1.0370539426803589, 0.9913558959960938, 0.9480756521224976, 0.907155454158783, 0.8689708113670349, 0.8340502381324768, 0.802783191204071, 0.7752410769462585, 0.7511314153671265, 0.7298737168312073, 0.7107462882995605, 0.6930546760559082, 0.6762745380401611, 0.660123884677887, 0.6445581316947937, 0.6296923160552979, 0.6156936883926392, 0.6026421189308167, 0.590467631816864, 0.5789472460746765, 0.5677967667579651, 0.5567896366119385, 0.5458381175994873, 0.5349776744842529, 0.5243240594863892, 0.5139899253845215, 0.5040508508682251, 0.49451950192451477, 0.48534661531448364, 0.4764549136161804, 0.46774664521217346, 0.45913830399513245, 0.4505680203437805, 0.44201841950416565, 0.4334963262081146, 0.42503461241722107, 0.4166797995567322, 0.4084664285182953, 0.40042465925216675, 0.39254701137542725, 0.38483038544654846, 0.3772532343864441, 0.36979493498802185, 0.36244887113571167, 0.35521620512008667, 0.34811103343963623, 0.34114405512809753, 0.33432528376579285, 0.3276621103286743, 0.3211495876312256, 0.31479236483573914, 0.308585524559021, 0.30253201723098755, 0.2966395616531372, 0.29091304540634155, 0.2853602170944214, 0.27997496724128723, 0.27475592494010925, 0.2696884870529175, 0.2647570073604584, 0.2599453032016754, 0.2552403211593628, 0.25063225626945496, 0.24611686170101166, 0.24168968200683594, 0.2373531311750412, 0.23310492932796478, 0.22893844544887543, 0.22485603392124176, 0.22085388004779816, 0.2169237583875656, 0.2130735069513321, 0.20929443836212158, 0.20559105277061462, 0.20196548104286194, 0.19841934740543365, 0.19495178759098053], "val_loss": [], "train_metrics_score": {"MeanSquaredError": [2.045209335221898e-08, 1.5672018349732753e-08, 1.178127639889226e-08, 8.042011501174784e-09, 5.912979883504477e-09, 5.17612575023918e-09, 5.1257376121327525e-09, 5.146878478967665e-09, 5.247549061948575e-09, 5.305368144803424e-09, 5.34628386006375e-09, 5.229165989106832e-09, 5.162013039239355e-09, 5.037742223379382e-09, 4.871397063510585e-09, 4.7851478335303455e-09, 4.735409397937929e-09, 4.727598312825876e-09, 4.867336755864926e-09, 5.13208409103072e-09, 5.5888729200148646e-09, 6.2757097296639586e-09, 7.243140309753926e-09, 8.523192818188363e-09, 1.0275770456757982e-08, 1.2549860706201343e-08, 1.556673012714782e-08, 1.927832293802112e-08, 2.380692798453765e-08, 2.9238378829177236e-08, 3.550702487586932e-08, 4.231724304304407e-08, 4.928216768007587e-08, 5.676450243186082e-08, 6.29842986654694e-08, 6.93118806793791e-08, 7.410704938592971e-08, 7.84042271106955e-08, 8.131765127927792e-08, 8.36421065741888e-08, 8.53054018534749e-08, 8.64596927385719e-08, 8.757723435337539e-08, 8.862716072144394e-08, 8.941312756860498e-08, 9.138072698533506e-08, 9.322323535343457e-08, 9.544055501464754e-08, 9.827351021840514e-08, 1.0061084054768799e-07, 1.0346190038035274e-07, 1.0592039956236476e-07, 1.087016485712411e-07, 1.1130645560797348e-07, 1.1275330535909234e-07, 1.1391181686803975e-07, 1.1616192097108069e-07, 1.1805528288277856e-07, 1.1845804692711681e-07, 1.200213120000626e-07, 1.204185053893525e-07, 1.217431275790659e-07, 1.229113451017838e-07, 1.23446142197281e-07, 1.2548143502044695e-07, 1.2718304276404524e-07, 1.2896401813122793e-07, 1.3111269936416647e-07, 1.328065764027997e-07, 1.3469968962454004e-07, 1.358309589249984e-07, 1.3761955131030845e-07, 1.388913943856096e-07, 1.4069838982777583e-07, 1.406295524475354e-07, 1.4162611705614836e-07, 1.4230433009743138e-07, 1.4280179527759174e-07, 1.4379661195107474e-07, 1.4427214978240954e-07, 1.4544414739248168e-07, 1.4680614413009607e-07, 1.478258582210401e-07, 1.4884869870002149e-07, 1.5145037934871652e-07, 1.5435782074746385e-07, 1.5660633323477668e-07, 1.5923610874324368e-07, 1.6209497744057444e-07, 1.653242946986211e-07, 1.6845854133862304e-07, 1.7200846968989936e-07, 1.7575840161043743e-07, 1.776174940459896e-07, 1.8100904242146498e-07, 1.8465944151557778e-07, 1.8688966463287215e-07, 1.9032896148019063e-07, 1.9366612491467095e-07, 1.9573455745103274e-07], "R2Score": [1.0, 1.0, 1.0, 1.0, 1.0, 1.0, 1.0, 1.0, 1.0, 1.0, 1.0, 1.0, 1.0, 1.0, 1.0, 1.0, 1.0, 1.0, 1.0, 1.0, 1.0, 1.0, 1.0, 1.0, 1.0, 1.0, 1.0, 1.0, 1.0, 1.0, 0.9999999403953552, 0.9999999403953552, 0.9999999403953552, 0.9999999403953552, 0.9999999403953552, 0.9999999403953552, 0.9999999403953552, 0.9999999403953552, 0.9999999403953552, 0.9999999403953552, 0.9999999403953552, 0.9999999403953552, 0.9999999403953552, 0.9999999403953552, 0.9999998807907104, 0.9999998807907104, 0.9999998807907104, 0.9999998807907104, 0.9999998807907104, 0.9999998807907104, 0.9999998807907104, 0.9999998807907104, 0.9999998807907104, 0.9999998807907104, 0.9999998807907104, 0.9999998807907104, 0.9999998807907104, 0.9999998807907104, 0.9999998807907104, 0.9999998807907104, 0.9999998807907104, 0.9999998807907104, 0.9999998807907104, 0.9999998807907104, 0.9999998807907104, 0.9999998807907104, 0.9999998807907104, 0.9999998807907104, 0.9999998807907104, 0.9999998807907104, 0.9999998807907104, 0.9999998807907104, 0.9999998807907104, 0.9999998807907104, 0.9999998807907104, 0.9999998807907104, 0.9999998807907104, 0.9999998807907104, 0.9999998807907104, 0.9999998807907104, 0.9999998807907104, 0.9999998807907104, 0.9999998807907104, 0.9999998807907104, 0.9999998211860657, 0.9999998211860657, 0.9999998211860657, 0.9999998211860657, 0.9999998211860657, 0.9999998211860657, 0.9999998211860657, 0.9999998211860657, 0.9999998211860657, 0.9999998211860657, 0.9999998211860657, 0.9999998211860657, 0.9999998211860657, 0.9999998211860657, 0.9999998211860657, 0.9999998211860657]}, "val_metrics_score": {"MeanSquaredError": [], "R2Score": []}, "early_stopping_criterion_evaluations": [0, 0, 0, 0, 0, 0, 0, 0, 0, 0, 0, 0, 0, 0, 0, 0, 0, 0, 0, 0, 0, 0, 0, 0, 0, 0, 0, 0, 0, 0, 0, 0, 0, 0, 0, 0, 0, 0, 0, 0, 0, 0, 0, 0, 0, 0, 0, 0, 0, 0, 0, 0, 0, 0, 0, 0, 0, 0, 0, 0, 0, 0, 0, 0, 0, 0, 0, 0, 0, 0, 0, 0, 0, 0, 0, 0, 0, 0, 0, 0, 0, 0, 0, 0, 0, 0, 0, 0, 0, 0, 0, 0, 0, 0, 0, 0, 0, 0, 0, 0]}