{"current_epoch": 100, "best_epoch": 100, "train_loss": [3.6804089546203613, 3.4225242137908936, 3.0045125484466553, 2.539731979370117, 2.1396780014038086, 1.879366159439087, 1.75968599319458, 1.7191643714904785, 1.6995556354522705, 1.6740624904632568, 1.6360937356948853, 1.5866845846176147, 1.5288690328598022, 1.4657714366912842, 1.400095820426941, 1.3340743780136108, 1.2695199251174927, 1.207862377166748, 1.1501384973526, 1.0969539880752563, 1.048467993736267, 1.0044641494750977, 0.9644875526428223, 0.927955150604248, 0.8941982984542847, 0.8624829053878784, 0.832058310508728, 0.8022341132164001, 0.772492527961731, 0.7425855398178101, 0.7125735282897949, 0.6827787756919861, 0.653647780418396, 0.6255900859832764, 0.598855197429657, 0.5734905004501343, 0.5493788719177246, 0.5263059139251709, 0.5040355920791626, 0.48236119747161865, 0.46113085746765137, 0.44025954604148865, 0.41971734166145325, 0.39950940012931824, 0.3796663284301758, 0.36020976305007935, 0.3411386013031006, 0.3224225640296936, 0.3039953112602234, 0.28577423095703125, 0.2676715850830078, 0.24962180852890015, 0.23159950971603394, 0.21363776922225952, 0.19581244885921478, 0.17822884023189545, 0.16097907721996307, 0.14410224556922913, 0.12756599485874176, 0.1112750992178917, 0.09512123465538025, 0.07901985198259354, 0.06293953210115433, 0.046897660940885544, 0.03095298819243908, 0.015171356499195099, -0.0003907012869603932, -0.01572166383266449, -0.030833281576633453, -0.04576095566153526, -0.06054374575614929, -0.07520400732755661, -0.08973076194524765, -0.10410957038402557, -0.11830093711614609, -0.13229507207870483, -0.14607810974121094, -0.15967987477779388, -0.17312157154083252, -0.18643592298030853, -0.1996305137872696, -0.21270164847373962, -0.2256307154893875, -0.23839493095874786, -0.2509911358356476, -0.26342225074768066, -0.27570250630378723, -0.2878512442111969, -0.29986459016799927, -0.3117397427558899, -0.3234621286392212, -0.33502671122550964, -0.34644293785095215, -0.35772010684013367, -0.3688724637031555, -0.37989890575408936, -0.39080116152763367, -0.4015595316886902, -0.41218817234039307, -0.4226854741573334], "val_loss": [], "train_metrics_score": {"MeanSquaredError": [1.857844011965426e-08, 1.4629395472809392e-08, 1.0091954827373684e-08, 6.610770597603732e-09, 4.476742088144192e-09, 3.6878307074772465e-09, 3.438659357257734e-09, 3.3624385498143283e-09, 3.385604019356947e-09, 3.4570351026275148e-09, 3.621673183573648e-09, 3.8796330592560935e-09, 4.201479608667569e-09, 4.591572011491962e-09, 5.152659632301493e-09, 5.756760401709471e-09, 6.6133054588135565e-09, 7.776394639336104e-09, 9.189901284401003e-09, 1.1043462144755267e-08, 1.3311035829133289e-08, 1.6033769867362935e-08, 1.9227442749070178e-08, 2.284599709412305e-08, 2.6736142189065504e-08, 3.0929292904602335e-08, 3.5023877131834524e-08, 3.853108765383695e-08, 4.1878355006019774e-08, 4.501600869843969e-08, 4.798501862524063e-08, 5.0003780671659115e-08, 5.2630483082793944e-08, 5.443092376822278e-08, 5.6486960886559245e-08, 5.826294113830954e-08, 6.059012491732574e-08, 6.290775189654596e-08, 6.538601837746683e-08, 6.92220893938611e-08, 7.290312709073987e-08, 7.71811272670675e-08, 8.230631465266924e-08, 8.752982694204547e-08, 9.390566191314065e-08, 1.0050195697886011e-07, 1.0564800589918377e-07, 1.1186043025190884e-07, 1.1745688510700347e-07, 1.2112691649690532e-07, 1.248938730213922e-07, 1.261748252545658e-07, 1.2663227266784816e-07, 1.2572063212701323e-07, 1.2459504716844094e-07, 1.2281675765279942e-07, 1.2075291522251064e-07, 1.1937240174120234e-07, 1.1807362909621588e-07, 1.1767949104068975e-07, 1.1930153220873763e-07, 1.209038629212955e-07, 1.2360335688299529e-07, 1.2799632997939625e-07, 1.3368484985676332e-07, 1.3927511588462949e-07, 1.4476658805051557e-07, 1.5063004354942677e-07, 1.5526086372119607e-07, 1.593931671095561e-07, 1.6207323483286018e-07, 1.6389850543419016e-07, 1.627480799015757e-07, 1.633804771472569e-07, 1.6265846625174163e-07, 1.6359450683012255e-07, 1.6155810556028882e-07, 1.625544001626622e-07, 1.651556686965705e-07, 1.6858362528182624e-07, 1.745765132454835e-07, 1.7858134526704816e-07, 1.8638854726304999e-07, 1.921806926930003e-07, 1.9930712369387038e-07, 2.0393652278016816e-07, 2.0921524424011295e-07, 2.1184773402183055e-07, 2.1473533706739545e-07, 2.1489499602012074e-07, 2.177952751480916e-07, 2.1915937509220385e-07, 2.2218857509415102e-07, 2.2524579890159657e-07, 2.295961110121425e-07, 2.3565448259432742e-07, 2.414743676126818e-07, 2.4704471002223727e-07, 2.5092666078307957e-07, 2.5629978495089745e-07], "R2Score": [1.0, 1.0, 1.0, 1.0, 1.0, 1.0, 1.0, 1.0, 1.0, 1.0, 1.0, 1.0, 1.0, 1.0, 1.0, 1.0, 1.0, 1.0, 1.0, 1.0, 1.0, 1.0, 1.0, 1.0, 1.0, 0.9999999403953552, 0.9999999403953552, 0.9999999403953552, 0.9999999403953552, 0.9999999403953552, 0.9999999403953552, 0.9999999403953552, 0.9999999403953552, 0.9999999403953552, 0.9999999403953552, 0.9999999403953552, 0.9999999403953552, 0.9999999403953552, 0.9999999403953552, 0.9999999403953552, 0.9999999403953552, 0.9999999403953552, 0.9999999403953552, 0.9999999403953552, 0.9999998807907104, 0.9999998807907104, 0.9999998807907104, 0.9999998807907104, 0.9999998807907104, 0.9999998807907104, 0.9999998807907104, 0.9999998807907104, 0.9999998807907104, 0.9999998807907104, 0.9999998807907104, 0.9999998807907104, 0.9999998807907104, 0.9999998807907104, 0.9999998807907104, 0.9999998807907104, 0.9999998807907104, 0.9999998807907104, 0.9999998807907104, 0.9999998807907104, 0.9999998807907104, 0.9999998807907104, 0.9999998807907104, 0.9999998211860657, 0.9999998211860657, 0.9999998211860657, 0.9999998211860657, 0.9999998211860657, 0.9999998211860657, 0.9999998211860657, 0.9999998211860657, 0.9999998211860657, 0.9999998211860657, 0.9999998211860657, 0.9999998211860657, 0.9999998211860657, 0.9999998211860657, 0.9999998211860657, 0.9999998211860657, 0.9999998211860657, 0.9999998211860657, 0.9999998211860657, 0.9999997615814209, 0.9999997615814209, 0.9999997615814209, 0.9999997615814209, 0.9999997615814209, 0.9999997615814209, 0.9999997615814209, 0.9999997615814209, 0.9999997615814209, 0.9999997615814209, 0.9999997615814209, 0.9999997615814209, 0.9999997615814209, 0.9999997615814209]}, "val_metrics_score": {"MeanSquaredError": [], "R2Score": []}, "early_stopping_criterion_evaluations": [0, 0, 0, 0, 0, 0, 0, 0, 0, 0, 0, 0, 0, 0, 0, 0, 0, 0, 0, 0, 0, 0, 0, 0, 0, 0, 0, 0, 0, 0, 0, 0, 0, 0, 0, 0, 0, 0, 0, 0, 0, 0, 0, 0, 0, 0, 0, 0, 0, 0, 0, 0, 0, 0, 0, 0, 0, 0, 0, 0, 0, 0, 0, 0, 0, 0, 0, 0, 0, 0, 0, 0, 0, 0, 0, 0, 0, 0, 0, 0, 0, 0, 0, 0, 0, 0, 0, 0, 0, 0, 0, 0, 0, 0, 0, 0, 0, 0, 0, 0]}