{"current_epoch": 100, "best_epoch": 100, "train_loss": [12.954212188720703, 5.410004138946533, 2.8865301609039307, 3.3741843700408936, 4.602120399475098, 5.142648220062256, 4.805415153503418, 3.9837048053741455, 3.1093392372131348, 2.4532647132873535, 2.094925880432129, 1.9685816764831543, 1.959141731262207, 1.9771276712417603, 1.9771032333374023, 1.9482568502426147, 1.8974554538726807, 1.835961937904358, 1.7725242376327515, 1.7114545106887817, 1.6534852981567383, 1.597530484199524, 1.5422179698944092, 1.486667513847351, 1.430650234222412, 1.3744988441467285, 1.318914532661438, 1.2646805047988892, 1.2123757600784302, 1.162235975265503, 1.1142909526824951, 1.0685981512069702, 1.0252375602722168, 0.9841145277023315, 0.9449711441993713, 0.9076017737388611, 0.8719547986984253, 0.838116466999054, 0.806210458278656, 0.7762541174888611, 0.7480619549751282, 0.7212502956390381, 0.6952866315841675, 0.6695973873138428, 0.6437443494796753, 0.61751389503479, 0.5908461213111877, 0.5637558102607727, 0.536324679851532, 0.5087475776672363, 0.4813697338104248, 0.45465806126594543, 0.42913031578063965, 0.40523913502693176, 0.38326045870780945, 0.36322686076164246, 0.34493184089660645, 0.3280261158943176, 0.31212660670280457, 0.29686209559440613, 0.28187161684036255, 0.2667831480503082, 0.2512379586696625, 0.23495124280452728, 0.2177468091249466, 0.1995985358953476, 0.18063956499099731, 0.16117286682128906, 0.14164085686206818, 0.12255317717790604, 0.10433082282543182, 0.0871291384100914, 0.0707952082157135, 0.05494880676269531, 0.039141006767749786, 0.022992629557847977, 0.006297531072050333, -0.010951080359518528, -0.028564682230353355, -0.0462549589574337, -0.063741534948349, -0.08084617555141449, -0.09753914177417755, -0.11392631381750107, -0.1301775425672531, -0.1464424878358841, -0.16278061270713806, -0.17914222180843353, -0.19540955126285553, -0.21145522594451904, -0.22720710933208466, -0.24267646670341492, -0.2579541802406311, -0.2731671929359436, -0.2884153127670288, -0.30371078848838806, -0.3189987242221832, -0.33417564630508423, -0.3491535186767578, -0.36390236020088196], "val_loss": [], "train_metrics_score": {"MeanSquaredError": [2.084597809925981e-07, 9.172107695576415e-08, 1.0417656426398025e-07, 1.4024588779193436e-07, 1.4904836120877007e-07, 1.2839770135997242e-07, 9.615182250399812e-08, 6.532821572591274e-08, 4.465779923634727e-08, 3.389102332107541e-08, 2.9120332811771732e-08, 2.7086967335776535e-08, 2.5675305437289353e-08, 2.4479845706082415e-08, 2.3503885060449647e-08, 2.304544466369407e-08, 2.2940662702808368e-08, 2.3360986034504094e-08, 2.3967231754795648e-08, 2.4569983381184102e-08, 2.527516862471657e-08, 2.5857058716383108e-08, 2.628935646953323e-08, 2.6765203386958092e-08, 2.7165485860791705e-08, 2.7522862211526444e-08, 2.787974118234615e-08, 2.8263441365083963e-08, 2.8682318742312418e-08, 2.9332632323075813e-08, 3.019553673766495e-08, 3.132815606932127e-08, 3.280945648498346e-08, 3.446659135875052e-08, 3.620000299520143e-08, 3.77976441257033e-08, 3.9307870736138284e-08, 4.033828204796919e-08, 4.066529868396174e-08, 4.038934520167459e-08, 3.939187109835984e-08, 3.7920454332152076e-08, 3.625576994181756e-08, 3.495914668860678e-08, 3.391226144344728e-08, 3.365881795502901e-08, 3.393244796257022e-08, 3.4755743172354414e-08, 3.6346566645306666e-08, 3.872828457929245e-08, 4.1913246207059274e-08, 4.581809776027512e-08, 5.088676857667451e-08, 5.7141470222177304e-08, 6.47969287115302e-08, 7.342331542758984e-08, 8.407685214706362e-08, 9.552199031759301e-08, 1.0797859317790426e-07, 1.201994876964818e-07, 1.3279155552936572e-07, 1.437316115016074e-07, 1.5309782952499518e-07, 1.5974313782862737e-07, 1.6268946012587548e-07, 1.6259726010048325e-07, 1.5925166962915682e-07, 1.534215812171169e-07, 1.4614839471960295e-07, 1.3875479965008708e-07, 1.315162876380782e-07, 1.2481613964610005e-07, 1.1928278809136827e-07, 1.1614410766469518e-07, 1.1545207456720163e-07, 1.1722401893621281e-07, 1.2162276163962815e-07, 1.2869966781181574e-07, 1.383738919003008e-07, 1.4894169453327777e-07, 1.6103128075428685e-07, 1.734952235210585e-07, 1.8511076405047788e-07, 1.957242403705095e-07, 2.0198034178520174e-07, 2.0499822994679562e-07, 2.044821059143942e-07, 2.0173170867110457e-07, 1.9607119838838116e-07, 1.903776336575902e-07, 1.8568009352293302e-07, 1.8292723780177766e-07, 1.8192503148384276e-07, 1.8560700709713274e-07, 1.905200974761101e-07, 1.9929157701881195e-07, 2.0941591571954632e-07, 2.2130420518351457e-07, 2.3357306133675593e-07, 2.4493476757925237e-07], "R2Score": [0.9999998211860657, 0.9999998807907104, 0.9999998807907104, 0.9999998807907104, 0.9999998211860657, 0.9999998807907104, 0.9999998807907104, 0.9999999403953552, 0.9999999403953552, 0.9999999403953552, 1.0, 1.0, 1.0, 1.0, 1.0, 1.0, 1.0, 1.0, 1.0, 1.0, 1.0, 1.0, 1.0, 1.0, 1.0, 1.0, 1.0, 1.0, 1.0, 1.0, 0.9999999403953552, 0.9999999403953552, 0.9999999403953552, 0.9999999403953552, 0.9999999403953552, 0.9999999403953552, 0.9999999403953552, 0.9999999403953552, 0.9999999403953552, 0.9999999403953552, 0.9999999403953552, 0.9999999403953552, 0.9999999403953552, 0.9999999403953552, 0.9999999403953552, 0.9999999403953552, 0.9999999403953552, 0.9999999403953552, 0.9999999403953552, 0.9999999403953552, 0.9999999403953552, 0.9999999403953552, 0.9999999403953552, 0.9999999403953552, 0.9999999403953552, 0.9999999403953552, 0.9999999403953552, 0.9999998807907104, 0.9999998807907104, 0.9999998807907104, 0.9999998807907104, 0.9999998807907104, 0.9999998211860657, 0.9999998211860657, 0.9999998211860657, 0.9999998211860657, 0.9999998211860657, 0.9999998211860657, 0.9999998807907104, 0.9999998807907104, 0.9999998807907104, 0.9999998807907104, 0.9999998807907104, 0.9999998807907104, 0.9999998807907104, 0.9999998807907104, 0.9999998807907104, 0.9999998807907104, 0.9999998807907104, 0.9999998807907104, 0.9999998211860657, 0.9999998211860657, 0.9999998211860657, 0.9999998211860657, 0.9999998211860657, 0.9999998211860657, 0.9999998211860657, 0.9999998211860657, 0.9999998211860657, 0.9999998211860657, 0.9999998211860657, 0.9999998211860657, 0.9999998211860657, 0.9999998211860657, 0.9999998211860657, 0.9999998211860657, 0.9999997615814209, 0.9999997615814209, 0.9999997615814209, 0.9999997615814209]}, "val_metrics_score": {"MeanSquaredError": [], "R2Score": []}, "early_stopping_criterion_evaluations": [0, 0, 0, 0, 0, 0, 0, 0, 0, 0, 0, 0, 0, 0, 0, 0, 0, 0, 0, 0, 0, 0, 0, 0, 0, 0, 0, 0, 0, 0, 0, 0, 0, 0, 0, 0, 0, 0, 0, 0, 0, 0, 0, 0, 0, 0, 0, 0, 0, 0, 0, 0, 0, 0, 0, 0, 0, 0, 0, 0, 0, 0, 0, 0, 0, 0, 0, 0, 0, 0, 0, 0, 0, 0, 0, 0, 0, 0, 0, 0, 0, 0, 0, 0, 0, 0, 0, 0, 0, 0, 0, 0, 0, 0, 0, 0, 0, 0, 0, 0]}