{"current_epoch": 100, "best_epoch": 100, "train_loss": [6.836898326873779, 4.925518035888672, 2.8850197792053223, 2.027756452560425, 2.45915150642395, 3.400724411010742, 3.961556911468506, 3.7809512615203857, 3.0838091373443604, 2.3212976455688477, 1.8349313735961914, 1.7284778356552124, 1.9033780097961426, 2.167250394821167, 2.346336603164673, 2.3555896282196045, 2.2086594104766846, 1.982338547706604, 1.7665420770645142, 1.6255627870559692, 1.5811941623687744, 1.6160321235656738, 1.6894354820251465, 1.7573529481887817, 1.7884942293167114, 1.7722439765930176, 1.717523217201233, 1.645161747932434, 1.578011155128479, 1.5327174663543701, 1.5154789686203003, 1.522189974784851, 1.541905164718628, 1.5617963075637817, 1.5717235803604126, 1.5670380592346191, 1.5490304231643677, 1.523317813873291, 1.4971078634262085, 1.4764736890792847, 1.4645624160766602, 1.4611278772354126, 1.4632710218429565, 1.4668887853622437, 1.4682351350784302, 1.4650710821151733, 1.4571081399917603, 1.4457281827926636, 1.4332009553909302, 1.4217578172683716, 1.4128608703613281, 1.406870722770691, 1.4031383991241455, 1.4004076719284058, 1.3973361253738403, 1.392949104309082, 1.3868871927261353, 1.3794028759002686, 1.3711504936218262, 1.362881064414978, 1.3551697731018066, 1.348260521888733, 1.342055320739746, 1.3362170457839966, 1.3303223848342896, 1.3240050077438354, 1.317042589187622, 1.3093758821487427, 1.301068902015686, 1.2922351360321045, 1.2829656600952148, 1.2732771635055542, 1.2630902528762817, 1.2522369623184204, 1.240483045578003, 1.2275561094284058, 1.2131682634353638, 1.1970285177230835, 1.1788463592529297, 1.1583268642425537, 1.1351640224456787, 1.1090381145477295, 1.0796204805374146, 1.0465925931930542, 1.0096750259399414, 0.9686703681945801, 0.9235088229179382, 0.8742961883544922, 0.8213564157485962, 0.7652609944343567, 0.7068374752998352, 0.6471394896507263, 0.5873655080795288, 0.5287089347839355, 0.4721525311470032, 0.418243408203125, 0.3669474720954895, 0.31769898533821106, 0.26971352100372314, 0.22243736684322357], "val_loss": [], "train_metrics_score": {"MeanSquaredError": [8.917815819131647e-08, 4.2464971983235955e-08, 2.3102918689232865e-08, 3.0188417099452636e-08, 4.6547885546033285e-08, 5.444078965410881e-08, 4.84685216406433e-08, 3.403285830927416e-08, 2.0269418143925577e-08, 1.1554443624106625e-08, 9.157295366435392e-09, 1.1019202439399578e-08, 1.4131212644485913e-08, 1.5767403382938028e-08, 1.5396622643493174e-08, 1.2788957448606197e-08, 9.540761070070403e-09, 6.562412835364739e-09, 4.763586858302915e-09, 4.186540447648213e-09, 4.323166713504634e-09, 4.880058579459501e-09, 5.4963602558188995e-09, 5.650252710154291e-09, 5.413165915513218e-09, 4.7504111755358736e-09, 3.869194742378568e-09, 3.1691229640529173e-09, 2.6417916743071146e-09, 2.467744675271888e-09, 2.47924503149477e-09, 2.6388118357090207e-09, 2.8559055120780386e-09, 2.8769471249745493e-09, 2.8650339878311115e-09, 2.654710451466258e-09, 2.415500910402102e-09, 2.148299538262677e-09, 1.9927448580148166e-09, 1.8689203518107433e-09, 1.842276775576579e-09, 1.8937662549234346e-09, 1.9329160494407915e-09, 1.9808357176742675e-09, 1.949983285953749e-09, 1.9061048295299088e-09, 1.8542829494094804e-09, 1.7335259894224464e-09, 1.66494162900932e-09, 1.623909895442921e-09, 1.5981241885398845e-09, 1.5909640271871694e-09, 1.6030550220591522e-09, 1.6184361628646116e-09, 1.6052783546882665e-09, 1.5915279094613766e-09, 1.5747718684622214e-09, 1.5464025615585797e-09, 1.5061112357273032e-09, 1.4813616999731494e-09, 1.4771912582034474e-09, 1.476091027186044e-09, 1.462749144032216e-09, 1.4737858711200147e-09, 1.4720332730533414e-09, 1.464206200729734e-09, 1.4633851908030238e-09, 1.4356773547774537e-09, 1.4265699732618486e-09, 1.399656501810398e-09, 1.3919370100978767e-09, 1.3658626452084377e-09, 1.3374082952211097e-09, 1.3223834249842525e-09, 1.3054101133391782e-09, 1.2933909498968887e-09, 1.2808228921912246e-09, 1.2774049595876136e-09, 1.2863833331877572e-09, 1.3179298763432712e-09, 1.363847812463348e-09, 1.441721630968118e-09, 1.55191826056722e-09, 1.7187937739748804e-09, 1.936231619481532e-09, 2.210559513216026e-09, 2.6003947883879164e-09, 3.1455957838488757e-09, 3.882552501721648e-09, 4.922222629488715e-09, 6.37276453829827e-09, 8.400252049511892e-09, 1.1214242867652047e-08, 1.5019876897781614e-08, 1.9853674260161824e-08, 2.5892610722166864e-08, 3.279635407693604e-08, 4.044368395739184e-08, 4.81069584168381e-08, 5.544607262208956e-08], "R2Score": [0.9999999403953552, 0.9999999403953552, 1.0, 0.9999999403953552, 0.9999999403953552, 0.9999999403953552, 0.9999999403953552, 0.9999999403953552, 1.0, 1.0, 1.0, 1.0, 1.0, 1.0, 1.0, 1.0, 1.0, 1.0, 1.0, 1.0, 1.0, 1.0, 1.0, 1.0, 1.0, 1.0, 1.0, 1.0, 1.0, 1.0, 1.0, 1.0, 1.0, 1.0, 1.0, 1.0, 1.0, 1.0, 1.0, 1.0, 1.0, 1.0, 1.0, 1.0, 1.0, 1.0, 1.0, 1.0, 1.0, 1.0, 1.0, 1.0, 1.0, 1.0, 1.0, 1.0, 1.0, 1.0, 1.0, 1.0, 1.0, 1.0, 1.0, 1.0, 1.0, 1.0, 1.0, 1.0, 1.0, 1.0, 1.0, 1.0, 1.0, 1.0, 1.0, 1.0, 1.0, 1.0, 1.0, 1.0, 1.0, 1.0, 1.0, 1.0, 1.0, 1.0, 1.0, 1.0, 1.0, 1.0, 1.0, 1.0, 1.0, 1.0, 1.0, 1.0, 0.9999999403953552, 0.9999999403953552, 0.9999999403953552, 0.9999999403953552]}, "val_metrics_score": {"MeanSquaredError": [], "R2Score": []}, "early_stopping_criterion_evaluations": [0, 0, 0, 0, 0, 0, 0, 0, 0, 0, 0, 0, 0, 0, 0, 0, 0, 0, 0, 0, 0, 0, 0, 0, 0, 0, 0, 0, 0, 0, 0, 0, 0, 0, 0, 0, 0, 0, 0, 0, 0, 0, 0, 0, 0, 0, 0, 0, 0, 0, 0, 0, 0, 0, 0, 0, 0, 0, 0, 0, 0, 0, 0, 0, 0, 0, 0, 0, 0, 0, 0, 0, 0, 0, 0, 0, 0, 0, 0, 0, 0, 0, 0, 0, 0, 0, 0, 0, 0, 0, 0, 0, 0, 0, 0, 0, 0, 0, 0, 0]}