{"current_epoch": 100, "best_epoch": 100, "train_loss": [6.764711380004883, 4.865060329437256, 2.854266405105591, 2.014685869216919, 2.437045097351074, 3.3555266857147217, 3.903524875640869, 3.730782985687256, 3.053375482559204, 2.3077309131622314, 1.826867699623108, 1.7152389287948608, 1.880854845046997, 2.1385505199432373, 2.318356513977051, 2.3344194889068604, 2.196627616882324, 1.9777597188949585, 1.7654629945755005, 1.6240445375442505, 1.5769336223602295, 1.6088309288024902, 1.680661678314209, 1.7489227056503296, 1.781927466392517, 1.7681527137756348, 1.7156225442886353, 1.6446633338928223, 1.5781387090682983, 1.5330760478973389, 1.5161163806915283, 1.5233820676803589, 1.5438427925109863, 1.5643810033798218, 1.5745794773101807, 1.5697036981582642, 1.551211953163147, 1.5250850915908813, 1.4989368915557861, 1.4791102409362793, 1.4687304496765137, 1.4671969413757324, 1.4710328578948975, 1.4755772352218628, 1.476799726486206, 1.4725991487503052, 1.4632095098495483, 1.450717806816101, 1.4380019903182983, 1.4275588989257812, 1.4206598997116089, 1.4170814752578735, 1.415427565574646, 1.413832187652588, 1.4107290506362915, 1.4053921699523926, 1.3980761766433716, 1.3897614479064941, 1.3816567659378052, 1.3746892213821411, 1.3691784143447876, 1.3648017644882202, 1.3608208894729614, 1.3564441204071045, 1.3511590957641602, 1.344902515411377, 1.3380177021026611, 1.3310458660125732, 1.3244619369506836, 1.3184772729873657, 1.3129833936691284, 1.307646632194519, 1.3020896911621094, 1.2960699796676636, 1.2895704507827759, 1.2827744483947754, 1.2759490013122559, 1.269302487373352, 1.2628916501998901, 1.2566128969192505, 1.2502753734588623, 1.2437102794647217, 1.2368519306182861, 1.2297574281692505, 1.222558856010437, 1.2153809070587158, 1.2082715034484863, 1.201186180114746, 1.1940232515335083, 1.1866884231567383, 1.1791478395462036, 1.1714389324188232, 1.163637638092041, 1.1558059453964233, 1.1479533910751343, 1.1400377750396729, 1.1319971084594727, 1.1237910985946655, 1.1154249906539917, 1.1069387197494507], "val_loss": [], "train_metrics_score": {"MeanSquaredError": [8.797390194104082e-08, 4.210873072452159e-08, 2.2243639818952943e-08, 2.9389077838004596e-08, 4.5003886839367624e-08, 5.31665769187839e-08, 4.719293755783838e-08, 3.3136032584479835e-08, 1.9499971415370965e-08, 1.1195519178386348e-08, 8.856494204678711e-09, 1.0635357483579355e-08, 1.3465663251110982e-08, 1.5173750256280982e-08, 1.4675343606995739e-08, 1.2362867174431358e-08, 9.526984534602434e-09, 6.4747864847447545e-09, 4.694001631833089e-09, 3.926988512148455e-09, 4.189558477918354e-09, 4.792795493813173e-09, 5.598618457725024e-09, 5.758524324050995e-09, 5.3091162577345585e-09, 4.676269149683776e-09, 3.914757851219974e-09, 3.0995193078808825e-09, 2.616052263704205e-09, 2.391352671438085e-09, 2.458341086253313e-09, 2.644553909192382e-09, 2.8597952894671153e-09, 2.9132638523776677e-09, 2.8475659608062642e-09, 2.7076327846486947e-09, 2.477997806948906e-09, 2.1946642281278628e-09, 1.9995389788363127e-09, 1.9061596745473253e-09, 1.9032533327134615e-09, 1.9885926239027185e-09, 2.0384292032105122e-09, 2.060966952655008e-09, 2.0700663405648356e-09, 1.982166653036188e-09, 1.8653036892857244e-09, 1.863886378572488e-09, 1.734261623198563e-09, 1.67874347756225e-09, 1.7516232908576512e-09, 1.6936863023175874e-09, 1.75056780182814e-09, 1.7539466545812843e-09, 1.7904117077804926e-09, 1.6934105229182705e-09, 1.6953666248653576e-09, 1.6460184326660965e-09, 1.6767169874754018e-09, 1.6375646394450882e-09, 1.6646015676968773e-09, 1.6715805406519735e-09, 1.63413826914649e-09, 1.6807798486340175e-09, 1.668270743770961e-09, 1.6454070328464354e-09, 1.6575636418991735e-09, 1.6467152086363512e-09, 1.6266489266669737e-09, 1.6564853932976575e-09, 1.6980779005137947e-09, 1.6705992145205073e-09, 1.7037881105963493e-09, 1.6891076315417308e-09, 1.684543060598287e-09, 1.7151748910038123e-09, 1.7019581299848596e-09, 1.7104104799159359e-09, 1.7532875151715643e-09, 1.7729407941757813e-09, 1.783235781260828e-09, 1.8220007724778498e-09, 1.804063121113586e-09, 1.823594719674304e-09, 1.8814418911716757e-09, 1.8525707634609034e-09, 1.9008126184161256e-09, 1.900639201579679e-09, 1.9158477027048093e-09, 1.9505901338590093e-09, 1.9723296329487994e-09, 2.007952470961527e-09, 2.0944570522374306e-09, 2.0748378570800696e-09, 2.1244039860590647e-09, 2.170802426704199e-09, 2.1740182987173284e-09, 2.3132158410987813e-09, 2.3410235971965676e-09, 2.3135386939543423e-09], "R2Score": [0.9999999403953552, 0.9999999403953552, 1.0, 1.0, 0.9999999403953552, 0.9999999403953552, 0.9999999403953552, 0.9999999403953552, 1.0, 1.0, 1.0, 1.0, 1.0, 1.0, 1.0, 1.0, 1.0, 1.0, 1.0, 1.0, 1.0, 1.0, 1.0, 1.0, 1.0, 1.0, 1.0, 1.0, 1.0, 1.0, 1.0, 1.0, 1.0, 1.0, 1.0, 1.0, 1.0, 1.0, 1.0, 1.0, 1.0, 1.0, 1.0, 1.0, 1.0, 1.0, 1.0, 1.0, 1.0, 1.0, 1.0, 1.0, 1.0, 1.0, 1.0, 1.0, 1.0, 1.0, 1.0, 1.0, 1.0, 1.0, 1.0, 1.0, 1.0, 1.0, 1.0, 1.0, 1.0, 1.0, 1.0, 1.0, 1.0, 1.0, 1.0, 1.0, 1.0, 1.0, 1.0, 1.0, 1.0, 1.0, 1.0, 1.0, 1.0, 1.0, 1.0, 1.0, 1.0, 1.0, 1.0, 1.0, 1.0, 1.0, 1.0, 1.0, 1.0, 1.0, 1.0, 1.0]}, "val_metrics_score": {"MeanSquaredError": [], "R2Score": []}, "early_stopping_criterion_evaluations": [0, 0, 0, 0, 0, 0, 0, 0, 0, 0, 0, 0, 0, 0, 0, 0, 0, 0, 0, 0, 0, 0, 0, 0, 0, 0, 0, 0, 0, 0, 0, 0, 0, 0, 0, 0, 0, 0, 0, 0, 0, 0, 0, 0, 0, 0, 0, 0, 0, 0, 0, 0, 0, 0, 0, 0, 0, 0, 0, 0, 0, 0, 0, 0, 0, 0, 0, 0, 0, 0, 0, 0, 0, 0, 0, 0, 0, 0, 0, 0, 0, 0, 0, 0, 0, 0, 0, 0, 0, 0, 0, 0, 0, 0, 0, 0, 0, 0, 0, 0]}