{"current_epoch": 100, "best_epoch": 100, "train_loss": [7.06559944152832, 5.1134514808654785, 3.0686233043670654, 2.219172716140747, 2.6423795223236084, 3.556413173675537, 4.092033863067627, 3.905496597290039, 3.215818405151367, 2.457301139831543, 1.9609320163726807, 1.8321738243103027, 1.982676386833191, 2.2314116954803467, 2.410367488861084, 2.4319045543670654, 2.3011465072631836, 2.085686445236206, 1.870085597038269, 1.7188235521316528, 1.6583352088928223, 1.677677035331726, 1.741665005683899, 1.8087390661239624, 1.846583366394043, 1.840905785560608, 1.796043038368225, 1.7291762828826904, 1.661648154258728, 1.6109617948532104, 1.5858606100082397, 1.5853053331375122, 1.600785255432129, 1.6205295324325562, 1.633919358253479, 1.6346709728240967, 1.6220059394836426, 1.599825143814087, 1.57453191280365, 1.552465796470642, 1.5378460884094238, 1.5317822694778442, 1.5324722528457642, 1.5363067388534546, 1.5393667221069336, 1.5387606620788574, 1.533390760421753, 1.5239964723587036, 1.512579083442688, 1.5015056133270264, 1.4926432371139526, 1.4868108034133911, 1.4836748838424683, 1.482057809829712, 1.480482816696167, 1.4777319431304932, 1.4732260704040527, 1.4671169519424438, 1.4601104259490967, 1.453120470046997, 1.446904182434082, 1.4418156147003174, 1.4377412796020508, 1.4342173337936401, 1.4306576251983643, 1.4265881776809692, 1.4218045473098755, 1.4164035320281982, 1.410696268081665, 1.405052900314331, 1.399750828742981, 1.3948804140090942, 1.3903396129608154, 1.385905146598816, 1.3813382387161255, 1.3764828443527222, 1.3713138103485107, 1.3659247159957886, 1.3604702949523926, 1.3550907373428345, 1.3498561382293701, 1.3447468280792236, 1.3396759033203125, 1.334536075592041, 1.3292477130889893, 1.3237872123718262, 1.3181875944137573, 1.3125125169754028, 1.306822657585144, 1.3011480569839478, 1.2954778671264648, 1.2897709608078003, 1.2839773893356323, 1.278061032295227, 1.2720109224319458, 1.2658389806747437, 1.2595676183700562, 1.2532140016555786, 1.2467786073684692, 1.2402431964874268], "val_loss": [], "train_metrics_score": {"MeanSquaredError": [9.412045898216093e-08, 4.588574498143316e-08, 2.6354056714694707e-08, 3.373172674514535e-08, 4.829751176771424e-08, 5.559489935080819e-08, 4.919840534967079e-08, 3.5023514755039287e-08, 2.1932930138746087e-08, 1.2793269554833842e-08, 1.0141561368470775e-08, 1.1664215371354203e-08, 1.4451853047603436e-08, 1.583486408662793e-08, 1.538336391604389e-08, 1.3198071968645309e-08, 1.0279859630202282e-08, 7.463651030548135e-09, 5.39032463109379e-09, 4.566079070400519e-09, 4.5816195282100125e-09, 5.065164732087624e-09, 5.684950732387506e-09, 5.85977488753997e-09, 5.68544278323202e-09, 5.107466449771891e-09, 4.341721204781379e-09, 3.5853633395532825e-09, 3.0851934340603293e-09, 2.7583968442712603e-09, 2.7373283639775536e-09, 2.8789188810662836e-09, 3.0231481762399426e-09, 3.1453886162324807e-09, 3.1289033586290316e-09, 2.99635138922838e-09, 2.8046889255506358e-09, 2.573472324129966e-09, 2.3511410596199767e-09, 2.1869563937571e-09, 2.120579489783836e-09, 2.1218991008709054e-09, 2.241895558086071e-09, 2.240542640308263e-09, 2.261692388927372e-09, 2.208945915072036e-09, 2.139295185443757e-09, 2.091906203816052e-09, 1.998216925258589e-09, 1.9545289831057744e-09, 1.898118773269175e-09, 1.9405159701335606e-09, 1.9266728212841144e-09, 1.914003400216302e-09, 1.9233175052590923e-09, 1.9248533877913587e-09, 1.9260335548665353e-09, 1.8851658012408734e-09, 1.8171629756480456e-09, 1.8329990858489964e-09, 1.793187154319753e-09, 1.8222597875094948e-09, 1.811837790910431e-09, 1.8238774934786761e-09, 1.8174265425940916e-09, 1.8099298726426127e-09, 1.8095908105308922e-09, 1.7921576445090182e-09, 1.7831951470981267e-09, 1.8022271452977634e-09, 1.7845173116981528e-09, 1.7776895511190105e-09, 1.8005615887162207e-09, 1.8138208712770165e-09, 1.8034321813686915e-09, 1.826086060141563e-09, 1.8084763686587735e-09, 1.8257102496477273e-09, 1.81694270739996e-09, 1.8142659596875887e-09, 1.858280973543458e-09, 1.8404000545757526e-09, 1.852946573954739e-09, 1.8709604976407945e-09, 1.8898629328134575e-09, 1.8904611209791256e-09, 1.901065971310345e-09, 1.9260804062781745e-09, 1.9176176202506667e-09, 1.9274666307467214e-09, 1.9593595634859184e-09, 1.9612933499502105e-09, 1.979632235915574e-09, 1.997173981749256e-09, 2.03582906088684e-09, 2.0287378443839543e-09, 2.061433912459165e-09, 2.0569361769418038e-09, 2.0969550540428372e-09, 2.1279680240127163e-09], "R2Score": [0.9999998807907104, 0.9999999403953552, 1.0, 0.9999999403953552, 0.9999999403953552, 0.9999999403953552, 0.9999999403953552, 0.9999999403953552, 1.0, 1.0, 1.0, 1.0, 1.0, 1.0, 1.0, 1.0, 1.0, 1.0, 1.0, 1.0, 1.0, 1.0, 1.0, 1.0, 1.0, 1.0, 1.0, 1.0, 1.0, 1.0, 1.0, 1.0, 1.0, 1.0, 1.0, 1.0, 1.0, 1.0, 1.0, 1.0, 1.0, 1.0, 1.0, 1.0, 1.0, 1.0, 1.0, 1.0, 1.0, 1.0, 1.0, 1.0, 1.0, 1.0, 1.0, 1.0, 1.0, 1.0, 1.0, 1.0, 1.0, 1.0, 1.0, 1.0, 1.0, 1.0, 1.0, 1.0, 1.0, 1.0, 1.0, 1.0, 1.0, 1.0, 1.0, 1.0, 1.0, 1.0, 1.0, 1.0, 1.0, 1.0, 1.0, 1.0, 1.0, 1.0, 1.0, 1.0, 1.0, 1.0, 1.0, 1.0, 1.0, 1.0, 1.0, 1.0, 1.0, 1.0, 1.0, 1.0]}, "val_metrics_score": {"MeanSquaredError": [], "R2Score": []}, "early_stopping_criterion_evaluations": [0, 0, 0, 0, 0, 0, 0, 0, 0, 0, 0, 0, 0, 0, 0, 0, 0, 0, 0, 0, 0, 0, 0, 0, 0, 0, 0, 0, 0, 0, 0, 0, 0, 0, 0, 0, 0, 0, 0, 0, 0, 0, 0, 0, 0, 0, 0, 0, 0, 0, 0, 0, 0, 0, 0, 0, 0, 0, 0, 0, 0, 0, 0, 0, 0, 0, 0, 0, 0, 0, 0, 0, 0, 0, 0, 0, 0, 0, 0, 0, 0, 0, 0, 0, 0, 0, 0, 0, 0, 0, 0, 0, 0, 0, 0, 0, 0, 0, 0, 0]}