{"current_epoch": 100, "best_epoch": 100, "train_loss": [3.857862949371338, 3.603281259536743, 3.1858408451080322, 2.7188143730163574, 2.314805269241333, 2.0503664016723633, 1.9276553392410278, 1.8865303993225098, 1.8674465417861938, 1.83858060836792, 1.7885702848434448, 1.7180523872375488, 1.6347159147262573, 1.548164963722229, 1.4655505418777466, 1.3901501893997192, 1.3219658136367798, 1.2589688301086426, 1.198639988899231, 1.1392422914505005, 1.0802221298217773, 1.0219215154647827, 0.9651176333427429, 0.910660982131958, 0.8592689633369446, 0.8114343285560608, 0.7673953175544739, 0.7271177768707275, 0.6903035044670105, 0.6564350724220276, 0.6248550415039062, 0.5948601365089417, 0.5657951831817627, 0.5371252298355103, 0.5084927082061768, 0.47974610328674316, 0.4509512186050415, 0.4223598837852478, 0.3943374752998352, 0.3672551214694977, 0.3413662016391754, 0.31671833992004395, 0.2931324243545532, 0.2702805995941162, 0.24781593680381775, 0.2254929393529892, 0.20323608815670013, 0.1811203807592392, 0.15930229425430298, 0.13794150948524475, 0.1171266958117485, 0.0968518853187561, 0.07701118290424347, 0.05744834989309311, 0.03800605610013008, 0.018573684617877007, -0.0008692169212736189, -0.020267868414521217, -0.03951255977153778, -0.05848251283168793, -0.07709114253520966, -0.09531257301568985, -0.11317238211631775, -0.1307453215122223, -0.14810799062252045, -0.16533027589321136, -0.1824388951063156, -0.1994304656982422, -0.21625679731369019, -0.23288322985172272, -0.24926185607910156, -0.26537954807281494, -0.28122633695602417, -0.29683035612106323, -0.31221428513526917, -0.3274025619029999, -0.34240326285362244, -0.3572229743003845, -0.371856153011322, -0.38629066944122314, -0.40051978826522827, -0.41454216837882996, -0.42835700511932373, -0.4419792890548706, -0.4554065763950348, -0.4686484634876251, -0.48170021176338196, -0.4945620000362396, -0.507229208946228, -0.5196976661682129, -0.5319620370864868, -0.5440302491188049, -0.5558978915214539, -0.5675722360610962, -0.5790479183197021, -0.5903316736221313, -0.6014248132705688, -0.6123279333114624, -0.6230378150939941, -0.633564829826355], "val_loss": [], "train_metrics_score": {"MeanSquaredError": [1.9838058307186657e-08, 1.6094666932531254e-08, 1.1818214851189168e-08, 7.984464645005573e-09, 5.895066212957545e-09, 5.157168025959891e-09, 4.9594901518901224e-09, 4.88429563461068e-09, 4.74991779242373e-09, 4.495682937033507e-09, 4.1044505572074286e-09, 3.690355132590639e-09, 3.4108071922389627e-09, 3.2500304669724756e-09, 3.25078763907527e-09, 3.424531547224774e-09, 3.6598708508250866e-09, 4.002905118483113e-09, 4.4474752769474435e-09, 4.927850127955935e-09, 5.496145760730542e-09, 6.172850675056907e-09, 6.937175278665109e-09, 7.890336384264174e-09, 9.059881733719521e-09, 1.0552122731155578e-08, 1.2552908046359335e-08, 1.4934608216776724e-08, 1.7705257704392352e-08, 2.110156316348366e-08, 2.485814576402845e-08, 2.8840631216553447e-08, 3.256462122180892e-08, 3.6045385343186354e-08, 3.920071733887198e-08, 4.188896696177835e-08, 4.4022179679359397e-08, 4.606274472962468e-08, 4.768525130316448e-08, 4.9771841759138624e-08, 5.1699515779546346e-08, 5.38343023492871e-08, 5.610480613427171e-08, 5.8786884693518004e-08, 6.129000951204944e-08, 6.502355631710088e-08, 6.862266133111916e-08, 7.260594259150821e-08, 7.635520660187467e-08, 8.124927575181573e-08, 8.685989172363406e-08, 9.231770548012719e-08, 9.874877804350035e-08, 1.0521446824895975e-07, 1.1082390471983672e-07, 1.1642364938779792e-07, 1.215800011777901e-07, 1.2694439988081285e-07, 1.307779768922046e-07, 1.349497011915446e-07, 1.4051136076886905e-07, 1.4531443071064132e-07, 1.5071789505327615e-07, 1.560518114729348e-07, 1.6274012182293518e-07, 1.689869577603531e-07, 1.74047968926061e-07, 1.8179342475832527e-07, 1.898595627380928e-07, 1.977521009166594e-07, 2.0748419160554477e-07, 2.151725908561275e-07, 2.2256186582580995e-07, 2.309671742750652e-07, 2.3733322507268895e-07, 2.445025302222348e-07, 2.509475223178015e-07, 2.575917221747659e-07, 2.640281024923752e-07, 2.695857688195247e-07, 2.752723844423599e-07, 2.840397712589038e-07, 2.9197173034845036e-07, 2.9856289529561764e-07, 3.0960021035753016e-07, 3.1657103249926877e-07, 3.26631209190964e-07, 3.37766351776736e-07, 3.462407391907618e-07, 3.580870782116108e-07, 3.702015476392262e-07, 3.805536437084811e-07, 3.9101681181819004e-07, 3.9989697597775375e-07, 4.0892490460464614e-07, 4.1919821569536e-07, 4.282577776848484e-07, 4.3201066546316724e-07, 4.4155751766083995e-07, 4.4786918351746863e-07], "R2Score": [1.0, 1.0, 1.0, 1.0, 1.0, 1.0, 1.0, 1.0, 1.0, 1.0, 1.0, 1.0, 1.0, 1.0, 1.0, 1.0, 1.0, 1.0, 1.0, 1.0, 1.0, 1.0, 1.0, 1.0, 1.0, 1.0, 1.0, 1.0, 1.0, 1.0, 1.0, 1.0, 0.9999999403953552, 0.9999999403953552, 0.9999999403953552, 0.9999999403953552, 0.9999999403953552, 0.9999999403953552, 0.9999999403953552, 0.9999999403953552, 0.9999999403953552, 0.9999999403953552, 0.9999999403953552, 0.9999999403953552, 0.9999999403953552, 0.9999999403953552, 0.9999999403953552, 0.9999999403953552, 0.9999999403953552, 0.9999999403953552, 0.9999999403953552, 0.9999998807907104, 0.9999998807907104, 0.9999998807907104, 0.9999998807907104, 0.9999998807907104, 0.9999998807907104, 0.9999998807907104, 0.9999998807907104, 0.9999998807907104, 0.9999998807907104, 0.9999998807907104, 0.9999998211860657, 0.9999998211860657, 0.9999998211860657, 0.9999998211860657, 0.9999998211860657, 0.9999998211860657, 0.9999998211860657, 0.9999998211860657, 0.9999998211860657, 0.9999997615814209, 0.9999997615814209, 0.9999997615814209, 0.9999997615814209, 0.9999997615814209, 0.9999997615814209, 0.9999997615814209, 0.9999997615814209, 0.9999997019767761, 0.9999997019767761, 0.9999997019767761, 0.9999997019767761, 0.9999997019767761, 0.9999997019767761, 0.9999997019767761, 0.9999997019767761, 0.9999996423721313, 0.9999996423721313, 0.9999996423721313, 0.9999996423721313, 0.9999996423721313, 0.9999995827674866, 0.9999995827674866, 0.9999995827674866, 0.9999995827674866, 0.9999995827674866, 0.9999995827674866, 0.9999995827674866, 0.9999995231628418]}, "val_metrics_score": {"MeanSquaredError": [], "R2Score": []}, "early_stopping_criterion_evaluations": [0, 0, 0, 0, 0, 0, 0, 0, 0, 0, 0, 0, 0, 0, 0, 0, 0, 0, 0, 0, 0, 0, 0, 0, 0, 0, 0, 0, 0, 0, 0, 0, 0, 0, 0, 0, 0, 0, 0, 0, 0, 0, 0, 0, 0, 0, 0, 0, 0, 0, 0, 0, 0, 0, 0, 0, 0, 0, 0, 0, 0, 0, 0, 0, 0, 0, 0, 0, 0, 0, 0, 0, 0, 0, 0, 0, 0, 0, 0, 0, 0, 0, 0, 0, 0, 0, 0, 0, 0, 0, 0, 0, 0, 0, 0, 0, 0, 0, 0, 0]}