{"current_epoch": 100, "best_epoch": 100, "train_loss": [6.879856109619141, 4.962077617645264, 2.965425729751587, 2.1605336666107178, 2.6078057289123535, 3.5160329341888428, 4.023833751678467, 3.8097622394561768, 3.1123363971710205, 2.370450973510742, 1.9060332775115967, 1.8096352815628052, 1.9799286127090454, 2.2301206588745117, 2.395228862762451, 2.3967678546905518, 2.249990463256836, 2.0290396213531494, 1.8195788860321045, 1.68251371383667, 1.6383095979690552, 1.670214056968689, 1.7393927574157715, 1.803736925125122, 1.8332220315933228, 1.8174508810043335, 1.7646528482437134, 1.694549560546875, 1.6290316581726074, 1.5842901468276978, 1.5666186809539795, 1.5723583698272705, 1.5910946130752563, 1.6103991270065308, 1.6202995777130127, 1.6160752773284912, 1.5987896919250488, 1.573813796043396, 1.548210620880127, 1.5280615091323853, 1.5166113376617432, 1.5136935710906982, 1.5163897275924683, 1.5204877853393555, 1.5221214294433594, 1.5190142393112183, 1.5109715461730957, 1.4995794296264648, 1.4873459339141846, 1.4766669273376465, 1.4690078496932983, 1.464544415473938, 1.462312936782837, 1.460740566253662, 1.458303689956665, 1.454066276550293, 1.4479175806045532, 1.4404751062393188, 1.4327349662780762, 1.4256399869918823, 1.4197344779968262, 1.4150217771530151, 1.4110500812530518, 1.4071547985076904, 1.4027485847473145, 1.3975350856781006, 1.3915774822235107, 1.3852148056030273, 1.3788816928863525, 1.3729172945022583, 1.3674418926239014, 1.3623396158218384, 1.3573452234268188, 1.352175235748291, 1.3466488122940063, 1.3407483100891113, 1.3345996141433716, 1.3283944129943848, 1.3222951889038086, 1.3163673877716064, 1.3105636835098267, 1.304762840270996, 1.2988333702087402, 1.2926957607269287, 1.2863482236862183, 1.2798542976379395, 1.2733018398284912, 1.2667557001113892, 1.260228157043457, 1.2536811828613281, 1.2470494508743286, 1.2402758598327637, 1.2333364486694336, 1.2262436151504517, 1.2190319299697876, 1.2117340564727783, 1.204360008239746, 1.1968934535980225, 1.1892985105514526, 1.18153715133667], "val_loss": [], "train_metrics_score": {"MeanSquaredError": [9.06659707311519e-08, 4.3903092716846004e-08, 2.606621407608145e-08, 3.3527257414789347e-08, 4.9074920127623045e-08, 5.5316924374437804e-08, 4.8792809792530534e-08, 3.431121342600818e-08, 2.0549023815874534e-08, 1.2488672318511362e-08, 1.0264766814316317e-08, 1.2288415618399995e-08, 1.4759026889521465e-08, 1.62956350635568e-08, 1.552393769088667e-08, 1.3192269499029408e-08, 9.798961642104587e-09, 7.006878632864755e-09, 5.28675014876967e-09, 4.620756222095679e-09, 4.6235659745264e-09, 5.258162349974782e-09, 5.701873639907262e-09, 5.9738698432454385e-09, 5.727394558618926e-09, 5.127163138496371e-09, 4.300673595025728e-09, 3.5679355026019266e-09, 2.9734266160375e-09, 2.801877840852285e-09, 2.7957769432873647e-09, 3.0135638429129585e-09, 3.0570257436579595e-09, 3.13418047070968e-09, 3.1342142214896285e-09, 2.9795348410743827e-09, 2.7788273904150174e-09, 2.4267929887855644e-09, 2.278453425930138e-09, 2.1955766094094997e-09, 2.1579524833725827e-09, 2.188672354463961e-09, 2.2391728471404804e-09, 2.1672650341031385e-09, 2.1658990156936397e-09, 2.1144317408072766e-09, 2.0425392488476746e-09, 1.9961010622182584e-09, 1.9513028970408186e-09, 1.8194161732765224e-09, 1.8692873915426844e-09, 1.8505373899913025e-09, 1.8989496641808046e-09, 1.868959653705815e-09, 1.8753112396296956e-09, 1.9003187912147723e-09, 1.8031289794606664e-09, 1.8193410111777553e-09, 1.7392087769962927e-09, 1.805373739394156e-09, 1.6982979467172754e-09, 1.7214992764635895e-09, 1.7044365918650328e-09, 1.7291321707801899e-09, 1.7158785503568197e-09, 1.817974881745954e-09, 1.6840269179141387e-09, 1.6603765029543638e-09, 1.7004216923410809e-09, 1.7733100543537716e-09, 1.6487483600613473e-09, 1.6893302312581682e-09, 1.7145707076338113e-09, 1.7294157217406791e-09, 1.6791471546540038e-09, 1.6847616635118356e-09, 1.6729718721464337e-09, 1.6772486732818948e-09, 1.7033954247125394e-09, 1.714092978666315e-09, 1.7370299643104659e-09, 1.7057927292896125e-09, 1.7268537710890541e-09, 1.793200588018351e-09, 1.7741137448012978e-09, 1.7100496574329327e-09, 1.7307375532737979e-09, 1.744835609329698e-09, 1.7909311811337147e-09, 1.8220183140016388e-09, 1.7905895655090376e-09, 1.8503650833778806e-09, 1.8638726118069826e-09, 1.8272940938146576e-09, 1.8726995509865674e-09, 1.864241871984973e-09, 1.883864397811408e-09, 1.905142044122954e-09, 1.9178378884987524e-09, 1.9621135827208036e-09], "R2Score": [0.9999998807907104, 0.9999999403953552, 1.0, 0.9999999403953552, 0.9999999403953552, 0.9999999403953552, 0.9999999403953552, 0.9999999403953552, 1.0, 1.0, 1.0, 1.0, 1.0, 1.0, 1.0, 1.0, 1.0, 1.0, 1.0, 1.0, 1.0, 1.0, 1.0, 1.0, 1.0, 1.0, 1.0, 1.0, 1.0, 1.0, 1.0, 1.0, 1.0, 1.0, 1.0, 1.0, 1.0, 1.0, 1.0, 1.0, 1.0, 1.0, 1.0, 1.0, 1.0, 1.0, 1.0, 1.0, 1.0, 1.0, 1.0, 1.0, 1.0, 1.0, 1.0, 1.0, 1.0, 1.0, 1.0, 1.0, 1.0, 1.0, 1.0, 1.0, 1.0, 1.0, 1.0, 1.0, 1.0, 1.0, 1.0, 1.0, 1.0, 1.0, 1.0, 1.0, 1.0, 1.0, 1.0, 1.0, 1.0, 1.0, 1.0, 1.0, 1.0, 1.0, 1.0, 1.0, 1.0, 1.0, 1.0, 1.0, 1.0, 1.0, 1.0, 1.0, 1.0, 1.0, 1.0, 1.0]}, "val_metrics_score": {"MeanSquaredError": [], "R2Score": []}, "early_stopping_criterion_evaluations": [0, 0, 0, 0, 0, 0, 0, 0, 0, 0, 0, 0, 0, 0, 0, 0, 0, 0, 0, 0, 0, 0, 0, 0, 0, 0, 0, 0, 0, 0, 0, 0, 0, 0, 0, 0, 0, 0, 0, 0, 0, 0, 0, 0, 0, 0, 0, 0, 0, 0, 0, 0, 0, 0, 0, 0, 0, 0, 0, 0, 0, 0, 0, 0, 0, 0, 0, 0, 0, 0, 0, 0, 0, 0, 0, 0, 0, 0, 0, 0, 0, 0, 0, 0, 0, 0, 0, 0, 0, 0, 0, 0, 0, 0, 0, 0, 0, 0, 0, 0]}