{"current_epoch": 100, "best_epoch": 100, "train_loss": [7.293032169342041, 5.3636860847473145, 3.302700996398926, 2.419961452484131, 2.819380760192871, 3.7237708568573, 4.253451347351074, 4.056056022644043, 3.3502280712127686, 2.574658155441284, 2.064213514328003, 1.925132393836975, 2.0674381256103516, 2.308272123336792, 2.479081153869629, 2.492856502532959, 2.3555517196655273, 2.135016679763794, 1.915376901626587, 1.7603249549865723, 1.6956677436828613, 1.7103804349899292, 1.7698028087615967, 1.833187222480774, 1.8688262701034546, 1.862463355064392, 1.8178547620773315, 1.7512316703796387, 1.6830170154571533, 1.6301956176757812, 1.6016137599945068, 1.5969338417053223, 1.608673095703125, 1.6259945631027222, 1.6387414932250977, 1.640447974205017, 1.629604458808899, 1.6091210842132568, 1.5845037698745728, 1.5615872144699097, 1.544631004333496, 1.5353094339370728, 1.5327117443084717, 1.5341334342956543, 1.5362446308135986, 1.5362176895141602, 1.5324803590774536, 1.5249475240707397, 1.5147536993026733, 1.5036652088165283, 1.4934134483337402, 1.4851698875427246, 1.4792962074279785, 1.475386142730713, 1.472532033920288, 1.469690203666687, 1.466023564338684, 1.4611146450042725, 1.455012321472168, 1.448123812675476, 1.4410150051116943, 1.434203028678894, 1.4280041456222534, 1.4224780797958374, 1.4174598455429077, 1.4126548767089844, 1.4077502489089966, 1.4025076627731323, 1.396813154220581, 1.390679955482483, 1.3842090368270874, 1.3775357007980347, 1.3707740306854248, 1.3639816045761108, 1.3571455478668213, 1.350191354751587, 1.343003273010254, 1.3354476690292358, 1.3273911476135254, 1.3187075853347778, 1.309275507926941, 1.2989686727523804, 1.2876430749893188, 1.2751266956329346, 1.2612117528915405, 1.245654821395874, 1.2281793355941772, 1.2084816694259644, 1.1862390041351318, 1.1611158847808838, 1.1327710151672363, 1.1008659601211548, 1.0650795698165894, 1.0251280069351196, 0.9807948470115662, 0.9319677948951721, 0.8786787390708923, 0.8211407661437988, 0.7597759962081909, 0.6952250599861145], "val_loss": [], "train_metrics_score": {"MeanSquaredError": [1.0063993016729e-07, 5.184928042467618e-08, 3.046148933094628e-08, 3.726166752926474e-08, 5.2933003757971164e-08, 5.957319615390588e-08, 5.2633886582498235e-08, 3.812813176296004e-08, 2.3833727880173683e-08, 1.465377952314384e-08, 1.1777563813097913e-08, 1.3144361155070783e-08, 1.528787585414193e-08, 1.6712466077706267e-08, 1.6252700518748497e-08, 1.421628681441689e-08, 1.0879441347810825e-08, 7.916909794403182e-09, 6.017182752060535e-09, 4.991600910386751e-09, 4.925559515811528e-09, 5.381016521255333e-09, 5.9502962557189676e-09, 6.041420697044941e-09, 5.904530642197869e-09, 5.321057816587427e-09, 4.510036788474281e-09, 3.8194305496119796e-09, 3.2617506473542335e-09, 2.9396955980587336e-09, 2.828629108719838e-09, 2.8940367879926043e-09, 3.0294515784845544e-09, 3.11617265325026e-09, 3.085469657548856e-09, 2.9763955744499526e-09, 2.7669855295897605e-09, 2.542782651104858e-09, 2.3475670296591034e-09, 2.194948001132957e-09, 2.115256858559178e-09, 2.099274754030489e-09, 2.126072873309681e-09, 2.1416186601896925e-09, 2.162690249107868e-09, 2.122051867559094e-09, 2.090371653551415e-09, 2.0093173791480012e-09, 1.9295869346791505e-09, 1.866593768440339e-09, 1.7962767939749824e-09, 1.7611135882944495e-09, 1.7580424893637314e-09, 1.7661164752880154e-09, 1.758427403686369e-09, 1.736727317513953e-09, 1.7324672807461639e-09, 1.7103878313662335e-09, 1.6819967640913092e-09, 1.6377680323031996e-09, 1.6265562230444175e-09, 1.6037293715243095e-09, 1.58771162883653e-09, 1.5865285751814895e-09, 1.5816939979984568e-09, 1.567662999413244e-09, 1.5653849327890157e-09, 1.553570716517072e-09, 1.54173673827529e-09, 1.5179586476676832e-09, 1.5020685806277356e-09, 1.487480472128766e-09, 1.4657366431691798e-09, 1.4482074428556757e-09, 1.4300732820160533e-09, 1.4157024441630028e-09, 1.3993980418902652e-09, 1.382237546643239e-09, 1.3571400669931677e-09, 1.3423420153202414e-09, 1.3070962090466764e-09, 1.2803588189669313e-09, 1.2439475005621148e-09, 1.2103513746808403e-09, 1.1784400122394345e-09, 1.1446315006935492e-09, 1.1123678644864299e-09, 1.084974998732946e-09, 1.0681069362306062e-09, 1.0564887853448113e-09, 1.060312060374713e-09, 1.085396994504606e-09, 1.1240856023775336e-09, 1.195590293434634e-09, 1.2966873130793033e-09, 1.452427400572276e-09, 1.6692489612779582e-09, 1.9798525041636594e-09, 2.431139511926972e-09, 3.083269195514049e-09], "R2Score": [0.9999998807907104, 0.9999999403953552, 0.9999999403953552, 0.9999999403953552, 0.9999999403953552, 0.9999999403953552, 0.9999999403953552, 0.9999999403953552, 1.0, 1.0, 1.0, 1.0, 1.0, 1.0, 1.0, 1.0, 1.0, 1.0, 1.0, 1.0, 1.0, 1.0, 1.0, 1.0, 1.0, 1.0, 1.0, 1.0, 1.0, 1.0, 1.0, 1.0, 1.0, 1.0, 1.0, 1.0, 1.0, 1.0, 1.0, 1.0, 1.0, 1.0, 1.0, 1.0, 1.0, 1.0, 1.0, 1.0, 1.0, 1.0, 1.0, 1.0, 1.0, 1.0, 1.0, 1.0, 1.0, 1.0, 1.0, 1.0, 1.0, 1.0, 1.0, 1.0, 1.0, 1.0, 1.0, 1.0, 1.0, 1.0, 1.0, 1.0, 1.0, 1.0, 1.0, 1.0, 1.0, 1.0, 1.0, 1.0, 1.0, 1.0, 1.0, 1.0, 1.0, 1.0, 1.0, 1.0, 1.0, 1.0, 1.0, 1.0, 1.0, 1.0, 1.0, 1.0, 1.0, 1.0, 1.0, 1.0]}, "val_metrics_score": {"MeanSquaredError": [], "R2Score": []}, "early_stopping_criterion_evaluations": [0, 0, 0, 0, 0, 0, 0, 0, 0, 0, 0, 0, 0, 0, 0, 0, 0, 0, 0, 0, 0, 0, 0, 0, 0, 0, 0, 0, 0, 0, 0, 0, 0, 0, 0, 0, 0, 0, 0, 0, 0, 0, 0, 0, 0, 0, 0, 0, 0, 0, 0, 0, 0, 0, 0, 0, 0, 0, 0, 0, 0, 0, 0, 0, 0, 0, 0, 0, 0, 0, 0, 0, 0, 0, 0, 0, 0, 0, 0, 0, 0, 0, 0, 0, 0, 0, 0, 0, 0, 0, 0, 0, 0, 0, 0, 0, 0, 0, 0, 0]}