{"current_epoch": 100, "best_epoch": 100, "train_loss": [12.803169250488281, 5.33597469329834, 2.875889539718628, 3.3962655067443848, 4.616531848907471, 5.130040168762207, 4.771492004394531, 3.942845106124878, 3.0746636390686035, 2.435483694076538, 2.1034817695617676, 2.009688377380371, 2.0347259044647217, 2.0803771018981934, 2.093000650405884, 2.0589652061462402, 1.98744797706604, 1.8950124979019165, 1.7952826023101807, 1.6962722539901733, 1.6015243530273438, 1.5109401941299438, 1.423658847808838, 1.3403548002243042, 1.2621595859527588, 1.1898404359817505, 1.1235706806182861, 1.0630649328231812, 1.007868766784668, 0.957500159740448, 0.9115751385688782, 0.8698747158050537, 0.8322113156318665, 0.798278272151947, 0.7674322724342346, 0.7383270859718323, 0.7097519040107727, 0.6814059615135193, 0.6535100340843201, 0.6264631152153015, 0.6005738377571106, 0.5758879780769348, 0.5523061752319336, 0.5298130512237549, 0.5085052251815796, 0.48851218819618225, 0.4698992073535919, 0.45249366760253906, 0.4357713460922241, 0.4191497564315796, 0.4023990333080292, 0.3855903148651123, 0.3688637614250183, 0.3522825539112091, 0.3358309268951416, 0.3195328414440155, 0.3035225570201874, 0.2880057096481323, 0.2731279730796814, 0.2588907480239868, 0.24516166746616364, 0.2317655235528946, 0.21856789290905, 0.20549705624580383, 0.1925240308046341, 0.1796189844608307, 0.16675423085689545, 0.15392707288265228, 0.1411801129579544, 0.12859755754470825, 0.11626945436000824, 0.10426116734743118, 0.09258720278739929, 0.0812334418296814, 0.07017417997121811, 0.059397581964731216, 0.04889946058392525, 0.03865402191877365, 0.02863052301108837, 0.018802184611558914, 0.009160537272691727, -0.0002873992780223489, -0.009527664631605148, -0.01855522207915783, -0.027377929538488388, -0.036008529365062714, -0.04445198178291321, -0.05270851030945778, -0.06078628450632095, -0.06869987398386002, -0.07646019011735916, -0.08407768607139587, -0.09155426174402237, -0.09888877719640732, -0.10607955604791641, -0.11313270777463913, -0.12004967033863068, -0.12683235108852386, -0.13347359001636505, -0.13997229933738708], "val_loss": [], "train_metrics_score": {"MeanSquaredError": [2.0589727967035287e-07, 9.161346525843328e-08, 1.048808826453751e-07, 1.4147357774163538e-07, 1.495057944111977e-07, 1.2864362020081899e-07, 9.5410044309574e-08, 6.489079851235147e-08, 4.465919545282304e-08, 3.4462313891481244e-08, 3.039443896568628e-08, 2.873035853667716e-08, 2.736350346310701e-08, 2.5565650929593176e-08, 2.3763027101608714e-08, 2.2007405675594782e-08, 2.050499503525316e-08, 1.9290327557541787e-08, 1.83025807842796e-08, 1.7487817416395046e-08, 1.6817988779394e-08, 1.6316807460725613e-08, 1.5924122465094115e-08, 1.5800106112351386e-08, 1.579511632598951e-08, 1.579988406774646e-08, 1.578593789020033e-08, 1.5738679692844926e-08, 1.5561354871351796e-08, 1.528414728113603e-08, 1.5063857716768325e-08, 1.4987735497129506e-08, 1.5189227653422677e-08, 1.588658271600707e-08, 1.7061374535387586e-08, 1.8936580303829942e-08, 2.1323295129604958e-08, 2.4339001925000048e-08, 2.784103969588614e-08, 3.185398611549317e-08, 3.604569798199009e-08, 4.0550713009679384e-08, 4.4454790071313255e-08, 4.849115242677726e-08, 5.2414147688750745e-08, 5.645200573667353e-08, 6.028282939496421e-08, 6.460520296514005e-08, 6.914523709156128e-08, 7.378660171752927e-08, 7.804903390251638e-08, 8.215182134563292e-08, 8.575917576081338e-08, 8.884106250661716e-08, 9.080140728201513e-08, 9.231758468786211e-08, 9.328530836683058e-08, 9.32938348796597e-08, 9.403336065361145e-08, 9.50366825236415e-08, 9.655812505116046e-08, 9.870986161786277e-08, 1.0156170304753687e-07, 1.0479629963811021e-07, 1.0883050549637119e-07, 1.132560996097709e-07, 1.1744875649810638e-07, 1.213021789681079e-07, 1.258617459143352e-07, 1.3053677605512348e-07, 1.3558526745782729e-07, 1.4079964216762164e-07, 1.467593335746642e-07, 1.5386871154987602e-07, 1.6122378099225898e-07, 1.693011313363968e-07, 1.762340957611741e-07, 1.8401908619125606e-07, 1.9005562990059843e-07, 1.9620782154561311e-07, 2.0075680140507757e-07, 2.046979545866634e-07, 2.1029322283538932e-07, 2.1417709206161817e-07, 2.1911104397531744e-07, 2.242797165763477e-07, 2.2994898074557568e-07, 2.3541696236861753e-07, 2.4048324576142477e-07, 2.4599509629297245e-07, 2.5205082465618034e-07, 2.570403125901066e-07, 2.6132610742024553e-07, 2.691131442134065e-07, 2.7530663260222354e-07, 2.817277220401593e-07, 2.9032264592387946e-07, 2.9795978662150446e-07, 3.0644554271930247e-07, 3.151773739773489e-07], "R2Score": [0.9999998211860657, 0.9999998807907104, 0.9999998807907104, 0.9999998807907104, 0.9999998211860657, 0.9999998807907104, 0.9999998807907104, 0.9999999403953552, 0.9999999403953552, 0.9999999403953552, 0.9999999403953552, 1.0, 1.0, 1.0, 1.0, 1.0, 1.0, 1.0, 1.0, 1.0, 1.0, 1.0, 1.0, 1.0, 1.0, 1.0, 1.0, 1.0, 1.0, 1.0, 1.0, 1.0, 1.0, 1.0, 1.0, 1.0, 1.0, 1.0, 1.0, 0.9999999403953552, 0.9999999403953552, 0.9999999403953552, 0.9999999403953552, 0.9999999403953552, 0.9999999403953552, 0.9999999403953552, 0.9999999403953552, 0.9999999403953552, 0.9999999403953552, 0.9999999403953552, 0.9999999403953552, 0.9999999403953552, 0.9999999403953552, 0.9999999403953552, 0.9999998807907104, 0.9999998807907104, 0.9999998807907104, 0.9999998807907104, 0.9999998807907104, 0.9999998807907104, 0.9999998807907104, 0.9999998807907104, 0.9999998807907104, 0.9999998807907104, 0.9999998807907104, 0.9999998807907104, 0.9999998807907104, 0.9999998807907104, 0.9999998807907104, 0.9999998807907104, 0.9999998807907104, 0.9999998807907104, 0.9999998807907104, 0.9999998211860657, 0.9999998211860657, 0.9999998211860657, 0.9999998211860657, 0.9999998211860657, 0.9999998211860657, 0.9999998211860657, 0.9999998211860657, 0.9999998211860657, 0.9999997615814209, 0.9999997615814209, 0.9999997615814209, 0.9999997615814209, 0.9999997615814209, 0.9999997615814209, 0.9999997615814209, 0.9999997615814209, 0.9999997615814209, 0.9999997615814209, 0.9999997615814209, 0.9999997019767761, 0.9999997019767761, 0.9999997019767761, 0.9999997019767761, 0.9999997019767761, 0.9999997019767761, 0.9999997019767761]}, "val_metrics_score": {"MeanSquaredError": [], "R2Score": []}, "early_stopping_criterion_evaluations": [0, 0, 0, 0, 0, 0, 0, 0, 0, 0, 0, 0, 0, 0, 0, 0, 0, 0, 0, 0, 0, 0, 0, 0, 0, 0, 0, 0, 0, 0, 0, 0, 0, 0, 0, 0, 0, 0, 0, 0, 0, 0, 0, 0, 0, 0, 0, 0, 0, 0, 0, 0, 0, 0, 0, 0, 0, 0, 0, 0, 0, 0, 0, 0, 0, 0, 0, 0, 0, 0, 0, 0, 0, 0, 0, 0, 0, 0, 0, 0, 0, 0, 0, 0, 0, 0, 0, 0, 0, 0, 0, 0, 0, 0, 0, 0, 0, 0, 0, 0]}