{"current_epoch": 100, "best_epoch": 100, "train_loss": [3.692984104156494, 3.4377875328063965, 3.0322906970977783, 2.587423324584961, 2.2049460411071777, 1.951562762260437, 1.8382163047790527, 1.8210715055465698, 1.8400869369506836, 1.8536814451217651, 1.8445065021514893, 1.8119088411331177, 1.761899709701538, 1.7005324363708496, 1.6320041418075562, 1.5592520236968994, 1.4849966764450073, 1.4121124744415283, 1.3432153463363647, 1.280177354812622, 1.2239946126937866, 1.1749272346496582, 1.132696509361267, 1.0966730117797852, 1.0660423040390015, 1.0399476289749146, 1.0175468921661377, 0.9979894161224365, 0.9803634881973267, 0.9637269377708435, 0.9472512602806091, 0.9303997755050659, 0.9130290746688843, 0.8953520059585571, 0.8778038024902344, 0.8608745336532593, 0.8449521064758301, 0.830241858959198, 0.8167511224746704, 0.8043488264083862, 0.7928406000137329, 0.7820274233818054, 0.7717357873916626, 0.761832594871521, 0.7522189617156982, 0.7428246140480042, 0.7335997819900513, 0.7245080471038818, 0.7155259847640991, 0.7066388130187988, 0.6978386044502258, 0.6891239881515503, 0.6804976463317871, 0.6719723343849182, 0.6635589599609375, 0.6552707552909851, 0.6471221446990967, 0.6391279101371765, 0.6312916278839111, 0.6236181855201721, 0.6161062121391296, 0.6087475419044495, 0.6015328168869019, 0.5944483280181885, 0.5874801874160767, 0.5806145668029785, 0.5738381743431091, 0.5671390295028687, 0.5605090856552124, 0.5539389252662659, 0.5474249124526978, 0.5409614443778992, 0.534545361995697, 0.5281747579574585, 0.5218486785888672, 0.515565812587738, 0.5093250274658203, 0.5031269192695618, 0.49696624279022217, 0.4908435046672821, 0.4847538471221924, 0.4786956012248993, 0.4726681113243103, 0.4666697680950165, 0.4607026278972626, 0.4547673761844635, 0.4488661587238312, 0.44300076365470886, 0.4371708929538727, 0.43138086795806885, 0.42562979459762573, 0.4199237823486328, 0.4142645001411438, 0.40866008400917053, 0.40311408042907715, 0.39763373136520386, 0.3922242820262909, 0.38689136505126953, 0.38163748383522034, 0.37646958231925964], "val_loss": [], "train_metrics_score": {"MeanSquaredError": [1.9426789066301353e-08, 1.4815276117019494e-08, 1.0759105606439334e-08, 7.3422743440687555e-09, 5.270714975580404e-09, 4.30365787451592e-09, 4.303978506925432e-09, 4.3054226850358646e-09, 4.468668546309118e-09, 4.5136334669848566e-09, 4.67291050298968e-09, 4.885240656449241e-09, 5.200899266810666e-09, 5.642754263845973e-09, 6.238837446659318e-09, 7.11941350317602e-09, 8.417835317686695e-09, 1.0296147046062742e-08, 1.2683159411608358e-08, 1.5598981661923972e-08, 1.9073400636671067e-08, 2.2881293304521932e-08, 2.6858854695888112e-08, 3.095785672257989e-08, 3.4696089556973675e-08, 3.8662928858457235e-08, 4.18466434837228e-08, 4.5107075408168384e-08, 4.785016116670704e-08, 4.9929557377481615e-08, 5.2006097206458435e-08, 5.3675830002930525e-08, 5.526886681650467e-08, 5.675438075058992e-08, 5.822353088547061e-08, 5.93425291128824e-08, 6.022516174652992e-08, 6.11722867915887e-08, 6.218974846206038e-08, 6.32985361903593e-08, 6.405295494005259e-08, 6.501444005380108e-08, 6.627711712781093e-08, 6.754666515007557e-08, 6.82276564134554e-08, 6.954453368734903e-08, 7.092592113622231e-08, 7.220037900879106e-08, 7.37084349111683e-08, 7.440187488327865e-08, 7.596761264494489e-08, 7.671513202467395e-08, 7.697657622429688e-08, 7.815653901843689e-08, 7.869177665043026e-08, 7.892271014497965e-08, 7.879319952053265e-08, 7.890164965829172e-08, 7.956561631772274e-08, 7.905083521109191e-08, 7.897276788071395e-08, 7.890574948987705e-08, 7.894072240333116e-08, 7.879789620801603e-08, 7.917284960967663e-08, 8.030379916590391e-08, 8.04405502208283e-08, 8.068325740850923e-08, 8.178269439440555e-08, 8.188307987211374e-08, 8.226522396626024e-08, 8.345490698502545e-08, 8.419434038842155e-08, 8.405078943951594e-08, 8.484520463980516e-08, 8.529214312602562e-08, 8.579559818144844e-08, 8.588052935465385e-08, 8.59721396295754e-08, 8.599140244314185e-08, 8.588406075205057e-08, 8.615607782758161e-08, 8.629562131545754e-08, 8.718756561165719e-08, 8.70919905082701e-08, 8.747910840156692e-08, 8.767246129082196e-08, 8.817097096880389e-08, 8.804301643294821e-08, 8.818197727578081e-08, 8.826756925373047e-08, 8.888184055422244e-08, 8.935590756209422e-08, 8.93477150043509e-08, 9.018311430963877e-08, 9.062790695679723e-08, 9.153441737907997e-08, 9.234992148776655e-08, 9.292067915112057e-08, 9.392605448965696e-08], "R2Score": [1.0, 1.0, 1.0, 1.0, 1.0, 1.0, 1.0, 1.0, 1.0, 1.0, 1.0, 1.0, 1.0, 1.0, 1.0, 1.0, 1.0, 1.0, 1.0, 1.0, 1.0, 1.0, 1.0, 0.9999999403953552, 0.9999999403953552, 0.9999999403953552, 0.9999999403953552, 0.9999999403953552, 0.9999999403953552, 0.9999999403953552, 0.9999999403953552, 0.9999999403953552, 0.9999999403953552, 0.9999999403953552, 0.9999999403953552, 0.9999999403953552, 0.9999999403953552, 0.9999999403953552, 0.9999999403953552, 0.9999999403953552, 0.9999999403953552, 0.9999999403953552, 0.9999999403953552, 0.9999999403953552, 0.9999999403953552, 0.9999999403953552, 0.9999999403953552, 0.9999999403953552, 0.9999999403953552, 0.9999999403953552, 0.9999999403953552, 0.9999999403953552, 0.9999999403953552, 0.9999999403953552, 0.9999999403953552, 0.9999999403953552, 0.9999999403953552, 0.9999999403953552, 0.9999999403953552, 0.9999999403953552, 0.9999999403953552, 0.9999999403953552, 0.9999999403953552, 0.9999999403953552, 0.9999999403953552, 0.9999999403953552, 0.9999999403953552, 0.9999999403953552, 0.9999999403953552, 0.9999999403953552, 0.9999999403953552, 0.9999999403953552, 0.9999999403953552, 0.9999999403953552, 0.9999999403953552, 0.9999999403953552, 0.9999999403953552, 0.9999999403953552, 0.9999999403953552, 0.9999999403953552, 0.9999999403953552, 0.9999999403953552, 0.9999999403953552, 0.9999999403953552, 0.9999999403953552, 0.9999999403953552, 0.9999999403953552, 0.9999999403953552, 0.9999999403953552, 0.9999999403953552, 0.9999999403953552, 0.9999999403953552, 0.9999999403953552, 0.9999999403953552, 0.9999998807907104, 0.9999998807907104, 0.9999998807907104, 0.9999998807907104, 0.9999998807907104, 0.9999998807907104]}, "val_metrics_score": {"MeanSquaredError": [], "R2Score": []}, "early_stopping_criterion_evaluations": [0, 0, 0, 0, 0, 0, 0, 0, 0, 0, 0, 0, 0, 0, 0, 0, 0, 0, 0, 0, 0, 0, 0, 0, 0, 0, 0, 0, 0, 0, 0, 0, 0, 0, 0, 0, 0, 0, 0, 0, 0, 0, 0, 0, 0, 0, 0, 0, 0, 0, 0, 0, 0, 0, 0, 0, 0, 0, 0, 0, 0, 0, 0, 0, 0, 0, 0, 0, 0, 0, 0, 0, 0, 0, 0, 0, 0, 0, 0, 0, 0, 0, 0, 0, 0, 0, 0, 0, 0, 0, 0, 0, 0, 0, 0, 0, 0, 0, 0, 0]}