{"current_epoch": 100, "best_epoch": 100, "train_loss": [3.688560724258423, 3.441145420074463, 3.0349390506744385, 2.5797033309936523, 2.177345037460327, 1.8972958326339722, 1.758433222770691, 1.7264169454574585, 1.7406277656555176, 1.7503732442855835, 1.734067440032959, 1.6930984258651733, 1.6354739665985107, 1.5671578645706177, 1.4919559955596924, 1.4135040044784546, 1.3357998132705688, 1.2625998258590698, 1.1967471837997437, 1.1398526430130005, 1.092320442199707, 1.0536446571350098, 1.0228163003921509, 0.9986305236816406, 0.9798036217689514, 0.9649450778961182, 0.9525213837623596, 0.9409182071685791, 0.9286273717880249, 0.91450035572052, 0.8979926109313965, 0.8792815208435059, 0.8592220544815063, 0.8391424417495728, 0.8205239772796631, 0.8046107292175293, 0.7920092940330505, 0.7824808359146118, 0.7750911116600037, 0.76861172914505, 0.7619430422782898, 0.7544158697128296, 0.7458724975585938, 0.7365664839744568, 0.7269755601882935, 0.7176085114479065, 0.70885169506073, 0.7008788585662842, 0.6936309337615967, 0.6868675351142883, 0.6802618503570557, 0.6735060214996338, 0.6664102077484131, 0.6589510440826416, 0.651265561580658, 0.6436021327972412, 0.6362451910972595, 0.6294175982475281, 0.6232218742370605, 0.6175954341888428, 0.612345814704895, 0.6072349548339844, 0.6020730137825012, 0.5967907905578613, 0.5914331674575806, 0.5861183404922485, 0.5809678435325623, 0.5760530233383179, 0.5713822245597839, 0.5668992400169373, 0.5625241994857788, 0.5581709146499634, 0.5537919402122498, 0.5493720173835754, 0.5449417233467102, 0.5405433773994446, 0.5362243056297302, 0.5320125818252563, 0.5279120206832886, 0.5239042043685913, 0.5199593901634216, 0.5160471200942993, 0.5121526122093201, 0.508276641368866, 0.5044329762458801, 0.5006420612335205, 0.49692168831825256, 0.49327561259269714, 0.48969489336013794, 0.4861654043197632, 0.48266974091529846, 0.4791952967643738, 0.4757426977157593, 0.47231754660606384, 0.46892741322517395, 0.46558013558387756, 0.46227753162384033, 0.45901376008987427, 0.45578083395957947, 0.4525722563266754], "val_loss": [], "train_metrics_score": {"MeanSquaredError": [1.9276203744311715e-08, 1.5260912533676674e-08, 1.1181867876075557e-08, 7.28607441047302e-09, 4.71369565602231e-09, 3.505122414537709e-09, 3.2155964557745165e-09, 3.164621453777272e-09, 3.1219764551337903e-09, 3.1168168046491473e-09, 3.106225721083433e-09, 3.269145176787447e-09, 3.4921476821381248e-09, 3.748934496172751e-09, 4.119212082542845e-09, 4.674175269059333e-09, 5.56154988728963e-09, 6.97072799482612e-09, 9.083575669421862e-09, 1.2017101091998939e-08, 1.6054984897095892e-08, 2.104466823027451e-08, 2.7129976487572094e-08, 3.4435416296219046e-08, 4.216222393438329e-08, 5.016355331122213e-08, 5.760060162174341e-08, 6.323496393179084e-08, 6.719385226006125e-08, 6.885338876827518e-08, 6.738017077623226e-08, 6.45793036824216e-08, 6.042416345053425e-08, 5.541056324886995e-08, 5.014744175468877e-08, 4.606544834473425e-08, 4.242855666802825e-08, 3.989690355865605e-08, 3.842419005195552e-08, 3.7970686150856636e-08, 3.880185062143937e-08, 4.046385271294639e-08, 4.316261836834201e-08, 4.668467212809446e-08, 5.137697911550276e-08, 5.628156429793307e-08, 6.13981256947227e-08, 6.668456364877784e-08, 7.255379586013078e-08, 7.587809847109384e-08, 7.894011133657841e-08, 8.100739279370828e-08, 8.076634827602902e-08, 8.014828978275546e-08, 7.828535331100284e-08, 7.58567040293201e-08, 7.376316091267654e-08, 7.121694522993494e-08, 6.912264893799147e-08, 6.814137520905206e-08, 6.759393755828569e-08, 6.827011134191707e-08, 7.006325120073598e-08, 7.264331003398183e-08, 7.51847224478297e-08, 7.819782865681191e-08, 8.217541136446016e-08, 8.540480678220774e-08, 8.856785171929005e-08, 9.09004214122433e-08, 9.338069162367901e-08, 9.440266524052277e-08, 9.411858314933852e-08, 9.352601182399667e-08, 9.227949959722537e-08, 9.171284887088405e-08, 9.036885018076646e-08, 8.886325275625495e-08, 8.817551844231275e-08, 8.774370030550926e-08, 8.774591719884484e-08, 8.85613076206937e-08, 8.926586048119134e-08, 9.104523002179121e-08, 9.305878734267026e-08, 9.562544533991968e-08, 9.78450529487418e-08, 9.995869021395265e-08, 1.0153900831255669e-07, 1.0324097843295021e-07, 1.0404306749478565e-07, 1.0481066681222728e-07, 1.0501879188495877e-07, 1.0575875108997934e-07, 1.0587815069129647e-07, 1.0557474183769955e-07, 1.0553445406458195e-07, 1.063238030951652e-07, 1.0739309885821058e-07, 1.0810799722094089e-07], "R2Score": [1.0, 1.0, 1.0, 1.0, 1.0, 1.0, 1.0, 1.0, 1.0, 1.0, 1.0, 1.0, 1.0, 1.0, 1.0, 1.0, 1.0, 1.0, 1.0, 1.0, 1.0, 1.0, 1.0, 0.9999999403953552, 0.9999999403953552, 0.9999999403953552, 0.9999999403953552, 0.9999999403953552, 0.9999999403953552, 0.9999999403953552, 0.9999999403953552, 0.9999999403953552, 0.9999999403953552, 0.9999999403953552, 0.9999999403953552, 0.9999999403953552, 0.9999999403953552, 0.9999999403953552, 0.9999999403953552, 0.9999999403953552, 0.9999999403953552, 0.9999999403953552, 0.9999999403953552, 0.9999999403953552, 0.9999999403953552, 0.9999999403953552, 0.9999999403953552, 0.9999999403953552, 0.9999999403953552, 0.9999999403953552, 0.9999999403953552, 0.9999999403953552, 0.9999999403953552, 0.9999999403953552, 0.9999999403953552, 0.9999999403953552, 0.9999999403953552, 0.9999999403953552, 0.9999999403953552, 0.9999999403953552, 0.9999999403953552, 0.9999999403953552, 0.9999999403953552, 0.9999999403953552, 0.9999999403953552, 0.9999999403953552, 0.9999999403953552, 0.9999999403953552, 0.9999999403953552, 0.9999998807907104, 0.9999998807907104, 0.9999998807907104, 0.9999998807907104, 0.9999998807907104, 0.9999998807907104, 0.9999998807907104, 0.9999998807907104, 0.9999999403953552, 0.9999999403953552, 0.9999999403953552, 0.9999999403953552, 0.9999999403953552, 0.9999999403953552, 0.9999998807907104, 0.9999998807907104, 0.9999998807907104, 0.9999998807907104, 0.9999998807907104, 0.9999998807907104, 0.9999998807907104, 0.9999998807907104, 0.9999998807907104, 0.9999998807907104, 0.9999998807907104, 0.9999998807907104, 0.9999998807907104, 0.9999998807907104, 0.9999998807907104, 0.9999998807907104, 0.9999998807907104]}, "val_metrics_score": {"MeanSquaredError": [], "R2Score": []}, "early_stopping_criterion_evaluations": [0, 0, 0, 0, 0, 0, 0, 0, 0, 0, 0, 0, 0, 0, 0, 0, 0, 0, 0, 0, 0, 0, 0, 0, 0, 0, 0, 0, 0, 0, 0, 0, 0, 0, 0, 0, 0, 0, 0, 0, 0, 0, 0, 0, 0, 0, 0, 0, 0, 0, 0, 0, 0, 0, 0, 0, 0, 0, 0, 0, 0, 0, 0, 0, 0, 0, 0, 0, 0, 0, 0, 0, 0, 0, 0, 0, 0, 0, 0, 0, 0, 0, 0, 0, 0, 0, 0, 0, 0, 0, 0, 0, 0, 0, 0, 0, 0, 0, 0, 0]}