{"current_epoch": 100, "best_epoch": 100, "train_loss": [26.269838333129883, 13.43893051147461, 6.521239757537842, 3.9673821926116943, 4.136276721954346, 5.433499813079834, 6.634458541870117, 7.140472888946533, 6.885972499847412, 6.101747512817383, 5.107433319091797, 4.17844820022583, 3.4721994400024414, 3.0134966373443604, 2.7428293228149414, 2.584881544113159, 2.4848690032958984, 2.4115207195281982, 2.349222421646118, 2.2909493446350098, 2.2339158058166504, 2.1772263050079346, 2.1206846237182617, 2.064244508743286, 2.0078139305114746, 1.9512516260147095, 1.8944591283798218, 1.837501049041748, 1.7807120084762573, 1.7247490882873535, 1.6705340147018433, 1.6190646886825562, 1.5711779594421387, 1.5273754596710205, 1.4877755641937256, 1.4521592855453491, 1.4200679063796997, 1.390916347503662, 1.3640674352645874, 1.3388460874557495, 1.314534306526184, 1.2904356718063354, 1.266023874282837, 1.2410639524459839, 1.2156147956848145, 1.1899404525756836, 1.1644065380096436, 1.1393990516662598, 1.1152721643447876, 1.0923150777816772, 1.0707305669784546, 1.0506253242492676, 1.0320100784301758, 1.0148175954818726, 0.9989317059516907, 0.9842188358306885, 0.9705418348312378, 0.957765519618988, 0.9457545280456543, 0.9343728423118591, 0.9234880208969116, 0.9129777550697327, 0.9027366638183594, 0.8926841616630554, 0.8827670812606812, 0.8729580044746399, 0.8632490038871765, 0.8536434173583984, 0.8441523909568787, 0.8347848653793335, 0.8255475759506226, 0.8164421319961548, 0.8074671030044556, 0.7986215949058533, 0.7899055480957031, 0.7813206315040588, 0.7728688716888428, 0.7645497918128967, 0.756358802318573, 0.7482874989509583, 0.7403256297111511, 0.7324610352516174, 0.7246824502944946, 0.7169811129570007, 0.7093496918678284, 0.701782763004303, 0.6942752003669739, 0.6868228316307068, 0.6794209480285645, 0.672065258026123, 0.6647510528564453, 0.6574757099151611, 0.650236964225769, 0.6430354118347168, 0.6358698010444641, 0.6287420392036438, 0.6216505169868469, 0.6145959496498108, 0.6075769066810608, 0.6005924344062805], "val_loss": [], "train_metrics_score": {"MeanSquaredError": [5.52267636066972e-07, 2.3671790927437542e-07, 1.2504573021487886e-07, 1.2302776042361074e-07, 1.5909070327779773e-07, 1.8695379822020186e-07, 1.8978100513322715e-07, 1.6933364577198518e-07, 1.3742275939421233e-07, 1.0422952811950381e-07, 7.873900642607623e-08, 6.260717810846472e-08, 5.384969981037102e-08, 4.967881395145923e-08, 4.749314896912438e-08, 4.5959335892575837e-08, 4.424963506721724e-08, 4.240782658371245e-08, 4.00481567908173e-08, 3.7503376404401934e-08, 3.482703903046058e-08, 3.2215879741670506e-08, 2.964458190035657e-08, 2.7156632498304134e-08, 2.4782504937093108e-08, 2.2656355014305518e-08, 2.06876809016876e-08, 1.884710520982935e-08, 1.7178418687535668e-08, 1.5703024658364484e-08, 1.4472643528051776e-08, 1.3398798515140697e-08, 1.252632308990087e-08, 1.1903879659769245e-08, 1.1414049261304626e-08, 1.1067258220975873e-08, 1.087074874561722e-08, 1.081006040237753e-08, 1.0863829835727756e-08, 1.1018318701871976e-08, 1.128288751317541e-08, 1.1600475247064423e-08, 1.198487353804012e-08, 1.2441236485472018e-08, 1.2983729646975917e-08, 1.3579083635306688e-08, 1.4211938292874038e-08, 1.498645296749146e-08, 1.5797141372786427e-08, 1.6649382317268646e-08, 1.7721440315199288e-08, 1.8781880939400253e-08, 1.9873812817650105e-08, 2.1141122630297104e-08, 2.2469381022460766e-08, 2.392949483009943e-08, 2.547770527883131e-08, 2.698713608140224e-08, 2.852214109339002e-08, 3.005061444127932e-08, 3.169452611473389e-08, 3.313909502367096e-08, 3.457585151522835e-08, 3.606237441999838e-08, 3.7281498777019806e-08, 3.836492723507945e-08, 3.9364412174336394e-08, 4.0318294480812256e-08, 4.116915164331658e-08, 4.177703871732774e-08, 4.244829199251399e-08, 4.290843591547855e-08, 4.3446849673500765e-08, 4.389772101376366e-08, 4.444068579800842e-08, 4.49307400174348e-08, 4.538185294222785e-08, 4.581209722687163e-08, 4.634942385450813e-08, 4.678893361642622e-08, 4.725375646330576e-08, 4.745229631453185e-08, 4.796056884970312e-08, 4.8386677775624776e-08, 4.8786940709533155e-08, 4.911260376161408e-08, 4.968958222661968e-08, 5.01096799609968e-08, 5.059279217789481e-08, 5.1235488740530855e-08, 5.179090578621981e-08, 5.2709324904753885e-08, 5.353097520810479e-08, 5.428660543316255e-08, 5.5217995509337925e-08, 5.627529375828999e-08, 5.691315507760919e-08, 5.785324930229763e-08, 5.8820795345582155e-08, 5.962377258583729e-08], "R2Score": [0.999999463558197, 0.9999997615814209, 0.9999998807907104, 0.9999998807907104, 0.9999998211860657, 0.9999998211860657, 0.9999998211860657, 0.9999998211860657, 0.9999998807907104, 0.9999998807907104, 0.9999999403953552, 0.9999999403953552, 0.9999999403953552, 0.9999999403953552, 0.9999999403953552, 0.9999999403953552, 0.9999999403953552, 0.9999999403953552, 0.9999999403953552, 0.9999999403953552, 0.9999999403953552, 0.9999999403953552, 1.0, 1.0, 1.0, 1.0, 1.0, 1.0, 1.0, 1.0, 1.0, 1.0, 1.0, 1.0, 1.0, 1.0, 1.0, 1.0, 1.0, 1.0, 1.0, 1.0, 1.0, 1.0, 1.0, 1.0, 1.0, 1.0, 1.0, 1.0, 1.0, 1.0, 1.0, 1.0, 1.0, 1.0, 1.0, 1.0, 1.0, 0.9999999403953552, 0.9999999403953552, 0.9999999403953552, 0.9999999403953552, 0.9999999403953552, 0.9999999403953552, 0.9999999403953552, 0.9999999403953552, 0.9999999403953552, 0.9999999403953552, 0.9999999403953552, 0.9999999403953552, 0.9999999403953552, 0.9999999403953552, 0.9999999403953552, 0.9999999403953552, 0.9999999403953552, 0.9999999403953552, 0.9999999403953552, 0.9999999403953552, 0.9999999403953552, 0.9999999403953552, 0.9999999403953552, 0.9999999403953552, 0.9999999403953552, 0.9999999403953552, 0.9999999403953552, 0.9999999403953552, 0.9999999403953552, 0.9999999403953552, 0.9999999403953552, 0.9999999403953552, 0.9999999403953552, 0.9999999403953552, 0.9999999403953552, 0.9999999403953552, 0.9999999403953552, 0.9999999403953552, 0.9999999403953552, 0.9999999403953552, 0.9999999403953552]}, "val_metrics_score": {"MeanSquaredError": [], "R2Score": []}, "early_stopping_criterion_evaluations": [0, 0, 0, 0, 0, 0, 0, 0, 0, 0, 0, 0, 0, 0, 0, 0, 0, 0, 0, 0, 0, 0, 0, 0, 0, 0, 0, 0, 0, 0, 0, 0, 0, 0, 0, 0, 0, 0, 0, 0, 0, 0, 0, 0, 0, 0, 0, 0, 0, 0, 0, 0, 0, 0, 0, 0, 0, 0, 0, 0, 0, 0, 0, 0, 0, 0, 0, 0, 0, 0, 0, 0, 0, 0, 0, 0, 0, 0, 0, 0, 0, 0, 0, 0, 0, 0, 0, 0, 0, 0, 0, 0, 0, 0, 0, 0, 0, 0, 0, 0]}