{"current_epoch": 100, "best_epoch": 100, "train_loss": [3.7194137573242188, 3.4670779705047607, 3.0607099533081055, 2.6110241413116455, 2.2193617820739746, 1.9524508714675903, 1.8250689506530762, 1.8002368211746216, 1.8192349672317505, 1.836031436920166, 1.8295071125030518, 1.798630952835083, 1.7508658170700073, 1.6933355331420898, 1.6302556991577148, 1.564054012298584, 1.4970703125, 1.4322935342788696, 1.3729510307312012, 1.3216869831085205, 1.2800140380859375, 1.2481693029403687, 1.2251639366149902, 1.2089718580245972, 1.1971691846847534, 1.1876922845840454, 1.1790095567703247, 1.1700425148010254, 1.160163164138794, 1.1492516994476318, 1.137688159942627, 1.1262131929397583, 1.1156206130981445, 1.1062644720077515, 1.097885012626648, 1.0901275873184204, 1.0828458070755005, 1.075893759727478, 1.068952202796936, 1.061610460281372, 1.0536377429962158, 1.0451631546020508, 1.0366123914718628, 1.0284771919250488, 1.021081566810608, 1.014479160308838, 1.008480191230774, 1.0027748346328735, 0.9970902800559998, 0.9912818670272827, 0.985359787940979, 0.9794467091560364, 0.9737020134925842, 0.9682504534721375, 0.9631261229515076, 0.958262026309967, 0.9535162448883057, 0.9487318992614746, 0.9438062906265259, 0.9387264251708984, 0.933562695980072, 0.9284253716468811, 0.9234092831611633, 0.9185516238212585, 0.9138275980949402, 0.9091694355010986, 0.9045044183731079, 0.8997895121574402, 0.8950273394584656, 0.8902634978294373, 0.8855561017990112, 0.8809525966644287, 0.8764654397964478, 0.8720670938491821, 0.8677130937576294, 0.8633630275726318, 0.8590055108070374, 0.8546571135520935, 0.8503506183624268, 0.8461097478866577, 0.8419404029846191, 0.8378254175186157, 0.833743691444397, 0.829682469367981, 0.8256431818008423, 0.821642279624939, 0.817691445350647, 0.8137986660003662, 0.809955894947052, 0.8061490654945374, 0.8023706078529358, 0.7986220717430115, 0.7949106097221375, 0.7912458777427673, 0.7876322269439697, 0.7840646505355835, 0.7805363535881042, 0.7770388722419739, 0.7735748291015625, 0.7701472640037537], "val_loss": [], "train_metrics_score": {"MeanSquaredError": [1.920904502128451e-08, 1.543827465866343e-08, 1.1446592118602439e-08, 7.540875479605802e-09, 5.125044832965386e-09, 4.018150256968056e-09, 3.7845730993524285e-09, 3.821239769052909e-09, 3.8518064293668886e-09, 3.877946408437083e-09, 3.942070225804173e-09, 4.1570022979442456e-09, 4.534032260750109e-09, 5.113101941844889e-09, 5.9420095510631654e-09, 6.962307619318153e-09, 8.2976887583186e-09, 1.0080288603830923e-08, 1.2373866375980924e-08, 1.52255896779252e-08, 1.8667368095748316e-08, 2.2581071235094896e-08, 2.7056284324089575e-08, 3.1787081411494e-08, 3.612623089566114e-08, 4.045852008971451e-08, 4.330276226482965e-08, 4.506842898877039e-08, 4.543679921198418e-08, 4.447533186180408e-08, 4.2485648776846574e-08, 4.0368057341311214e-08, 3.791543079501025e-08, 3.562250583399873e-08, 3.412634441701812e-08, 3.286396932367097e-08, 3.2180661690972556e-08, 3.2085587520214176e-08, 3.266772452548139e-08, 3.391568981214732e-08, 3.553265059963451e-08, 3.785210722639931e-08, 3.9927130046635284e-08, 4.200792602659931e-08, 4.4060094239739556e-08, 4.544097009784309e-08, 4.6245542506540005e-08, 4.629472272199564e-08, 4.5556884487041316e-08, 4.386347285390002e-08, 4.241238826807603e-08, 4.03795894499126e-08, 3.850406926630967e-08, 3.653803659631194e-08, 3.5087403205125156e-08, 3.41884707211193e-08, 3.385664015809198e-08, 3.381682134317998e-08, 3.4437842799661667e-08, 3.5619677873910405e-08, 3.666977832494922e-08, 3.818763616436627e-08, 3.98098514153844e-08, 4.0755644192813634e-08, 4.2172342062940515e-08, 4.2757925200476166e-08, 4.272942533134483e-08, 4.2921179499444406e-08, 4.241790207970553e-08, 4.19556407393884e-08, 4.1560372920912414e-08, 4.064020586724837e-08, 4.025714162025906e-08, 4.0095709863408047e-08, 4.012799337260731e-08, 4.0763520559039534e-08, 4.155122823590318e-08, 4.2128686317255415e-08, 4.307388223878661e-08, 4.458737379309241e-08, 4.519407781344853e-08, 4.588370927649521e-08, 4.644500961603626e-08, 4.681979604015396e-08, 4.662680908040784e-08, 4.68615510840209e-08, 4.6288132438121465e-08, 4.646427953503007e-08, 4.6470113090890663e-08, 4.669549369396009e-08, 4.698494038279932e-08, 4.7992607221658545e-08, 4.8233172122991164e-08, 4.8529500418226235e-08, 4.972090650312566e-08, 5.012608994547918e-08, 5.014425497051889e-08, 5.064389796416435e-08, 5.0909065407722665e-08, 5.077813014509047e-08], "R2Score": [1.0, 1.0, 1.0, 1.0, 1.0, 1.0, 1.0, 1.0, 1.0, 1.0, 1.0, 1.0, 1.0, 1.0, 1.0, 1.0, 1.0, 1.0, 1.0, 1.0, 1.0, 1.0, 1.0, 0.9999999403953552, 0.9999999403953552, 0.9999999403953552, 0.9999999403953552, 0.9999999403953552, 0.9999999403953552, 0.9999999403953552, 0.9999999403953552, 0.9999999403953552, 0.9999999403953552, 0.9999999403953552, 0.9999999403953552, 0.9999999403953552, 0.9999999403953552, 0.9999999403953552, 0.9999999403953552, 0.9999999403953552, 0.9999999403953552, 0.9999999403953552, 0.9999999403953552, 0.9999999403953552, 0.9999999403953552, 0.9999999403953552, 0.9999999403953552, 0.9999999403953552, 0.9999999403953552, 0.9999999403953552, 0.9999999403953552, 0.9999999403953552, 0.9999999403953552, 0.9999999403953552, 0.9999999403953552, 0.9999999403953552, 0.9999999403953552, 0.9999999403953552, 0.9999999403953552, 0.9999999403953552, 0.9999999403953552, 0.9999999403953552, 0.9999999403953552, 0.9999999403953552, 0.9999999403953552, 0.9999999403953552, 0.9999999403953552, 0.9999999403953552, 0.9999999403953552, 0.9999999403953552, 0.9999999403953552, 0.9999999403953552, 0.9999999403953552, 0.9999999403953552, 0.9999999403953552, 0.9999999403953552, 0.9999999403953552, 0.9999999403953552, 0.9999999403953552, 0.9999999403953552, 0.9999999403953552, 0.9999999403953552, 0.9999999403953552, 0.9999999403953552, 0.9999999403953552, 0.9999999403953552, 0.9999999403953552, 0.9999999403953552, 0.9999999403953552, 0.9999999403953552, 0.9999999403953552, 0.9999999403953552, 0.9999999403953552, 0.9999999403953552, 0.9999999403953552, 0.9999999403953552, 0.9999999403953552, 0.9999999403953552, 0.9999999403953552, 0.9999999403953552]}, "val_metrics_score": {"MeanSquaredError": [], "R2Score": []}, "early_stopping_criterion_evaluations": [0, 0, 0, 0, 0, 0, 0, 0, 0, 0, 0, 0, 0, 0, 0, 0, 0, 0, 0, 0, 0, 0, 0, 0, 0, 0, 0, 0, 0, 0, 0, 0, 0, 0, 0, 0, 0, 0, 0, 0, 0, 0, 0, 0, 0, 0, 0, 0, 0, 0, 0, 0, 0, 0, 0, 0, 0, 0, 0, 0, 0, 0, 0, 0, 0, 0, 0, 0, 0, 0, 0, 0, 0, 0, 0, 0, 0, 0, 0, 0, 0, 0, 0, 0, 0, 0, 0, 0, 0, 0, 0, 0, 0, 0, 0, 0, 0, 0, 0, 0]}