{"current_epoch": 100, "best_epoch": 100, "train_loss": [13.59115982055664, 5.981103420257568, 3.403165578842163, 3.8426637649536133, 5.021371841430664, 5.522191047668457, 5.1581010818481445, 4.314028739929199, 3.413620710372925, 2.7244036197662354, 2.327136754989624, 2.1598634719848633, 2.1089556217193604, 2.086005926132202, 2.049879550933838, 1.9938278198242188, 1.925404667854309, 1.8533581495285034, 1.7830084562301636, 1.7167236804962158, 1.655595302581787, 1.6003838777542114, 1.5516119003295898, 1.5093393325805664, 1.4730644226074219, 1.441860556602478, 1.4146612882614136, 1.3905847072601318, 1.3691575527191162, 1.350313663482666, 1.3342000246047974, 1.3208965063095093, 1.3101551532745361, 1.3012783527374268, 1.2932705879211426, 1.285203218460083, 1.2764904499053955, 1.2669548988342285, 1.2567265033721924, 1.246086835861206, 1.2353413105010986, 1.2247368097305298, 1.2144339084625244, 1.204512357711792, 1.194998025894165, 1.1859071254730225, 1.1772987842559814, 1.1693236827850342, 1.1622356176376343, 1.1562408208847046, 1.1510212421417236, 1.1456656455993652, 1.139701008796692, 1.1333122253417969, 1.1268608570098877, 1.1206047534942627, 1.1146281957626343, 1.1088758707046509, 1.103238821029663, 1.0976412296295166, 1.0920705795288086, 1.0865631103515625, 1.0811642408370972, 1.075898289680481, 1.0707483291625977, 1.065659761428833, 1.0605577230453491, 1.055371880531311, 1.0500668287277222, 1.0446525812149048, 1.0391813516616821, 1.0337222814559937, 1.0283316373825073, 1.02302885055542, 1.017793893814087, 1.0125796794891357, 1.0073398351669312, 1.002052664756775, 0.9967310428619385, 0.9914140105247498, 0.9861437082290649, 0.9809425473213196, 0.9758012294769287, 0.9706829786300659, 0.9655481576919556, 0.960374653339386, 0.9551702737808228, 0.949965238571167, 0.9447910785675049, 0.9396594166755676, 0.9345600605010986, 0.9294721484184265, 0.9243801236152649, 0.9192845821380615, 0.9141972064971924, 0.9091274738311768, 0.9040747284889221, 0.8990289568901062, 0.89398592710495, 0.8889486789703369], "val_loss": [], "train_metrics_score": {"MeanSquaredError": [2.3356524536666257e-07, 1.1279738032499154e-07, 1.2149571659847425e-07, 1.542898075967969e-07, 1.6058966423315724e-07, 1.3817728472531599e-07, 1.0482673928891018e-07, 7.310384830816474e-08, 5.0854591648885616e-08, 3.815330629208802e-08, 3.201943243880123e-08, 2.8701080623250164e-08, 2.6457081858666243e-08, 2.4596415570954377e-08, 2.3350731126470237e-08, 2.2859103054884145e-08, 2.325185199936186e-08, 2.4184465985399584e-08, 2.556421563326694e-08, 2.720423708524322e-08, 2.8970578824782933e-08, 3.084066690917098e-08, 3.244354829234908e-08, 3.406363546787361e-08, 3.50644704383285e-08, 3.533673975653073e-08, 3.49665505439134e-08, 3.3958382772425466e-08, 3.2354378731724864e-08, 3.058763553553945e-08, 2.859227166140954e-08, 2.6750299753075524e-08, 2.5037952156026222e-08, 2.368469864677536e-08, 2.2693081191960118e-08, 2.213536021145046e-08, 2.184652458936398e-08, 2.1921826132142996e-08, 2.225487527596215e-08, 2.2781524222637017e-08, 2.348077465796905e-08, 2.4223579586646338e-08, 2.499693607660447e-08, 2.554161504519925e-08, 2.6131282027108682e-08, 2.6354706861297927e-08, 2.6384750384522704e-08, 2.6276758546828205e-08, 2.608111770996402e-08, 2.6038446065967946e-08, 2.6250390305904148e-08, 2.670618393096902e-08, 2.7276000125198152e-08, 2.791363407084191e-08, 2.843327884249902e-08, 2.8830235976329277e-08, 2.892619477279368e-08, 2.8845624555629e-08, 2.850087632566556e-08, 2.7909996092034817e-08, 2.7113296496850126e-08, 2.6346485881845183e-08, 2.5541485371149975e-08, 2.4829361677802808e-08, 2.435303869674499e-08, 2.3847729124781836e-08, 2.3814845206970858e-08, 2.3914259017487893e-08, 2.421593237045272e-08, 2.481226601958042e-08, 2.557334255470778e-08, 2.6218668125466138e-08, 2.7174872130331096e-08, 2.7772452781960055e-08, 2.8499819393346115e-08, 2.891810524374705e-08, 2.8822757514035402e-08, 2.872395299391428e-08, 2.8531403017950652e-08, 2.8062070001055872e-08, 2.7738606078742123e-08, 2.7459831741794005e-08, 2.7361060972452833e-08, 2.7195873997243325e-08, 2.754742389754483e-08, 2.77390874714456e-08, 2.833892054354692e-08, 2.8982013233758153e-08, 2.959254352674634e-08, 2.996657144649362e-08, 3.0362489411572824e-08, 3.0578075183029796e-08, 3.056739217299764e-08, 3.052126018587842e-08, 3.038769946783759e-08, 3.040338114601582e-08, 3.0597089306638736e-08, 3.0733659173165506e-08, 3.1114225862438616e-08, 3.1725754467970546e-08], "R2Score": [0.9999997615814209, 0.9999998807907104, 0.9999998807907104, 0.9999998211860657, 0.9999998211860657, 0.9999998807907104, 0.9999998807907104, 0.9999999403953552, 0.9999999403953552, 0.9999999403953552, 0.9999999403953552, 1.0, 1.0, 1.0, 1.0, 1.0, 1.0, 1.0, 1.0, 1.0, 1.0, 0.9999999403953552, 0.9999999403953552, 0.9999999403953552, 0.9999999403953552, 0.9999999403953552, 0.9999999403953552, 0.9999999403953552, 0.9999999403953552, 0.9999999403953552, 1.0, 1.0, 1.0, 1.0, 1.0, 1.0, 1.0, 1.0, 1.0, 1.0, 1.0, 1.0, 1.0, 1.0, 1.0, 1.0, 1.0, 1.0, 1.0, 1.0, 1.0, 1.0, 1.0, 1.0, 1.0, 1.0, 1.0, 1.0, 1.0, 1.0, 1.0, 1.0, 1.0, 1.0, 1.0, 1.0, 1.0, 1.0, 1.0, 1.0, 1.0, 1.0, 1.0, 1.0, 1.0, 1.0, 1.0, 1.0, 1.0, 1.0, 1.0, 1.0, 1.0, 1.0, 1.0, 1.0, 1.0, 1.0, 1.0, 0.9999999403953552, 0.9999999403953552, 0.9999999403953552, 0.9999999403953552, 0.9999999403953552, 0.9999999403953552, 0.9999999403953552, 0.9999999403953552, 0.9999999403953552, 0.9999999403953552, 0.9999999403953552]}, "val_metrics_score": {"MeanSquaredError": [], "R2Score": []}, "early_stopping_criterion_evaluations": [0, 0, 0, 0, 0, 0, 0, 0, 0, 0, 0, 0, 0, 0, 0, 0, 0, 0, 0, 0, 0, 0, 0, 0, 0, 0, 0, 0, 0, 0, 0, 0, 0, 0, 0, 0, 0, 0, 0, 0, 0, 0, 0, 0, 0, 0, 0, 0, 0, 0, 0, 0, 0, 0, 0, 0, 0, 0, 0, 0, 0, 0, 0, 0, 0, 0, 0, 0, 0, 0, 0, 0, 0, 0, 0, 0, 0, 0, 0, 0, 0, 0, 0, 0, 0, 0, 0, 0, 0, 0, 0, 0, 0, 0, 0, 0, 0, 0, 0, 0]}