{"current_epoch": 100, "best_epoch": 100, "train_loss": [13.919936180114746, 6.390844821929932, 3.872979164123535, 4.315240383148193, 5.418031692504883, 5.81912088394165, 5.382994174957275, 4.503291606903076, 3.589771032333374, 2.891037702560425, 2.4736993312835693, 2.272160291671753, 2.177626132965088, 2.1100573539733887, 2.0352582931518555, 1.9481244087219238, 1.853816270828247, 1.7579073905944824, 1.663541555404663, 1.5718395709991455, 1.4832968711853027, 1.3987613916397095, 1.3194458484649658, 1.2464147806167603, 1.1800044775009155, 1.1196541786193848, 1.064477562904358, 1.0138229131698608, 0.967303454875946, 0.9246536493301392, 0.8855943083763123, 0.8497818112373352, 0.8168577551841736, 0.7865078449249268, 0.7584272623062134, 0.7322646379470825, 0.7076517343521118, 0.6842875480651855, 0.6619842052459717, 0.6406576633453369, 0.6202865242958069, 0.6008803844451904, 0.5824569463729858, 0.5650284290313721, 0.5485941171646118, 0.5331425666809082, 0.5186455249786377, 0.50505530834198, 0.49230125546455383, 0.48028504848480225, 0.4688810110092163, 0.45794880390167236, 0.4473428726196289, 0.4369369447231293, 0.42663729190826416, 0.41640037298202515, 0.4062272012233734, 0.39615675806999207, 0.38624876737594604, 0.3765663802623749, 0.3671574294567108, 0.3580411672592163, 0.3492165505886078, 0.3406544625759125, 0.332315593957901, 0.3241542875766754, 0.316138356924057, 0.30823785066604614, 0.30045023560523987, 0.29277634620666504, 0.2852352261543274, 0.277843713760376, 0.27061736583709717, 0.2635725438594818, 0.2567044198513031, 0.2500108480453491, 0.243479922413826, 0.23709426820278168, 0.23084014654159546, 0.2247089445590973, 0.21869057416915894, 0.2127857208251953, 0.20699287950992584, 0.20131675899028778, 0.19576087594032288, 0.19032448530197144, 0.1850055754184723, 0.17980186641216278, 0.1747087836265564, 0.1697157323360443, 0.16481712460517883, 0.16000862419605255, 0.15528571605682373, 0.1506432294845581, 0.14608299732208252, 0.14159828424453735, 0.13718917965888977, 0.13285377621650696, 0.12858787178993225, 0.12438957393169403], "val_loss": [], "train_metrics_score": {"MeanSquaredError": [2.50255112632658e-07, 1.3278669541705312e-07, 1.3875009585717635e-07, 1.6769445210229605e-07, 1.6914162870307337e-07, 1.4418439775454317e-07, 1.0838297725968005e-07, 7.637768817403412e-08, 5.355157384201448e-08, 4.0349750207724355e-08, 3.2986612552576844e-08, 2.841459689761905e-08, 2.5150932003725757e-08, 2.2719211401067696e-08, 2.0970968961364633e-08, 1.9857727906469336e-08, 1.919252134996441e-08, 1.883221401044466e-08, 1.850237829614798e-08, 1.8310915450570064e-08, 1.822388462358049e-08, 1.8248782041041522e-08, 1.848217756617032e-08, 1.90514999331981e-08, 1.9939479400932214e-08, 2.1027126706485433e-08, 2.2472013583296757e-08, 2.4227235329021823e-08, 2.620266492669998e-08, 2.8454209655137674e-08, 3.11169934263944e-08, 3.4040340324281715e-08, 3.756929700671208e-08, 4.1229380798313287e-08, 4.539589681940015e-08, 5.010321757481506e-08, 5.495585497783395e-08, 6.044768241508791e-08, 6.570690658236344e-08, 7.122397960301896e-08, 7.676637636677697e-08, 8.218721347930114e-08, 8.738260248719598e-08, 9.245370335975167e-08, 9.716099214074347e-08, 1.0174473885626867e-07, 1.0572465924951757e-07, 1.1007956146613651e-07, 1.1362148910620817e-07, 1.177955866182856e-07, 1.2174847086043883e-07, 1.2538994553779048e-07, 1.2922420467020856e-07, 1.3411097654625337e-07, 1.381500851493911e-07, 1.4336529829961364e-07, 1.4848598084427067e-07, 1.5453029789114225e-07, 1.6047124518081546e-07, 1.6629978460969141e-07, 1.7237530869351758e-07, 1.7841233557192027e-07, 1.8464284323727043e-07, 1.8984309235747787e-07, 1.9423333696977352e-07, 1.984603130722462e-07, 2.027713321695046e-07, 2.0597046557213616e-07, 2.0780305476364447e-07, 2.0989168092455657e-07, 2.116174471211707e-07, 2.1329273636183643e-07, 2.1378190240284312e-07, 2.1500089530945843e-07, 2.1674084393907833e-07, 2.1731172239469743e-07, 2.201461200002086e-07, 2.2239217400965572e-07, 2.2530890930738678e-07, 2.2775880381686875e-07, 2.3187620001863252e-07, 2.3570564167130215e-07, 2.3988272346286976e-07, 2.4411744448116224e-07, 2.482797185621166e-07, 2.5288861138506036e-07, 2.566410444160283e-07, 2.598597461656027e-07, 2.6394161523057846e-07, 2.658828748280939e-07, 2.689349685169873e-07, 2.718205109886185e-07, 2.7370850830266136e-07, 2.752753687218501e-07, 2.7595848450800986e-07, 2.7734327545658743e-07, 2.7755325504585926e-07, 2.795817124479072e-07, 2.8098918392061023e-07, 2.826265586008958e-07], "R2Score": [0.9999997615814209, 0.9999998807907104, 0.9999998807907104, 0.9999998211860657, 0.9999998211860657, 0.9999998807907104, 0.9999998807907104, 0.9999999403953552, 0.9999999403953552, 0.9999999403953552, 0.9999999403953552, 1.0, 1.0, 1.0, 1.0, 1.0, 1.0, 1.0, 1.0, 1.0, 1.0, 1.0, 1.0, 1.0, 1.0, 1.0, 1.0, 1.0, 1.0, 1.0, 0.9999999403953552, 0.9999999403953552, 0.9999999403953552, 0.9999999403953552, 0.9999999403953552, 0.9999999403953552, 0.9999999403953552, 0.9999999403953552, 0.9999999403953552, 0.9999999403953552, 0.9999999403953552, 0.9999999403953552, 0.9999999403953552, 0.9999998807907104, 0.9999998807907104, 0.9999998807907104, 0.9999998807907104, 0.9999998807907104, 0.9999998807907104, 0.9999998807907104, 0.9999998807907104, 0.9999998807907104, 0.9999998807907104, 0.9999998807907104, 0.9999998807907104, 0.9999998807907104, 0.9999998807907104, 0.9999998211860657, 0.9999998211860657, 0.9999998211860657, 0.9999998211860657, 0.9999998211860657, 0.9999998211860657, 0.9999998211860657, 0.9999998211860657, 0.9999998211860657, 0.9999998211860657, 0.9999998211860657, 0.9999998211860657, 0.9999997615814209, 0.9999997615814209, 0.9999997615814209, 0.9999997615814209, 0.9999997615814209, 0.9999997615814209, 0.9999997615814209, 0.9999997615814209, 0.9999997615814209, 0.9999997615814209, 0.9999997615814209, 0.9999997615814209, 0.9999997615814209, 0.9999997615814209, 0.9999997615814209, 0.9999997615814209, 0.9999997615814209, 0.9999997615814209, 0.9999997615814209, 0.9999997615814209, 0.9999997615814209, 0.9999997019767761, 0.9999997019767761, 0.9999997019767761, 0.9999997019767761, 0.9999997019767761, 0.9999997019767761, 0.9999997019767761, 0.9999997019767761, 0.9999997019767761, 0.9999997019767761]}, "val_metrics_score": {"MeanSquaredError": [], "R2Score": []}, "early_stopping_criterion_evaluations": [0, 0, 0, 0, 0, 0, 0, 0, 0, 0, 0, 0, 0, 0, 0, 0, 0, 0, 0, 0, 0, 0, 0, 0, 0, 0, 0, 0, 0, 0, 0, 0, 0, 0, 0, 0, 0, 0, 0, 0, 0, 0, 0, 0, 0, 0, 0, 0, 0, 0, 0, 0, 0, 0, 0, 0, 0, 0, 0, 0, 0, 0, 0, 0, 0, 0, 0, 0, 0, 0, 0, 0, 0, 0, 0, 0, 0, 0, 0, 0, 0, 0, 0, 0, 0, 0, 0, 0, 0, 0, 0, 0, 0, 0, 0, 0, 0, 0, 0, 0]}