{"current_epoch": 100, "best_epoch": 100, "train_loss": [3.767498731613159, 3.5031049251556396, 3.084406852722168, 2.6233227252960205, 2.226398229598999, 1.9663586616516113, 1.8502812385559082, 1.822131633758545, 1.8204830884933472, 1.8132339715957642, 1.7916901111602783, 1.758001446723938, 1.7175402641296387, 1.6753805875778198, 1.6349390745162964, 1.5978012084960938, 1.56410551071167, 1.5330841541290283, 1.5035897493362427, 1.474511981010437, 1.4447253942489624, 1.412166714668274, 1.374123215675354, 1.3297752141952515, 1.2813148498535156, 1.2333470582962036, 1.1900875568389893, 1.1530392169952393, 1.123193383216858, 1.102082371711731, 1.0871217250823975, 1.0725336074829102, 1.0545790195465088, 1.032535433769226, 1.0076390504837036, 0.9821191430091858, 0.9584786295890808, 0.938896656036377, 0.9244676232337952, 0.9143717288970947, 0.9059121012687683, 0.8960363864898682, 0.8831321597099304, 0.867601752281189, 0.8511521816253662, 0.8355617523193359, 0.8217778205871582, 0.809781014919281, 0.7989857196807861, 0.7886831760406494, 0.7782705426216125, 0.7673844695091248, 0.7559618949890137, 0.7442083954811096, 0.7324838042259216, 0.7211523652076721, 0.7104648351669312, 0.7004694938659668, 0.6910279989242554, 0.681873083114624, 0.6727275252342224, 0.6634169220924377, 0.653907060623169, 0.6443115472793579, 0.6347963213920593, 0.6255198121070862, 0.6165667176246643, 0.6079277396202087, 0.5995153188705444, 0.5912162661552429, 0.582927942276001, 0.5746170282363892, 0.5663110613822937, 0.5580859184265137, 0.5500180721282959, 0.5421550273895264, 0.5344990491867065, 0.5270049571990967, 0.5196189284324646, 0.512297511100769, 0.5050336122512817, 0.49785202741622925, 0.49079781770706177, 0.48390060663223267, 0.47717544436454773, 0.4706062972545624, 0.4641664922237396, 0.4578309655189514, 0.451592355966568, 0.4454585611820221, 0.43943992257118225, 0.43355849385261536, 0.42781493067741394, 0.4222015142440796, 0.41670307517051697, 0.41130706667900085, 0.40599778294563293, 0.4007807672023773, 0.39565902948379517, 0.39063698053359985], "val_loss": [], "train_metrics_score": {"MeanSquaredError": [1.924399661845655e-08, 1.571366681218933e-08, 1.0891914037358674e-08, 7.293600834401559e-09, 5.204429331939764e-09, 4.3334358323932065e-09, 4.224210314873744e-09, 4.315406254562504e-09, 4.5233661261079305e-09, 4.817554355440734e-09, 5.3097708452298775e-09, 6.063574087278312e-09, 7.238108334917115e-09, 8.757310432372378e-09, 1.0823559826178553e-08, 1.3228883766203126e-08, 1.576674968362113e-08, 1.814498062913117e-08, 1.9955059826770594e-08, 2.107369745374399e-08, 2.1609766420738197e-08, 2.1476347811244523e-08, 2.0721039106774697e-08, 1.9611038126754465e-08, 1.8551952862821963e-08, 1.7608517310918614e-08, 1.6498322708002888e-08, 1.5472151559947633e-08, 1.5165863231914045e-08, 1.569551244529066e-08, 1.6689039483708257e-08, 1.8293384584922023e-08, 2.0405614975516073e-08, 2.2980334080102693e-08, 2.6578740985883087e-08, 3.099601286749021e-08, 3.640599643972564e-08, 4.238232165221234e-08, 4.856565638533539e-08, 5.4121411352525683e-08, 5.88224473574428e-08, 6.105567962322311e-08, 6.124098916870935e-08, 5.996582075340484e-08, 5.822227677754199e-08, 5.575253325673657e-08, 5.350053555730483e-08, 5.164047678363204e-08, 5.014804216330049e-08, 4.976406842160941e-08, 5.0085045444348e-08, 5.076081066590632e-08, 5.2545974682516317e-08, 5.45979190746948e-08, 5.7075919102089756e-08, 6.007567066035335e-08, 6.30763850040239e-08, 6.620589232397833e-08, 6.862199342094755e-08, 7.092162235267097e-08, 7.227229303907734e-08, 7.3639540687509e-08, 7.415760450157904e-08, 7.41355066224969e-08, 7.346388741780174e-08, 7.36999368200486e-08, 7.329003892664332e-08, 7.393736467520284e-08, 7.456506523340067e-08, 7.612267438616982e-08, 7.772178634013471e-08, 7.991097561443894e-08, 8.24095707230299e-08, 8.59288675769676e-08, 8.90167513034612e-08, 9.199581540997315e-08, 9.517665944258624e-08, 9.771092379651236e-08, 9.935402545124816e-08, 1.0118161952732407e-07, 1.0249842574694412e-07, 1.0351033097322215e-07, 1.0418127516231834e-07, 1.0468361466564602e-07, 1.0599622157769772e-07, 1.0749401724297059e-07, 1.0892338053736239e-07, 1.1104543062856465e-07, 1.1303675506724176e-07, 1.1681401446139716e-07, 1.1882769967996865e-07, 1.2164086626853532e-07, 1.2489699940942955e-07, 1.2721419295758096e-07, 1.2861775644523732e-07, 1.3175612423310668e-07, 1.3205590221332386e-07, 1.3260194009490078e-07, 1.3364383733005525e-07, 1.3472578075379715e-07], "R2Score": [1.0, 1.0, 1.0, 1.0, 1.0, 1.0, 1.0, 1.0, 1.0, 1.0, 1.0, 1.0, 1.0, 1.0, 1.0, 1.0, 1.0, 1.0, 1.0, 1.0, 1.0, 1.0, 1.0, 1.0, 1.0, 1.0, 1.0, 1.0, 1.0, 1.0, 1.0, 1.0, 1.0, 1.0, 1.0, 0.9999999403953552, 0.9999999403953552, 0.9999999403953552, 0.9999999403953552, 0.9999999403953552, 0.9999999403953552, 0.9999999403953552, 0.9999999403953552, 0.9999999403953552, 0.9999999403953552, 0.9999999403953552, 0.9999999403953552, 0.9999999403953552, 0.9999999403953552, 0.9999999403953552, 0.9999999403953552, 0.9999999403953552, 0.9999999403953552, 0.9999999403953552, 0.9999999403953552, 0.9999999403953552, 0.9999999403953552, 0.9999999403953552, 0.9999999403953552, 0.9999999403953552, 0.9999999403953552, 0.9999999403953552, 0.9999999403953552, 0.9999999403953552, 0.9999999403953552, 0.9999999403953552, 0.9999999403953552, 0.9999999403953552, 0.9999999403953552, 0.9999999403953552, 0.9999999403953552, 0.9999999403953552, 0.9999999403953552, 0.9999999403953552, 0.9999999403953552, 0.9999998807907104, 0.9999998807907104, 0.9999998807907104, 0.9999998807907104, 0.9999998807907104, 0.9999998807907104, 0.9999998807907104, 0.9999998807907104, 0.9999998807907104, 0.9999998807907104, 0.9999998807907104, 0.9999998807907104, 0.9999998807907104, 0.9999998807907104, 0.9999998807907104, 0.9999998807907104, 0.9999998807907104, 0.9999998807907104, 0.9999998807907104, 0.9999998807907104, 0.9999998807907104, 0.9999998807907104, 0.9999998807907104, 0.9999998807907104, 0.9999998807907104]}, "val_metrics_score": {"MeanSquaredError": [], "R2Score": []}, "early_stopping_criterion_evaluations": [0, 0, 0, 0, 0, 0, 0, 0, 0, 0, 0, 0, 0, 0, 0, 0, 0, 0, 0, 0, 0, 0, 0, 0, 0, 0, 0, 0, 0, 0, 0, 0, 0, 0, 0, 0, 0, 0, 0, 0, 0, 0, 0, 0, 0, 0, 0, 0, 0, 0, 0, 0, 0, 0, 0, 0, 0, 0, 0, 0, 0, 0, 0, 0, 0, 0, 0, 0, 0, 0, 0, 0, 0, 0, 0, 0, 0, 0, 0, 0, 0, 0, 0, 0, 0, 0, 0, 0, 0, 0, 0, 0, 0, 0, 0, 0, 0, 0, 0, 0]}