{"current_epoch": 100, "best_epoch": 100, "train_loss": [3.7561423778533936, 3.5070531368255615, 3.101836919784546, 2.652377128601074, 2.2653086185455322, 2.012131690979004, 1.9001623392105103, 1.8786638975143433, 1.8899316787719727, 1.8986029624938965, 1.8896008729934692, 1.8591299057006836, 1.8082275390625, 1.7406134605407715, 1.6621513366699219, 1.579633355140686, 1.4990234375, 1.4241571426391602, 1.356356143951416, 1.2951122522354126, 1.2395991086959839, 1.1894967555999756, 1.144758701324463, 1.1052367687225342, 1.070543885231018, 1.040142297744751, 1.013495683670044, 0.9901465773582458, 0.9696963429450989, 0.9517568945884705, 0.9359163045883179, 0.9217403531074524, 0.9087986946105957, 0.8967195153236389, 0.885232150554657, 0.8742067813873291, 0.8636430501937866, 0.8536412119865417, 0.8443325757980347, 0.8358091711997986, 0.8280808925628662, 0.8210737705230713, 0.8146618604660034, 0.808673083782196, 0.802837073802948, 0.7967603802680969, 0.790149986743927, 0.7830827236175537, 0.7759213447570801, 0.7690504193305969, 0.7626800537109375, 0.7568011283874512, 0.7512524127960205, 0.7458204627037048, 0.7403315901756287, 0.7346978783607483, 0.7289338707923889, 0.7231396436691284, 0.7174630761146545, 0.7120358943939209, 0.7068984508514404, 0.7019649744033813, 0.6970748901367188, 0.692120373249054, 0.687115490436554, 0.6821568012237549, 0.6773329377174377, 0.6726705431938171, 0.6681336760520935, 0.6636704802513123, 0.6592463850975037, 0.6548623442649841, 0.6505510210990906, 0.6463581323623657, 0.6423084735870361, 0.6384000778198242, 0.6345940232276917, 0.6308491230010986, 0.6271418929100037, 0.6234793663024902, 0.6198849678039551, 0.6163739562034607, 0.6129462718963623, 0.6095820665359497, 0.606258749961853, 0.6029646396636963, 0.5996981263160706, 0.5964677333831787, 0.593283474445343, 0.5901454091072083, 0.5870486497879028, 0.5839842557907104, 0.5809475183486938, 0.5779416561126709, 0.5749751925468445, 0.572053849697113, 0.5691754817962646, 0.5663332343101501, 0.5635201334953308, 0.560732901096344], "val_loss": [], "train_metrics_score": {"MeanSquaredError": [1.9512206961280754e-08, 1.599708454591564e-08, 1.1278584288731963e-08, 7.734367812872733e-09, 5.718183260228216e-09, 4.915051476928056e-09, 4.8344563907676275e-09, 4.949919141239434e-09, 5.096678634686214e-09, 5.261024504932266e-09, 5.4056128462320885e-09, 5.452889251245097e-09, 5.459567464782822e-09, 5.419168669362762e-09, 5.434764638323486e-09, 5.45219736025615e-09, 5.6071063347928884e-09, 5.8836997496314325e-09, 6.3549596696077515e-09, 7.0618866310212525e-09, 8.050431432593541e-09, 9.357504104912095e-09, 1.1083643336462501e-08, 1.3159539236085038e-08, 1.5874961789563713e-08, 1.9239575266283282e-08, 2.3317504371789255e-08, 2.8114664374356835e-08, 3.364841916209116e-08, 3.9418821984327224e-08, 4.547883136751807e-08, 5.1341071838351127e-08, 5.625876298154253e-08, 6.10344486062786e-08, 6.361783277952782e-08, 6.487245229891414e-08, 6.48376357048619e-08, 6.381088724083384e-08, 6.141898012401725e-08, 5.8705072802922587e-08, 5.5862070524881347e-08, 5.234446831536843e-08, 4.9617316477679196e-08, 4.7685077220194216e-08, 4.6688217736345905e-08, 4.688654797746494e-08, 4.828165955927943e-08, 5.047783346867618e-08, 5.293320270993718e-08, 5.609870967759889e-08, 5.904049871219286e-08, 6.194933632741595e-08, 6.381525707865876e-08, 6.522346041037963e-08, 6.551071152216537e-08, 6.449541700703776e-08, 6.314589029443596e-08, 6.1562474229504e-08, 5.9227726723065643e-08, 5.7511989837166766e-08, 5.650471024409853e-08, 5.564190885820608e-08, 5.549849291242026e-08, 5.672151814906101e-08, 5.80804986327621e-08, 5.97317963979549e-08, 6.123766382870599e-08, 6.260946605607387e-08, 6.338112967796405e-08, 6.383616835137218e-08, 6.393269558202519e-08, 6.328729540427958e-08, 6.281810982500247e-08, 6.159341836564636e-08, 6.102030170040962e-08, 6.044302125474132e-08, 6.043709532832509e-08, 6.084586345878051e-08, 6.142779795936804e-08, 6.221998916089433e-08, 6.333497992727644e-08, 6.430781951394238e-08, 6.476334135641082e-08, 6.560055254567487e-08, 6.560697585200614e-08, 6.539114139059166e-08, 6.573076660743027e-08, 6.521809581272464e-08, 6.531656993047363e-08, 6.57019540994952e-08, 6.573007027554922e-08, 6.604406621590897e-08, 6.691714560247419e-08, 6.811018238295219e-08, 6.889563763934348e-08, 6.99608690979403e-08, 7.038103433387732e-08, 7.099766463625201e-08, 7.193491313728373e-08, 7.218033459821527e-08], "R2Score": [1.0, 1.0, 1.0, 1.0, 1.0, 1.0, 1.0, 1.0, 1.0, 1.0, 1.0, 1.0, 1.0, 1.0, 1.0, 1.0, 1.0, 1.0, 1.0, 1.0, 1.0, 1.0, 1.0, 1.0, 1.0, 1.0, 1.0, 1.0, 0.9999999403953552, 0.9999999403953552, 0.9999999403953552, 0.9999999403953552, 0.9999999403953552, 0.9999999403953552, 0.9999999403953552, 0.9999999403953552, 0.9999999403953552, 0.9999999403953552, 0.9999999403953552, 0.9999999403953552, 0.9999999403953552, 0.9999999403953552, 0.9999999403953552, 0.9999999403953552, 0.9999999403953552, 0.9999999403953552, 0.9999999403953552, 0.9999999403953552, 0.9999999403953552, 0.9999999403953552, 0.9999999403953552, 0.9999999403953552, 0.9999999403953552, 0.9999999403953552, 0.9999999403953552, 0.9999999403953552, 0.9999999403953552, 0.9999999403953552, 0.9999999403953552, 0.9999999403953552, 0.9999999403953552, 0.9999999403953552, 0.9999999403953552, 0.9999999403953552, 0.9999999403953552, 0.9999999403953552, 0.9999999403953552, 0.9999999403953552, 0.9999999403953552, 0.9999999403953552, 0.9999999403953552, 0.9999999403953552, 0.9999999403953552, 0.9999999403953552, 0.9999999403953552, 0.9999999403953552, 0.9999999403953552, 0.9999999403953552, 0.9999999403953552, 0.9999999403953552, 0.9999999403953552, 0.9999999403953552, 0.9999999403953552, 0.9999999403953552, 0.9999999403953552, 0.9999999403953552, 0.9999999403953552, 0.9999999403953552, 0.9999999403953552, 0.9999999403953552, 0.9999999403953552, 0.9999999403953552, 0.9999999403953552, 0.9999999403953552, 0.9999999403953552, 0.9999999403953552, 0.9999999403953552, 0.9999999403953552, 0.9999999403953552, 0.9999999403953552]}, "val_metrics_score": {"MeanSquaredError": [], "R2Score": []}, "early_stopping_criterion_evaluations": [0, 0, 0, 0, 0, 0, 0, 0, 0, 0, 0, 0, 0, 0, 0, 0, 0, 0, 0, 0, 0, 0, 0, 0, 0, 0, 0, 0, 0, 0, 0, 0, 0, 0, 0, 0, 0, 0, 0, 0, 0, 0, 0, 0, 0, 0, 0, 0, 0, 0, 0, 0, 0, 0, 0, 0, 0, 0, 0, 0, 0, 0, 0, 0, 0, 0, 0, 0, 0, 0, 0, 0, 0, 0, 0, 0, 0, 0, 0, 0, 0, 0, 0, 0, 0, 0, 0, 0, 0, 0, 0, 0, 0, 0, 0, 0, 0, 0, 0, 0]}