{"current_epoch": 100, "best_epoch": 100, "train_loss": [13.331108093261719, 5.73446798324585, 3.1697311401367188, 3.631403923034668, 4.847570896148682, 5.38456916809082, 5.046003818511963, 4.218792915344238, 3.3309969902038574, 2.653106689453125, 2.2670693397521973, 2.1108834743499756, 2.071037769317627, 2.058530330657959, 2.0317981243133545, 1.9839584827423096, 1.9238653182983398, 1.8630563020706177, 1.8089393377304077, 1.763840913772583, 1.7270445823669434, 1.6966488361358643, 1.6704034805297852, 1.6461297273635864, 1.6221157312393188, 1.5974267721176147, 1.5719867944717407, 1.5464228391647339, 1.521755337715149, 1.4990463256835938, 1.4790639877319336, 1.462046504020691, 1.4476476907730103, 1.4351593255996704, 1.4238824844360352, 1.4133424758911133, 1.4032739400863647, 1.3935467004776, 1.3841183185577393, 1.3749892711639404, 1.3661565780639648, 1.3575748205184937, 1.3491530418395996, 1.3407844305038452, 1.3323988914489746, 1.3240034580230713, 1.3156925439834595, 1.307619571685791, 1.2999491691589355, 1.2928129434585571, 1.286280870437622, 1.280350923538208, 1.2749580144882202, 1.2699908018112183, 1.2653166055679321, 1.2608085870742798, 1.2563655376434326, 1.2519242763519287, 1.2474632263183594, 1.242993950843811, 1.238548994064331, 1.2341666221618652, 1.2298775911331177, 1.2256964445114136, 1.2216217517852783, 1.2176393270492554, 1.2137267589569092, 1.20986008644104, 1.2060164213180542, 1.2021769285202026, 1.1983251571655273, 1.1944493055343628, 1.1905407905578613, 1.1865956783294678, 1.1826140880584717, 1.1785991191864014, 1.1745576858520508, 1.1704977750778198, 1.1664326190948486, 1.1623778343200684, 1.1583526134490967, 1.1543771028518677, 1.150469183921814, 1.1466400623321533, 1.1428897380828857, 1.1392053365707397, 1.135563611984253, 1.1319369077682495, 1.128299355506897, 1.1246349811553955, 1.120940089225769, 1.1172250509262085, 1.1135073900222778, 1.109808325767517, 1.106143832206726, 1.102521538734436, 1.0989387035369873, 1.0953868627548218, 1.0918556451797485, 1.0883368253707886], "val_loss": [], "train_metrics_score": {"MeanSquaredError": [2.223266193368545e-07, 1.0448135157048455e-07, 1.1367801278083789e-07, 1.4867326569856232e-07, 1.5739171033146704e-07, 1.363065678106068e-07, 1.0248773207877093e-07, 7.124309320261091e-08, 4.9475801233711536e-08, 3.7125438723251136e-08, 3.126814362985897e-08, 2.7734831320458397e-08, 2.5310550100243745e-08, 2.3231756074437726e-08, 2.2065504978741046e-08, 2.1730635069161508e-08, 2.2488212181315248e-08, 2.40127473460916e-08, 2.6247825246628054e-08, 2.8900831949840722e-08, 3.161830974818258e-08, 3.4118144753847446e-08, 3.5953711119418585e-08, 3.6858700980246795e-08, 3.673109461033164e-08, 3.571035378513443e-08, 3.376297641466408e-08, 3.1309557613212746e-08, 2.8747933811246185e-08, 2.6121758978092657e-08, 2.3697531048583187e-08, 2.159186607286756e-08, 1.9831110975587762e-08, 1.8320097439072924e-08, 1.7192489210060558e-08, 1.6429224203307058e-08, 1.5695828636808073e-08, 1.5277263898383353e-08, 1.5096624395027902e-08, 1.493370227478863e-08, 1.5028431832320166e-08, 1.525654269585175e-08, 1.54549546493854e-08, 1.5688440768713008e-08, 1.6065849095525664e-08, 1.6379761547113958e-08, 1.672075455871891e-08, 1.707469010625573e-08, 1.7436132537795856e-08, 1.78359655933491e-08, 1.810415994896175e-08, 1.844246000359817e-08, 1.8778399279995028e-08, 1.9194496658769822e-08, 1.9593478839396994e-08, 1.98216358882064e-08, 2.0097878916658374e-08, 2.0214692142417334e-08, 2.0271226475188087e-08, 2.0331231809223027e-08, 2.0336125672315575e-08, 2.024559542235238e-08, 2.0057825622643577e-08, 1.997218923577293e-08, 1.976551189386555e-08, 1.9634644132793255e-08, 1.9463602285441084e-08, 1.9485851154854572e-08, 1.9336802381531015e-08, 1.9359527314577463e-08, 1.9323914912661166e-08, 1.938781934995859e-08, 1.9502419235095658e-08, 1.9628805247862147e-08, 1.968800056317832e-08, 1.9883023227862395e-08, 1.983591957355202e-08, 2.0057159488828802e-08, 2.0142062240324776e-08, 2.0080692664237176e-08, 2.012833633102673e-08, 2.0119820476338646e-08, 1.9996493350049604e-08, 1.9965153086332066e-08, 1.984859032688746e-08, 1.9873544587767356e-08, 1.9947270502029824e-08, 1.9982001830953777e-08, 2.0139989231893196e-08, 2.026804679644556e-08, 2.0494722363650908e-08, 2.0676260703567095e-08, 2.0843492265498753e-08, 2.0941827827414272e-08, 2.096579265753462e-08, 2.1061271837652384e-08, 2.1066206556952238e-08, 2.1070354350172238e-08, 2.1015717166505965e-08, 2.1086835388928193e-08], "R2Score": [0.9999997615814209, 0.9999998807907104, 0.9999998807907104, 0.9999998807907104, 0.9999998211860657, 0.9999998807907104, 0.9999998807907104, 0.9999999403953552, 0.9999999403953552, 0.9999999403953552, 0.9999999403953552, 1.0, 1.0, 1.0, 1.0, 1.0, 1.0, 1.0, 1.0, 1.0, 0.9999999403953552, 0.9999999403953552, 0.9999999403953552, 0.9999999403953552, 0.9999999403953552, 0.9999999403953552, 0.9999999403953552, 0.9999999403953552, 1.0, 1.0, 1.0, 1.0, 1.0, 1.0, 1.0, 1.0, 1.0, 1.0, 1.0, 1.0, 1.0, 1.0, 1.0, 1.0, 1.0, 1.0, 1.0, 1.0, 1.0, 1.0, 1.0, 1.0, 1.0, 1.0, 1.0, 1.0, 1.0, 1.0, 1.0, 1.0, 1.0, 1.0, 1.0, 1.0, 1.0, 1.0, 1.0, 1.0, 1.0, 1.0, 1.0, 1.0, 1.0, 1.0, 1.0, 1.0, 1.0, 1.0, 1.0, 1.0, 1.0, 1.0, 1.0, 1.0, 1.0, 1.0, 1.0, 1.0, 1.0, 1.0, 1.0, 1.0, 1.0, 1.0, 1.0, 1.0, 1.0, 1.0, 1.0, 1.0]}, "val_metrics_score": {"MeanSquaredError": [], "R2Score": []}, "early_stopping_criterion_evaluations": [0, 0, 0, 0, 0, 0, 0, 0, 0, 0, 0, 0, 0, 0, 0, 0, 0, 0, 0, 0, 0, 0, 0, 0, 0, 0, 0, 0, 0, 0, 0, 0, 0, 0, 0, 0, 0, 0, 0, 0, 0, 0, 0, 0, 0, 0, 0, 0, 0, 0, 0, 0, 0, 0, 0, 0, 0, 0, 0, 0, 0, 0, 0, 0, 0, 0, 0, 0, 0, 0, 0, 0, 0, 0, 0, 0, 0, 0, 0, 0, 0, 0, 0, 0, 0, 0, 0, 0, 0, 0, 0, 0, 0, 0, 0, 0, 0, 0, 0, 0]}