{"current_epoch": 100, "best_epoch": 100, "train_loss": [7.165078639984131, 5.2207512855529785, 3.180185556411743, 2.3295974731445312, 2.7453391551971436, 3.645738124847412, 4.166543483734131, 3.9702205657958984, 3.2772576808929443, 2.518991470336914, 2.022623300552368, 1.8913121223449707, 2.0364902019500732, 2.2786202430725098, 2.4518139362335205, 2.4699008464813232, 2.3381197452545166, 2.123037338256836, 1.9078271389007568, 1.7559535503387451, 1.6935720443725586, 1.710158348083496, 1.7713394165039062, 1.836349606513977, 1.8733140230178833, 1.8678747415542603, 1.8238826990127563, 1.7578579187393188, 1.690596342086792, 1.6393649578094482, 1.613033413887024, 1.6109539270401, 1.6250948905944824, 1.6440664529800415, 1.6574020385742188, 1.658705472946167, 1.646891474723816, 1.6254870891571045, 1.6005977392196655, 1.5784399509429932, 1.5633082389831543, 1.5565370321273804, 1.5566003322601318, 1.5601131916046143, 1.5632541179656982, 1.5630829334259033, 1.5583407878875732, 1.549564242362976, 1.5385836362838745, 1.527687668800354, 1.518772006034851, 1.512766718864441, 1.5094853639602661, 1.5078725814819336, 1.5065102577209473, 1.5041613578796387, 1.5001658201217651, 1.494570016860962, 1.487992286682129, 1.4813059568405151, 1.4752862453460693, 1.4703469276428223, 1.4664486646652222, 1.4631869792938232, 1.4599967002868652, 1.456386923789978, 1.4521090984344482, 1.4472098350524902, 1.4419652223587036, 1.4367376565933228, 1.4318225383758545, 1.4273428916931152, 1.4232287406921387, 1.4192745685577393, 1.4152417182922363, 1.41095769405365, 1.4063763618469238, 1.4015748500823975, 1.3967032432556152, 1.391908884048462, 1.38727605342865, 1.3827978372573853, 1.3783941268920898, 1.3739569187164307, 1.369399905204773, 1.3646944761276245, 1.3598721027374268, 1.3550013303756714, 1.3501499891281128, 1.3453543186187744, 1.3406059741973877, 1.3358628749847412, 1.3310736417770386, 1.3262033462524414, 1.3212474584579468, 1.3162298202514648, 1.3111859560012817, 1.3061429262161255, 1.3011072874069214, 1.296064019203186], "val_loss": [], "train_metrics_score": {"MeanSquaredError": [9.623114038959102e-08, 4.8445500056004676e-08, 2.8575323440804823e-08, 3.5047420965383935e-08, 5.0750216473716137e-08, 5.701463123841677e-08, 4.982298307254496e-08, 3.5881321025499346e-08, 2.2619040862537076e-08, 1.3895427919408121e-08, 1.1304670977096976e-08, 1.227225787658881e-08, 1.4895574551587742e-08, 1.6421735082872146e-08, 1.5729225921745638e-08, 1.3509311003190305e-08, 1.0689141127784296e-08, 7.796771228640864e-09, 5.768741484502016e-09, 4.854320945213431e-09, 4.821109733654794e-09, 5.313947948337727e-09, 5.899627453231915e-09, 6.0344005348156315e-09, 5.797470503665636e-09, 5.307208006399833e-09, 4.590767765932924e-09, 3.992207453507035e-09, 3.2633920010738393e-09, 2.9397784206963706e-09, 2.847599711586213e-09, 2.9991216177194246e-09, 3.124461800396716e-09, 3.2985247866434975e-09, 3.2942930605628362e-09, 3.170501416960292e-09, 2.950304001103632e-09, 2.651753927551681e-09, 2.5244830670345664e-09, 2.35665464920487e-09, 2.2530424192979126e-09, 2.23492402362524e-09, 2.315020619647612e-09, 2.4521700225932364e-09, 2.4051232117017207e-09, 2.293126577512794e-09, 2.3367585644251676e-09, 2.2579624836538414e-09, 2.112419572597446e-09, 2.0548935886210984e-09, 2.0406916156900934e-09, 2.07138617369651e-09, 2.0319630422704904e-09, 2.061073089976162e-09, 2.024841183612125e-09, 2.009963750992938e-09, 1.989489017972801e-09, 1.9914150328759206e-09, 1.9390504757410554e-09, 1.896191204053821e-09, 1.920223535734067e-09, 1.884296274567987e-09, 1.8880970120704887e-09, 1.8809189761270773e-09, 1.8978785210066462e-09, 1.8903305587514296e-09, 1.889420397915842e-09, 1.9127348593883653e-09, 1.8691772574186416e-09, 1.869016275080071e-09, 1.8568736548374432e-09, 1.9182437860365553e-09, 1.9207286872102713e-09, 1.917688230435033e-09, 1.9507380155658893e-09, 1.9635266745865465e-09, 1.944394867336996e-09, 1.9552119923105238e-09, 1.913902814010271e-09, 1.952866091059491e-09, 1.9742931733901514e-09, 1.9370296477916327e-09, 1.9644590398826267e-09, 1.9655885807878803e-09, 1.993108122988474e-09, 1.9908370507693007e-09, 2.0128174682554345e-09, 2.0096424524496115e-09, 2.0567327840836924e-09, 2.078231586821744e-09, 2.0480752649376655e-09, 2.1339499056693967e-09, 2.1532704508331335e-09, 2.1263319993636287e-09, 2.161508749765062e-09, 2.175331470510855e-09, 2.177470204145493e-09, 2.273320864887296e-09, 2.2593511506130426e-09, 2.2779198527445033e-09], "R2Score": [0.9999998807907104, 0.9999999403953552, 1.0, 0.9999999403953552, 0.9999999403953552, 0.9999999403953552, 0.9999999403953552, 0.9999999403953552, 1.0, 1.0, 1.0, 1.0, 1.0, 1.0, 1.0, 1.0, 1.0, 1.0, 1.0, 1.0, 1.0, 1.0, 1.0, 1.0, 1.0, 1.0, 1.0, 1.0, 1.0, 1.0, 1.0, 1.0, 1.0, 1.0, 1.0, 1.0, 1.0, 1.0, 1.0, 1.0, 1.0, 1.0, 1.0, 1.0, 1.0, 1.0, 1.0, 1.0, 1.0, 1.0, 1.0, 1.0, 1.0, 1.0, 1.0, 1.0, 1.0, 1.0, 1.0, 1.0, 1.0, 1.0, 1.0, 1.0, 1.0, 1.0, 1.0, 1.0, 1.0, 1.0, 1.0, 1.0, 1.0, 1.0, 1.0, 1.0, 1.0, 1.0, 1.0, 1.0, 1.0, 1.0, 1.0, 1.0, 1.0, 1.0, 1.0, 1.0, 1.0, 1.0, 1.0, 1.0, 1.0, 1.0, 1.0, 1.0, 1.0, 1.0, 1.0, 1.0]}, "val_metrics_score": {"MeanSquaredError": [], "R2Score": []}, "early_stopping_criterion_evaluations": [0, 0, 0, 0, 0, 0, 0, 0, 0, 0, 0, 0, 0, 0, 0, 0, 0, 0, 0, 0, 0, 0, 0, 0, 0, 0, 0, 0, 0, 0, 0, 0, 0, 0, 0, 0, 0, 0, 0, 0, 0, 0, 0, 0, 0, 0, 0, 0, 0, 0, 0, 0, 0, 0, 0, 0, 0, 0, 0, 0, 0, 0, 0, 0, 0, 0, 0, 0, 0, 0, 0, 0, 0, 0, 0, 0, 0, 0, 0, 0, 0, 0, 0, 0, 0, 0, 0, 0, 0, 0, 0, 0, 0, 0, 0, 0, 0, 0, 0, 0]}