{"current_epoch": 100, "best_epoch": 100, "train_loss": [3.7344744205474854, 3.4760470390319824, 3.0556576251983643, 2.5877933502197266, 2.1874454021453857, 1.9303518533706665, 1.811755657196045, 1.7665154933929443, 1.7374686002731323, 1.6980311870574951, 1.6421055793762207, 1.5738307237625122, 1.5003927946090698, 1.4274080991744995, 1.3574607372283936, 1.2908400297164917, 1.2268966436386108, 1.1650465726852417, 1.1051222085952759, 1.04729425907135, 0.9918826222419739, 0.9392150044441223, 0.8895461559295654, 0.8430116176605225, 0.799599289894104, 0.759141206741333, 0.7213224768638611, 0.6857145428657532, 0.6518229842185974, 0.6191496849060059, 0.5872477889060974, 0.5557761192321777, 0.5245358943939209, 0.4934864044189453, 0.46273642778396606, 0.4325070083141327, 0.40306100249290466, 0.3746248185634613, 0.3473125696182251, 0.32108062505722046, 0.29572704434394836, 0.2709542214870453, 0.24645012617111206, 0.22198525071144104, 0.19746193289756775, 0.17291954159736633, 0.1485007405281067, 0.12438003718852997, 0.10070854425430298, 0.07756546139717102, 0.054946672171354294, 0.03277938812971115, 0.010955124162137508, -0.010631103068590164, -0.03204788267612457, -0.05331489443778992, -0.07441253960132599, -0.0953008234500885, -0.11594398319721222, -0.1363341510295868, -0.15649428963661194, -0.1764664500951767, -0.19629906117916107, -0.21602684259414673, -0.2356586456298828, -0.2551751732826233, -0.27454161643981934, -0.29371535778045654, -0.31266921758651733, -0.3313906788825989, -0.3498837947845459, -0.36817023158073425, -0.3862690031528473, -0.40419456362724304, -0.4219461679458618, -0.43951529264450073, -0.4568859040737152, -0.4740470051765442, -0.49098944664001465, -0.5077198147773743, -0.5242465734481812, -0.5405805110931396, -0.5567264556884766, -0.5726918578147888, -0.5884671807289124, -0.6040512919425964, -0.6194347143173218, -0.6346220970153809, -0.6496138572692871, -0.6644083261489868, -0.6790125370025635, -0.6934229135513306, -0.7076345086097717, -0.7216411828994751, -0.7354329824447632, -0.7490067481994629, -0.7623555660247803, -0.7754706740379333, -0.788369357585907, -0.8010367751121521], "val_loss": [], "train_metrics_score": {"MeanSquaredError": [1.927565840276202e-08, 1.5132604502809954e-08, 1.0460456500993587e-08, 6.868402735449308e-09, 4.82757744890705e-09, 4.0618002294934286e-09, 3.91672605459803e-09, 3.865943121184046e-09, 3.775669110694935e-09, 3.624537558977181e-09, 3.462077957649967e-09, 3.3741793803443443e-09, 3.401067427688531e-09, 3.5608211934601286e-09, 3.859890185253789e-09, 4.273646325714253e-09, 4.8167474453464365e-09, 5.511799461288547e-09, 6.378297001674582e-09, 7.443446747856797e-09, 8.736713574819532e-09, 1.033246732617954e-08, 1.2183200226445479e-08, 1.4536526649067127e-08, 1.715933883872367e-08, 2.0246504917054153e-08, 2.3529160841917474e-08, 2.7110838018984396e-08, 3.08911225488373e-08, 3.441497398171123e-08, 3.75129012297748e-08, 4.0099148890249126e-08, 4.233800510178298e-08, 4.346590642967385e-08, 4.4117349773387105e-08, 4.439745637796477e-08, 4.41825243058247e-08, 4.3680866923523354e-08, 4.304646239461363e-08, 4.270676612350144e-08, 4.249501373010389e-08, 4.25474162568662e-08, 4.255847230183463e-08, 4.333602277029058e-08, 4.428909505804768e-08, 4.497877270637218e-08, 4.622406279963798e-08, 4.756593696697564e-08, 4.887694515787189e-08, 5.00661911928546e-08, 5.1335661055418313e-08, 5.211338205413085e-08, 5.294862504001685e-08, 5.2902525027320735e-08, 5.2647980197662037e-08, 5.208478270901651e-08, 5.1721254834546926e-08, 5.127916580249803e-08, 5.0966704634447524e-08, 5.076924836089347e-08, 5.116521961667786e-08, 5.177756889906959e-08, 5.273803083127859e-08, 5.395763480464666e-08, 5.6030216910585295e-08, 5.783876133591548e-08, 6.010516528931475e-08, 6.280328790353451e-08, 6.57314487284566e-08, 6.806163810324506e-08, 7.098110188508144e-08, 7.397897405780895e-08, 7.630354303955755e-08, 7.815118863163661e-08, 8.052205657804734e-08, 8.192559164399427e-08, 8.399543816040023e-08, 8.544816409994382e-08, 8.780681781672683e-08, 8.957638186757322e-08, 9.174434012493293e-08, 9.410826606881528e-08, 9.684755042371762e-08, 9.992749028242542e-08, 1.0356743018746783e-07, 1.0692301088965905e-07, 1.1020585333199051e-07, 1.1333984417660758e-07, 1.1728337767635821e-07, 1.2012708339170786e-07, 1.231036321769352e-07, 1.266805611521704e-07, 1.2974993524039746e-07, 1.3270214083149767e-07, 1.36278714535365e-07, 1.4036282891538576e-07, 1.434002143696489e-07, 1.4831955752470094e-07, 1.5248932072609023e-07, 1.5693620980528067e-07], "R2Score": [1.0, 1.0, 1.0, 1.0, 1.0, 1.0, 1.0, 1.0, 1.0, 1.0, 1.0, 1.0, 1.0, 1.0, 1.0, 1.0, 1.0, 1.0, 1.0, 1.0, 1.0, 1.0, 1.0, 1.0, 1.0, 1.0, 1.0, 1.0, 0.9999999403953552, 0.9999999403953552, 0.9999999403953552, 0.9999999403953552, 0.9999999403953552, 0.9999999403953552, 0.9999999403953552, 0.9999999403953552, 0.9999999403953552, 0.9999999403953552, 0.9999999403953552, 0.9999999403953552, 0.9999999403953552, 0.9999999403953552, 0.9999999403953552, 0.9999999403953552, 0.9999999403953552, 0.9999999403953552, 0.9999999403953552, 0.9999999403953552, 0.9999999403953552, 0.9999999403953552, 0.9999999403953552, 0.9999999403953552, 0.9999999403953552, 0.9999999403953552, 0.9999999403953552, 0.9999999403953552, 0.9999999403953552, 0.9999999403953552, 0.9999999403953552, 0.9999999403953552, 0.9999999403953552, 0.9999999403953552, 0.9999999403953552, 0.9999999403953552, 0.9999999403953552, 0.9999999403953552, 0.9999999403953552, 0.9999999403953552, 0.9999999403953552, 0.9999999403953552, 0.9999999403953552, 0.9999999403953552, 0.9999999403953552, 0.9999999403953552, 0.9999999403953552, 0.9999999403953552, 0.9999999403953552, 0.9999999403953552, 0.9999999403953552, 0.9999998807907104, 0.9999998807907104, 0.9999998807907104, 0.9999998807907104, 0.9999998807907104, 0.9999998807907104, 0.9999998807907104, 0.9999998807907104, 0.9999998807907104, 0.9999998807907104, 0.9999998807907104, 0.9999998807907104, 0.9999998807907104, 0.9999998807907104, 0.9999998807907104, 0.9999998807907104, 0.9999998807907104, 0.9999998807907104, 0.9999998807907104, 0.9999998211860657, 0.9999998211860657]}, "val_metrics_score": {"MeanSquaredError": [], "R2Score": []}, "early_stopping_criterion_evaluations": [0, 0, 0, 0, 0, 0, 0, 0, 0, 0, 0, 0, 0, 0, 0, 0, 0, 0, 0, 0, 0, 0, 0, 0, 0, 0, 0, 0, 0, 0, 0, 0, 0, 0, 0, 0, 0, 0, 0, 0, 0, 0, 0, 0, 0, 0, 0, 0, 0, 0, 0, 0, 0, 0, 0, 0, 0, 0, 0, 0, 0, 0, 0, 0, 0, 0, 0, 0, 0, 0, 0, 0, 0, 0, 0, 0, 0, 0, 0, 0, 0, 0, 0, 0, 0, 0, 0, 0, 0, 0, 0, 0, 0, 0, 0, 0, 0, 0, 0, 0]}