{"current_epoch": 100, "best_epoch": 100, "train_loss": [13.057206153869629, 5.472088813781738, 2.9161388874053955, 3.3866617679595947, 4.617740154266357, 5.172632217407227, 4.847879409790039, 4.030719757080078, 3.1535909175872803, 2.49161434173584, 2.1285510063171387, 2.000234365463257, 1.9928747415542603, 2.0166141986846924, 2.0226523876190186, 1.997367262840271, 1.9465991258621216, 1.8816587924957275, 1.811975121498108, 1.7431448698043823, 1.6774816513061523, 1.614939570426941, 1.5535999536514282, 1.4913150072097778, 1.4274729490280151, 1.3627821207046509, 1.298598289489746, 1.2362029552459717, 1.1760441064834595, 1.1175951957702637, 1.060187816619873, 1.0035518407821655, 0.9477092027664185, 0.8928778171539307, 0.8395625352859497, 0.7886725068092346, 0.7414300441741943, 0.6990054845809937, 0.6621076464653015, 0.630683183670044, 0.6037620306015015, 0.5797222256660461, 0.5569434762001038, 0.534318208694458, 0.5113263726234436, 0.48786354064941406, 0.46406781673431396, 0.44020789861679077, 0.41660964488983154, 0.39359667897224426, 0.37143975496292114, 0.35031914710998535, 0.33030426502227783, 0.3113555908203125, 0.2933427691459656, 0.2760748267173767, 0.2593401372432709, 0.242930069565773, 0.22667381167411804, 0.2104201465845108, 0.19403861463069916, 0.17739784717559814, 0.1603846698999405, 0.14293891191482544, 0.12508231401443481, 0.10692909359931946, 0.08866234123706818, 0.07049553096294403, 0.052617110311985016, 0.035144731402397156, 0.01809333823621273, 0.0013712310465052724, -0.015183410607278347, -0.031740035861730576, -0.04842445254325867, -0.06529182195663452, -0.08232902735471725, -0.0994499996304512, -0.11654899269342422, -0.13351325690746307, -0.15025214850902557, -0.16672004759311676, -0.1829119175672531, -0.19886428117752075, -0.2146247923374176, -0.23025566339492798, -0.2458038330078125, -0.2612867057323456, -0.27670523524284363, -0.29202812910079956, -0.3072243630886078, -0.3222658634185791, -0.3371409475803375, -0.3518517315387726, -0.36641961336135864, -0.3808728754520416, -0.39524146914482117, -0.4095511734485626, -0.4238222539424896, -0.43804115056991577], "val_loss": [], "train_metrics_score": {"MeanSquaredError": [2.1129386595930555e-07, 9.344243068198921e-08, 1.0437056374712483e-07, 1.4092810829424707e-07, 1.5029208100258984e-07, 1.3054004455170798e-07, 9.732217876035065e-08, 6.669240093515327e-08, 4.594236102661853e-08, 3.5102392104136015e-08, 3.038989149217741e-08, 2.8177542077401085e-08, 2.675037258370594e-08, 2.5444048645795192e-08, 2.4183716362813357e-08, 2.3300886553556666e-08, 2.2741486915833775e-08, 2.2606748473208427e-08, 2.2758580797699324e-08, 2.2957042489224477e-08, 2.317553082775703e-08, 2.331088388984881e-08, 2.3287556771833806e-08, 2.3081410560621407e-08, 2.2847313374541045e-08, 2.263208820352247e-08, 2.2559929035992354e-08, 2.2892191253731653e-08, 2.3355529066293457e-08, 2.397202081283467e-08, 2.458174463981777e-08, 2.4964199596411163e-08, 2.495970718996432e-08, 2.446765812180729e-08, 2.3673862870055018e-08, 2.2876969651974832e-08, 2.255307229859227e-08, 2.2869349081133805e-08, 2.3894266121260443e-08, 2.5440643369734062e-08, 2.7311408246077917e-08, 2.9201569162751184e-08, 3.1468580630189535e-08, 3.408763049606023e-08, 3.734858111670292e-08, 4.1417759888418004e-08, 4.636613937236689e-08, 5.225129839914189e-08, 5.902227684373429e-08, 6.71377193839362e-08, 7.601281026836659e-08, 8.57761648376254e-08, 9.592641703193294e-08, 1.0625787894014138e-07, 1.1602256222431606e-07, 1.2466826149193366e-07, 1.3283515443163196e-07, 1.39369547014212e-07, 1.4408924187137018e-07, 1.4760007616132498e-07, 1.4948281545912323e-07, 1.498454054171816e-07, 1.499609396660162e-07, 1.483445828398544e-07, 1.47186071330907e-07, 1.458290341815882e-07, 1.4449007323946716e-07, 1.431926079931145e-07, 1.437585410712927e-07, 1.445632022978316e-07, 1.4642314738466666e-07, 1.4912676249423384e-07, 1.53677603975666e-07, 1.5871729885930108e-07, 1.6435937766345887e-07, 1.711835437845366e-07, 1.7924352846421243e-07, 1.876979354165087e-07, 1.9712169319063833e-07, 2.062700019678232e-07, 2.141810568900837e-07, 2.2312048031380982e-07, 2.3204466970128124e-07, 2.393831266545021e-07, 2.464994679485244e-07, 2.540930381655926e-07, 2.617881591504556e-07, 2.6947029141410894e-07, 2.776284588890121e-07, 2.8556121378642274e-07, 2.939083003639098e-07, 3.025307080406492e-07, 3.1282303325497196e-07, 3.2361953117288067e-07, 3.333369988922641e-07, 3.4420290262460185e-07, 3.5347957805242913e-07, 3.629953653216944e-07, 3.738047666956845e-07, 3.846289757802879e-07], "R2Score": [0.9999997615814209, 0.9999998807907104, 0.9999998807907104, 0.9999998807907104, 0.9999998211860657, 0.9999998807907104, 0.9999998807907104, 0.9999999403953552, 0.9999999403953552, 0.9999999403953552, 0.9999999403953552, 1.0, 1.0, 1.0, 1.0, 1.0, 1.0, 1.0, 1.0, 1.0, 1.0, 1.0, 1.0, 1.0, 1.0, 1.0, 1.0, 1.0, 1.0, 1.0, 1.0, 1.0, 1.0, 1.0, 1.0, 1.0, 1.0, 1.0, 1.0, 1.0, 1.0, 1.0, 0.9999999403953552, 0.9999999403953552, 0.9999999403953552, 0.9999999403953552, 0.9999999403953552, 0.9999999403953552, 0.9999999403953552, 0.9999999403953552, 0.9999999403953552, 0.9999999403953552, 0.9999998807907104, 0.9999998807907104, 0.9999998807907104, 0.9999998807907104, 0.9999998807907104, 0.9999998807907104, 0.9999998807907104, 0.9999998807907104, 0.9999998211860657, 0.9999998211860657, 0.9999998211860657, 0.9999998807907104, 0.9999998807907104, 0.9999998807907104, 0.9999998807907104, 0.9999998807907104, 0.9999998807907104, 0.9999998807907104, 0.9999998807907104, 0.9999998211860657, 0.9999998211860657, 0.9999998211860657, 0.9999998211860657, 0.9999998211860657, 0.9999998211860657, 0.9999998211860657, 0.9999998211860657, 0.9999998211860657, 0.9999997615814209, 0.9999997615814209, 0.9999997615814209, 0.9999997615814209, 0.9999997615814209, 0.9999997615814209, 0.9999997615814209, 0.9999997019767761, 0.9999997019767761, 0.9999997019767761, 0.9999997019767761, 0.9999997019767761, 0.9999997019767761, 0.9999997019767761, 0.9999996423721313, 0.9999996423721313, 0.9999996423721313, 0.9999996423721313, 0.9999996423721313, 0.9999996423721313]}, "val_metrics_score": {"MeanSquaredError": [], "R2Score": []}, "early_stopping_criterion_evaluations": [0, 0, 0, 0, 0, 0, 0, 0, 0, 0, 0, 0, 0, 0, 0, 0, 0, 0, 0, 0, 0, 0, 0, 0, 0, 0, 0, 0, 0, 0, 0, 0, 0, 0, 0, 0, 0, 0, 0, 0, 0, 0, 0, 0, 0, 0, 0, 0, 0, 0, 0, 0, 0, 0, 0, 0, 0, 0, 0, 0, 0, 0, 0, 0, 0, 0, 0, 0, 0, 0, 0, 0, 0, 0, 0, 0, 0, 0, 0, 0, 0, 0, 0, 0, 0, 0, 0, 0, 0, 0, 0, 0, 0, 0, 0, 0, 0, 0, 0, 0]}