{"current_epoch": 100, "best_epoch": 100, "train_loss": [3.778266191482544, 3.5189208984375, 3.1050848960876465, 2.647665023803711, 2.251316785812378, 1.9881713390350342, 1.870169997215271, 1.8471364974975586, 1.8563721179962158, 1.8606845140457153, 1.847859501838684, 1.819444179534912, 1.782142996788025, 1.743270754814148, 1.7082545757293701, 1.6793469190597534, 1.6557869911193848, 1.6350915431976318, 1.614514946937561, 1.5919713973999023, 1.5663843154907227, 1.5376958847045898, 1.5066505670547485, 1.474177598953247, 1.4402600526809692, 1.4037508964538574, 1.3644412755966187, 1.3244725465774536, 1.2866171598434448, 1.2524189949035645, 1.223497748374939, 1.200839877128601, 1.1824768781661987, 1.1654466390609741, 1.1476958990097046, 1.128140926361084, 1.1067782640457153, 1.0846450328826904, 1.0633448362350464, 1.0444105863571167, 1.0287649631500244, 1.0164052248001099, 1.0063366889953613, 0.9968989491462708, 0.9865162372589111, 0.9744232296943665, 0.9608414173126221, 0.9466056823730469, 0.9326474070549011, 0.9196739792823792, 0.9080513119697571, 0.897727370262146, 0.8882487416267395, 0.8789506554603577, 0.869280993938446, 0.859041690826416, 0.8484104871749878, 0.8377918004989624, 0.8275944590568542, 0.8180545568466187, 0.8091591000556946, 0.800697386264801, 0.7923946976661682, 0.7840311527252197, 0.7755225896835327, 0.7669194936752319, 0.7583545446395874, 0.7499755620956421, 0.7418773770332336, 0.7340600490570068, 0.7264398336410522, 0.71889328956604, 0.711322546005249, 0.7036949992179871, 0.6960452795028687, 0.688445508480072, 0.6809631586074829, 0.6736297607421875, 0.6664350628852844, 0.6593397259712219, 0.6522961258888245, 0.6452749371528625, 0.6382740139961243, 0.6313206553459167, 0.6244511604309082, 0.6176948547363281, 0.6110543012619019, 0.6045156717300415, 0.5980488061904907, 0.5916334986686707, 0.5852702856063843, 0.5789673328399658, 0.5727463960647583, 0.5666223764419556, 0.5605985522270203, 0.554663896560669, 0.5487996339797974, 0.5429950952529907, 0.5372536182403564, 0.5315790772438049], "val_loss": [], "train_metrics_score": {"MeanSquaredError": [1.973414498479542e-08, 1.5550932985775034e-08, 1.1221128914939982e-08, 7.533885515442762e-09, 5.3357429585787486e-09, 4.476001791431372e-09, 4.455498192612595e-09, 4.564979061427721e-09, 4.905455153192406e-09, 5.287276838572552e-09, 5.884059461891411e-09, 6.643881445000943e-09, 7.895832432325278e-09, 9.6622647660638e-09, 1.2066871946103674e-08, 1.479585787222959e-08, 1.74819678733229e-08, 1.9864060618601798e-08, 2.1426640017807586e-08, 2.2011629852158876e-08, 2.1749269052406817e-08, 2.069890570055577e-08, 1.9231446657386186e-08, 1.7565429999422122e-08, 1.6018180559740358e-08, 1.4915048751618087e-08, 1.4280098881158665e-08, 1.3802243792326863e-08, 1.3411184163203416e-08, 1.296049756405182e-08, 1.2841012697606402e-08, 1.3094970441329679e-08, 1.3635480300422387e-08, 1.4443254592322319e-08, 1.5710746481545357e-08, 1.7299012000648872e-08, 1.9601849032824248e-08, 2.196970783074903e-08, 2.5194204056333547e-08, 2.863113124362826e-08, 3.279824767332684e-08, 3.668413839363893e-08, 3.964253991739497e-08, 4.1635836112163815e-08, 4.2200337446729463e-08, 4.132083475383297e-08, 4.013358179122406e-08, 3.793536862417568e-08, 3.5925815211612644e-08, 3.4130795967257654e-08, 3.2919821535415394e-08, 3.225478550916705e-08, 3.1816476564472396e-08, 3.2397586835486436e-08, 3.2984562636784176e-08, 3.418128358134709e-08, 3.531198089490317e-08, 3.7003179187422575e-08, 3.844533225105806e-08, 3.9944605845221304e-08, 4.1570324071926734e-08, 4.245699614102705e-08, 4.3090004453461006e-08, 4.317629986871907e-08, 4.3176910935471824e-08, 4.3267689875392534e-08, 4.27201456432158e-08, 4.30028279652106e-08, 4.2941561417819685e-08, 4.383380058925468e-08, 4.5019405092716624e-08, 4.5928150171903326e-08, 4.692049415666588e-08, 4.892237370768271e-08, 5.067989050644428e-08, 5.20644896084832e-08, 5.3714693137862923e-08, 5.484001874833666e-08, 5.614118592234263e-08, 5.6528929093246916e-08, 5.7153229704454134e-08, 5.819852333388553e-08, 5.8718196527252076e-08, 5.9430345089594994e-08, 6.012091802176656e-08, 6.057852175445078e-08, 6.201887714496479e-08, 6.338105151826312e-08, 6.372172833835066e-08, 6.481283776338387e-08, 6.556415144132188e-08, 6.675724506521874e-08, 6.767867688495244e-08, 6.891495019090144e-08, 6.907824001700646e-08, 7.002216761975433e-08, 7.113769129318825e-08, 7.153761316658347e-08, 7.250444866713224e-08, 7.294965342907744e-08], "R2Score": [1.0, 1.0, 1.0, 1.0, 1.0, 1.0, 1.0, 1.0, 1.0, 1.0, 1.0, 1.0, 1.0, 1.0, 1.0, 1.0, 1.0, 1.0, 1.0, 1.0, 1.0, 1.0, 1.0, 1.0, 1.0, 1.0, 1.0, 1.0, 1.0, 1.0, 1.0, 1.0, 1.0, 1.0, 1.0, 1.0, 1.0, 1.0, 1.0, 1.0, 0.9999999403953552, 0.9999999403953552, 0.9999999403953552, 0.9999999403953552, 0.9999999403953552, 0.9999999403953552, 0.9999999403953552, 0.9999999403953552, 0.9999999403953552, 0.9999999403953552, 0.9999999403953552, 0.9999999403953552, 0.9999999403953552, 0.9999999403953552, 0.9999999403953552, 0.9999999403953552, 0.9999999403953552, 0.9999999403953552, 0.9999999403953552, 0.9999999403953552, 0.9999999403953552, 0.9999999403953552, 0.9999999403953552, 0.9999999403953552, 0.9999999403953552, 0.9999999403953552, 0.9999999403953552, 0.9999999403953552, 0.9999999403953552, 0.9999999403953552, 0.9999999403953552, 0.9999999403953552, 0.9999999403953552, 0.9999999403953552, 0.9999999403953552, 0.9999999403953552, 0.9999999403953552, 0.9999999403953552, 0.9999999403953552, 0.9999999403953552, 0.9999999403953552, 0.9999999403953552, 0.9999999403953552, 0.9999999403953552, 0.9999999403953552, 0.9999999403953552, 0.9999999403953552, 0.9999999403953552, 0.9999999403953552, 0.9999999403953552, 0.9999999403953552, 0.9999999403953552, 0.9999999403953552, 0.9999999403953552, 0.9999999403953552, 0.9999999403953552, 0.9999999403953552, 0.9999999403953552, 0.9999999403953552, 0.9999999403953552]}, "val_metrics_score": {"MeanSquaredError": [], "R2Score": []}, "early_stopping_criterion_evaluations": [0, 0, 0, 0, 0, 0, 0, 0, 0, 0, 0, 0, 0, 0, 0, 0, 0, 0, 0, 0, 0, 0, 0, 0, 0, 0, 0, 0, 0, 0, 0, 0, 0, 0, 0, 0, 0, 0, 0, 0, 0, 0, 0, 0, 0, 0, 0, 0, 0, 0, 0, 0, 0, 0, 0, 0, 0, 0, 0, 0, 0, 0, 0, 0, 0, 0, 0, 0, 0, 0, 0, 0, 0, 0, 0, 0, 0, 0, 0, 0, 0, 0, 0, 0, 0, 0, 0, 0, 0, 0, 0, 0, 0, 0, 0, 0, 0, 0, 0, 0]}