{"current_epoch": 100, "best_epoch": 100, "train_loss": [3.807666540145874, 3.5538573265075684, 3.1424734592437744, 2.6853373050689697, 2.289832830429077, 2.0297064781188965, 1.9137301445007324, 1.8882352113723755, 1.892653226852417, 1.8931622505187988, 1.878117322921753, 1.8468623161315918, 1.8032751083374023, 1.7531530857086182, 1.702360987663269, 1.6551638841629028, 1.6136151552200317, 1.5780459642410278, 1.547884464263916, 1.5222152471542358, 1.5000109672546387, 1.480167031288147, 1.4614150524139404, 1.4421826601028442, 1.4205926656723022, 1.3948330879211426, 1.3638485670089722, 1.3283631801605225, 1.2915109395980835, 1.2574032545089722, 1.228370189666748, 1.2047070264816284, 1.1870031356811523, 1.1757155656814575, 1.168653964996338, 1.1619242429733276, 1.152523398399353, 1.1392849683761597, 1.1226614713668823, 1.104123592376709, 1.085543155670166, 1.0686595439910889, 1.0546034574508667, 1.0435248613357544, 1.0345642566680908, 1.0263327360153198, 1.0176033973693848, 1.0077719688415527, 0.9969172477722168, 0.9856032729148865, 0.9745662212371826, 0.964400053024292, 0.9553384184837341, 0.947231113910675, 0.9396827816963196, 0.9322575330734253, 0.9246340394020081, 0.9166748523712158, 0.9084232449531555, 0.9000483751296997, 0.891771137714386, 0.8837902545928955, 0.8762211799621582, 0.8690719604492188, 0.8622540235519409, 0.8556275963783264, 0.8490614295005798, 0.8424761891365051, 0.8358609080314636, 0.8292524814605713, 0.8227097988128662, 0.8162815570831299, 0.8099945187568665, 0.8038442730903625, 0.7978101968765259, 0.7918579578399658, 0.7859578132629395, 0.7800908088684082, 0.7742505073547363, 0.7684446573257446, 0.7626863121986389, 0.7569820880889893, 0.7513379454612732, 0.7457432746887207, 0.7401905655860901, 0.7346662878990173, 0.7291609048843384, 0.7236712574958801, 0.7181961536407471, 0.7127314805984497, 0.7072793841362, 0.7018334865570068, 0.6963902115821838, 0.6909488439559937, 0.6855093240737915, 0.6800742149353027, 0.6746446490287781, 0.6692229509353638, 0.663810670375824, 0.6584086418151855], "val_loss": [], "train_metrics_score": {"MeanSquaredError": [2.0326353933342034e-08, 1.5911096440390793e-08, 1.1453392012583663e-08, 7.94253640634679e-09, 5.767939015299817e-09, 4.9074833086137915e-09, 4.944644249604835e-09, 5.085347698496889e-09, 5.3841349156869e-09, 5.706831895935238e-09, 6.128872964694665e-09, 6.7126779690340754e-09, 7.577198424257858e-09, 8.778265225828363e-09, 1.0465287303418336e-08, 1.2613218025592232e-08, 1.511988045876933e-08, 1.7740550362077556e-08, 2.044987290616973e-08, 2.2751267536591513e-08, 2.4568857170947922e-08, 2.5725180208269194e-08, 2.6366670624611288e-08, 2.6270006614481645e-08, 2.551833944153259e-08, 2.4227141182109335e-08, 2.2860650261691262e-08, 2.1664716243208204e-08, 2.061605819392298e-08, 1.9665352013475967e-08, 1.8549039637605347e-08, 1.7698704724011805e-08, 1.7142289365779106e-08, 1.7256729378800628e-08, 1.8003129653720862e-08, 1.9017940999788152e-08, 2.025623402346355e-08, 2.1819323237082244e-08, 2.349549532709716e-08, 2.5603039688348872e-08, 2.8187830736214892e-08, 3.085520461354463e-08, 3.343647492215496e-08, 3.604752762953467e-08, 3.7938139740845145e-08, 3.8640511235144004e-08, 3.869482156915183e-08, 3.78363900210843e-08, 3.5973620526874583e-08, 3.4297013229434015e-08, 3.263493653093974e-08, 3.110910995474114e-08, 3.021570904593318e-08, 2.939839838234093e-08, 2.9384525035425213e-08, 2.984012326123775e-08, 3.023055938911057e-08, 3.1223933660839975e-08, 3.2408397743211026e-08, 3.3863425841218486e-08, 3.5272190501700607e-08, 3.716528595987256e-08, 3.869590159411018e-08, 3.9844341159778196e-08, 4.08727913736584e-08, 4.15996908031957e-08, 4.204281722763881e-08, 4.184149560160222e-08, 4.1768142722276025e-08, 4.1136768658134315e-08, 4.075791437685439e-08, 4.0314507288030654e-08, 4.052587598835089e-08, 3.9891883574227904e-08, 4.010053089587018e-08, 4.0228496089866894e-08, 4.080251159166437e-08, 4.159211286491882e-08, 4.19204475576862e-08, 4.2977994496595784e-08, 4.3065867316727235e-08, 4.3766100077391457e-08, 4.448684620683707e-08, 4.5029825201936546e-08, 4.527312569280184e-08, 4.5327400499672876e-08, 4.5485066380024364e-08, 4.547687382228105e-08, 4.526320651621063e-08, 4.525781704955989e-08, 4.486780369461485e-08, 4.523065300077178e-08, 4.5451265862084256e-08, 4.5758500988313244e-08, 4.599129255211665e-08, 4.665008290771766e-08, 4.725983160369651e-08, 4.7795293056651644e-08, 4.860303448595005e-08, 4.8960924203811373e-08], "R2Score": [1.0, 1.0, 1.0, 1.0, 1.0, 1.0, 1.0, 1.0, 1.0, 1.0, 1.0, 1.0, 1.0, 1.0, 1.0, 1.0, 1.0, 1.0, 1.0, 1.0, 1.0, 1.0, 1.0, 1.0, 1.0, 1.0, 1.0, 1.0, 1.0, 1.0, 1.0, 1.0, 1.0, 1.0, 1.0, 1.0, 1.0, 1.0, 1.0, 1.0, 1.0, 0.9999999403953552, 0.9999999403953552, 0.9999999403953552, 0.9999999403953552, 0.9999999403953552, 0.9999999403953552, 0.9999999403953552, 0.9999999403953552, 0.9999999403953552, 0.9999999403953552, 0.9999999403953552, 0.9999999403953552, 1.0, 1.0, 0.9999999403953552, 0.9999999403953552, 0.9999999403953552, 0.9999999403953552, 0.9999999403953552, 0.9999999403953552, 0.9999999403953552, 0.9999999403953552, 0.9999999403953552, 0.9999999403953552, 0.9999999403953552, 0.9999999403953552, 0.9999999403953552, 0.9999999403953552, 0.9999999403953552, 0.9999999403953552, 0.9999999403953552, 0.9999999403953552, 0.9999999403953552, 0.9999999403953552, 0.9999999403953552, 0.9999999403953552, 0.9999999403953552, 0.9999999403953552, 0.9999999403953552, 0.9999999403953552, 0.9999999403953552, 0.9999999403953552, 0.9999999403953552, 0.9999999403953552, 0.9999999403953552, 0.9999999403953552, 0.9999999403953552, 0.9999999403953552, 0.9999999403953552, 0.9999999403953552, 0.9999999403953552, 0.9999999403953552, 0.9999999403953552, 0.9999999403953552, 0.9999999403953552, 0.9999999403953552, 0.9999999403953552, 0.9999999403953552, 0.9999999403953552]}, "val_metrics_score": {"MeanSquaredError": [], "R2Score": []}, "early_stopping_criterion_evaluations": [0, 0, 0, 0, 0, 0, 0, 0, 0, 0, 0, 0, 0, 0, 0, 0, 0, 0, 0, 0, 0, 0, 0, 0, 0, 0, 0, 0, 0, 0, 0, 0, 0, 0, 0, 0, 0, 0, 0, 0, 0, 0, 0, 0, 0, 0, 0, 0, 0, 0, 0, 0, 0, 0, 0, 0, 0, 0, 0, 0, 0, 0, 0, 0, 0, 0, 0, 0, 0, 0, 0, 0, 0, 0, 0, 0, 0, 0, 0, 0, 0, 0, 0, 0, 0, 0, 0, 0, 0, 0, 0, 0, 0, 0, 0, 0, 0, 0, 0, 0]}