{"current_epoch": 100, "best_epoch": 100, "train_loss": [3.8863775730133057, 3.628746747970581, 3.213555335998535, 2.7529947757720947, 2.3530056476593018, 2.0855908393859863, 1.961173415184021, 1.928460717201233, 1.9243206977844238, 1.9128823280334473, 1.884645938873291, 1.8422490358352661, 1.7915469408035278, 1.738337516784668, 1.687208652496338, 1.6412765979766846, 1.6023292541503906, 1.5710690021514893, 1.5473504066467285, 1.5302555561065674, 1.5179482698440552, 1.507985234260559, 1.4984463453292847, 1.488291621208191, 1.476969599723816, 1.4642034769058228, 1.4499882459640503, 1.4346137046813965, 1.4186145067214966, 1.40265691280365, 1.387428879737854, 1.3735061883926392, 1.3612457513809204, 1.3507343530654907, 1.34181809425354, 1.334130883216858, 1.327019453048706, 1.319421648979187, 1.3102197647094727, 1.2989306449890137, 1.285730004310608, 1.2709550857543945, 1.2547229528427124, 1.2368580102920532, 1.217122197151184, 1.1956764459609985, 1.1735453605651855, 1.1526182889938354, 1.1349586248397827, 1.1218980550765991, 1.1136372089385986, 1.1093003749847412, 1.1071255207061768, 1.1050187349319458, 1.1013574600219727, 1.095445990562439, 1.0874689817428589, 1.0781883001327515, 1.0686063766479492, 1.0596500635147095, 1.0519285202026367, 1.0456194877624512, 1.0405186414718628, 1.0361942052841187, 1.0321754217147827, 1.0280975103378296, 1.023769736289978, 1.019167184829712, 1.0143742561340332, 1.0095149278640747, 1.0046947002410889, 0.9999708533287048, 0.9953588843345642, 0.9908424615859985, 0.9863989353179932, 0.982016921043396, 0.9777050018310547, 0.9734877943992615, 0.9693966507911682, 0.9654554724693298, 0.9616687893867493, 0.9580156207084656, 0.954453706741333, 0.9509315490722656, 0.9474023580551147, 0.9438396692276001, 0.9402462840080261, 0.9366506934165955, 0.9330980777740479, 0.9296371936798096, 0.9263046383857727, 0.9231109023094177, 0.9200454950332642, 0.9170780777931213, 0.9141722917556763, 0.911293625831604, 0.9084217548370361, 0.9055543541908264, 0.9027047753334045, 0.8998947739601135], "val_loss": [], "train_metrics_score": {"MeanSquaredError": [2.046305347391808e-08, 1.6609304154258098e-08, 1.2060757725862459e-08, 8.497777592708644e-09, 6.1811533669242635e-09, 5.333452790523552e-09, 5.092462451727897e-09, 5.078815590309205e-09, 5.068535369190386e-09, 5.139386249908284e-09, 5.411347814288092e-09, 5.87298432108696e-09, 6.618995573859365e-09, 7.747368080401884e-09, 9.369566456030043e-09, 1.1391564136431498e-08, 1.3904545959064762e-08, 1.6695894444751502e-08, 1.963836382401496e-08, 2.2437699698230062e-08, 2.522452824393895e-08, 2.792778985849509e-08, 3.0361423597469184e-08, 3.2110680336927544e-08, 3.322208286249406e-08, 3.348690214011185e-08, 3.311064133981745e-08, 3.1909479503156035e-08, 3.052758401622668e-08, 2.8846566024753884e-08, 2.71499178694512e-08, 2.5167294026573472e-08, 2.3526972370291332e-08, 2.181196379069661e-08, 2.052125402940419e-08, 1.9470938639187807e-08, 1.882276556841589e-08, 1.8634857212873612e-08, 1.9002136752988008e-08, 1.947477734631775e-08, 2.0144163670465787e-08, 2.0789068244653208e-08, 2.1510629721888108e-08, 2.19522000577399e-08, 2.240438412570711e-08, 2.2699726542896315e-08, 2.3135203974788965e-08, 2.3740927446169735e-08, 2.461944781373404e-08, 2.5620147781069136e-08, 2.667825427238313e-08, 2.8008338759377693e-08, 2.9404185752923695e-08, 3.079164301311721e-08, 3.23142863578596e-08, 3.373072487988793e-08, 3.5261891184745764e-08, 3.663640768536425e-08, 3.8366980703585796e-08, 3.979550911026308e-08, 4.123461749827584e-08, 4.2163424751606726e-08, 4.2447378945098535e-08, 4.251835150625993e-08, 4.186370006209472e-08, 4.11121199306308e-08, 4.0003243384489906e-08, 3.9098317472507915e-08, 3.7790815810012646e-08, 3.682930227455472e-08, 3.614174914901014e-08, 3.563783934623643e-08, 3.53211433434808e-08, 3.527645020540149e-08, 3.5731751779621845e-08, 3.658826130958914e-08, 3.747877741488992e-08, 3.829461903137599e-08, 3.953799065925523e-08, 4.101523742860991e-08, 4.206718173804802e-08, 4.306295409151062e-08, 4.3909075486681104e-08, 4.4282888467250814e-08, 4.466136616088079e-08, 4.4227050466361106e-08, 4.410225429296588e-08, 4.35992291158982e-08, 4.284991206304767e-08, 4.219425164819768e-08, 4.1363936276184177e-08, 4.075770121403366e-08, 4.0472869500263187e-08, 4.0154841229878e-08, 4.005731568668125e-08, 4.005921994121309e-08, 4.070468406780492e-08, 4.136916231800569e-08, 4.1794354643798215e-08, 4.282838261815414e-08], "R2Score": [1.0, 1.0, 1.0, 1.0, 1.0, 1.0, 1.0, 1.0, 1.0, 1.0, 1.0, 1.0, 1.0, 1.0, 1.0, 1.0, 1.0, 1.0, 1.0, 1.0, 1.0, 1.0, 0.9999999403953552, 0.9999999403953552, 0.9999999403953552, 0.9999999403953552, 0.9999999403953552, 0.9999999403953552, 0.9999999403953552, 1.0, 1.0, 1.0, 1.0, 1.0, 1.0, 1.0, 1.0, 1.0, 1.0, 1.0, 1.0, 1.0, 1.0, 1.0, 1.0, 1.0, 1.0, 1.0, 1.0, 1.0, 1.0, 1.0, 1.0, 0.9999999403953552, 0.9999999403953552, 0.9999999403953552, 0.9999999403953552, 0.9999999403953552, 0.9999999403953552, 0.9999999403953552, 0.9999999403953552, 0.9999999403953552, 0.9999999403953552, 0.9999999403953552, 0.9999999403953552, 0.9999999403953552, 0.9999999403953552, 0.9999999403953552, 0.9999999403953552, 0.9999999403953552, 0.9999999403953552, 0.9999999403953552, 0.9999999403953552, 0.9999999403953552, 0.9999999403953552, 0.9999999403953552, 0.9999999403953552, 0.9999999403953552, 0.9999999403953552, 0.9999999403953552, 0.9999999403953552, 0.9999999403953552, 0.9999999403953552, 0.9999999403953552, 0.9999999403953552, 0.9999999403953552, 0.9999999403953552, 0.9999999403953552, 0.9999999403953552, 0.9999999403953552, 0.9999999403953552, 0.9999999403953552, 0.9999999403953552, 0.9999999403953552, 0.9999999403953552, 0.9999999403953552, 0.9999999403953552, 0.9999999403953552, 0.9999999403953552, 0.9999999403953552]}, "val_metrics_score": {"MeanSquaredError": [], "R2Score": []}, "early_stopping_criterion_evaluations": [0, 0, 0, 0, 0, 0, 0, 0, 0, 0, 0, 0, 0, 0, 0, 0, 0, 0, 0, 0, 0, 0, 0, 0, 0, 0, 0, 0, 0, 0, 0, 0, 0, 0, 0, 0, 0, 0, 0, 0, 0, 0, 0, 0, 0, 0, 0, 0, 0, 0, 0, 0, 0, 0, 0, 0, 0, 0, 0, 0, 0, 0, 0, 0, 0, 0, 0, 0, 0, 0, 0, 0, 0, 0, 0, 0, 0, 0, 0, 0, 0, 0, 0, 0, 0, 0, 0, 0, 0, 0, 0, 0, 0, 0, 0, 0, 0, 0, 0, 0]}