{"current_epoch": 100, "best_epoch": 100, "train_loss": [14.057901382446289, 6.381824970245361, 3.750126838684082, 4.1548967361450195, 5.318138599395752, 5.811219692230225, 5.439977645874023, 4.5844268798828125, 3.6645188331604004, 2.9457058906555176, 2.510075569152832, 2.3013861179351807, 2.2127978801727295, 2.161776542663574, 2.1105172634124756, 2.0507590770721436, 1.985275149345398, 1.9181667566299438, 1.8523575067520142, 1.789620041847229, 1.7307946681976318, 1.6759551763534546, 1.6247951984405518, 1.5770093202590942, 1.5324817895889282, 1.4913139343261719, 1.4536879062652588, 1.4196871519088745, 1.3892531394958496, 1.362282156944275, 1.3386973142623901, 1.3183872699737549, 1.3010833263397217, 1.2862746715545654, 1.2732362747192383, 1.2612144947052002, 1.2496333122253418, 1.2381720542907715, 1.2267343997955322, 1.2153841257095337, 1.2042733430862427, 1.1935670375823975, 1.1833728551864624, 1.1737024784088135, 1.1644841432571411, 1.1556121110916138, 1.146994948387146, 1.1385670900344849, 1.1302813291549683, 1.1221033334732056, 1.1140154600143433, 1.1060214042663574, 1.0981528759002686, 1.0904648303985596, 1.0830177068710327, 1.0758610963821411, 1.0690159797668457, 1.0624696016311646, 1.0561803579330444, 1.050092101097107, 1.0441533327102661, 1.0383301973342896, 1.032609224319458, 1.0269982814788818, 1.0215145349502563, 1.0161738395690918, 1.0109834671020508, 1.005937933921814, 1.0010191202163696, 0.9962010979652405, 0.9914566278457642, 0.9867631793022156, 0.9821076989173889, 0.9774897694587708, 0.9729211330413818, 0.9684205651283264, 0.9640102982521057, 0.9597105979919434, 0.9555325508117676, 0.9514803290367126, 0.9475462436676025, 0.9437159895896912, 0.9399722814559937, 0.9362955689430237, 0.9326728582382202, 0.9290953278541565, 0.9255610704421997, 0.9220735430717468, 0.9186393022537231, 0.9152662754058838, 0.9119616150856018, 0.9087291955947876, 0.9055706262588501, 0.9024841785430908, 0.8994672894477844, 0.8965153694152832, 0.8936252593994141, 0.8907928466796875, 0.8880155682563782, 0.8852909207344055], "val_loss": [], "train_metrics_score": {"MeanSquaredError": [2.4981281399050204e-07, 1.2621882206076407e-07, 1.3233407969437394e-07, 1.6496625221407157e-07, 1.7019516462823958e-07, 1.4711692131186282e-07, 1.1211957939849526e-07, 7.91890428786246e-08, 5.556406534878988e-08, 4.1818967844164945e-08, 3.441287077521338e-08, 3.017726868392856e-08, 2.7469420516013088e-08, 2.588524417035387e-08, 2.5127837588456714e-08, 2.51016381014324e-08, 2.54309924230256e-08, 2.6139959530269152e-08, 2.7063812524374953e-08, 2.8118890327277768e-08, 2.9449061855757463e-08, 3.0942615580897836e-08, 3.23929505441356e-08, 3.367160417155901e-08, 3.457224195813069e-08, 3.507737744712358e-08, 3.532540659989536e-08, 3.507053847329189e-08, 3.477468979440346e-08, 3.435486917169328e-08, 3.366868384091504e-08, 3.3166479340707156e-08, 3.264846881734229e-08, 3.211249932633109e-08, 3.1708072611991156e-08, 3.139375692740032e-08, 3.114803348580608e-08, 3.1005651379700794e-08, 3.086817912389961e-08, 3.078579879911558e-08, 3.0806791784243615e-08, 3.098620737773672e-08, 3.1184221427338343e-08, 3.1685214452181754e-08, 3.216379340642561e-08, 3.300806739048312e-08, 3.3652785447202405e-08, 3.4431508311172365e-08, 3.509263990508771e-08, 3.5576999124486974e-08, 3.603650711170303e-08, 3.6140193060418824e-08, 3.613218524378681e-08, 3.6012323789691436e-08, 3.577166651780317e-08, 3.5387710539680484e-08, 3.517896729476888e-08, 3.4771552748225076e-08, 3.46038468990173e-08, 3.459641106928757e-08, 3.468691289754133e-08, 3.4776920898593744e-08, 3.50980542407342e-08, 3.5554993615960484e-08, 3.5965680211802464e-08, 3.664696635041764e-08, 3.7218327975097054e-08, 3.7728828061744935e-08, 3.845123330847855e-08, 3.894595579367888e-08, 3.948988691604427e-08, 3.993453745465558e-08, 4.026209055041363e-08, 4.0436862747128544e-08, 4.0649634769351906e-08, 4.0825810287969944e-08, 4.08642115701241e-08, 4.078293969200786e-08, 4.0920792088172675e-08, 4.08921643213489e-08, 4.09678122537116e-08, 4.0941586121334694e-08, 4.1215489687829177e-08, 4.162554745335001e-08, 4.1897870062257425e-08, 4.2255123844370246e-08, 4.2693176993680026e-08, 4.3136978433722106e-08, 4.367269568206211e-08, 4.4153953382419786e-08, 4.4731010007126315e-08, 4.531528219331449e-08, 4.5670063286706863e-08, 4.614882698206202e-08, 4.643413475946545e-08, 4.67853844554611e-08, 4.708422807198076e-08, 4.7352436638448125e-08, 4.7521027113361924e-08, 4.771217376742243e-08], "R2Score": [0.9999997615814209, 0.9999998807907104, 0.9999998807907104, 0.9999998211860657, 0.9999998211860657, 0.9999998807907104, 0.9999998807907104, 0.9999999403953552, 0.9999999403953552, 0.9999999403953552, 0.9999999403953552, 0.9999999403953552, 1.0, 1.0, 1.0, 1.0, 1.0, 1.0, 1.0, 1.0, 1.0, 0.9999999403953552, 0.9999999403953552, 0.9999999403953552, 0.9999999403953552, 0.9999999403953552, 0.9999999403953552, 0.9999999403953552, 0.9999999403953552, 0.9999999403953552, 0.9999999403953552, 0.9999999403953552, 0.9999999403953552, 0.9999999403953552, 0.9999999403953552, 0.9999999403953552, 0.9999999403953552, 0.9999999403953552, 0.9999999403953552, 0.9999999403953552, 0.9999999403953552, 0.9999999403953552, 0.9999999403953552, 0.9999999403953552, 0.9999999403953552, 0.9999999403953552, 0.9999999403953552, 0.9999999403953552, 0.9999999403953552, 0.9999999403953552, 0.9999999403953552, 0.9999999403953552, 0.9999999403953552, 0.9999999403953552, 0.9999999403953552, 0.9999999403953552, 0.9999999403953552, 0.9999999403953552, 0.9999999403953552, 0.9999999403953552, 0.9999999403953552, 0.9999999403953552, 0.9999999403953552, 0.9999999403953552, 0.9999999403953552, 0.9999999403953552, 0.9999999403953552, 0.9999999403953552, 0.9999999403953552, 0.9999999403953552, 0.9999999403953552, 0.9999999403953552, 0.9999999403953552, 0.9999999403953552, 0.9999999403953552, 0.9999999403953552, 0.9999999403953552, 0.9999999403953552, 0.9999999403953552, 0.9999999403953552, 0.9999999403953552, 0.9999999403953552, 0.9999999403953552, 0.9999999403953552, 0.9999999403953552, 0.9999999403953552, 0.9999999403953552, 0.9999999403953552, 0.9999999403953552, 0.9999999403953552, 0.9999999403953552, 0.9999999403953552, 0.9999999403953552, 0.9999999403953552, 0.9999999403953552, 0.9999999403953552, 0.9999999403953552, 0.9999999403953552, 0.9999999403953552, 0.9999999403953552]}, "val_metrics_score": {"MeanSquaredError": [], "R2Score": []}, "early_stopping_criterion_evaluations": [0, 0, 0, 0, 0, 0, 0, 0, 0, 0, 0, 0, 0, 0, 0, 0, 0, 0, 0, 0, 0, 0, 0, 0, 0, 0, 0, 0, 0, 0, 0, 0, 0, 0, 0, 0, 0, 0, 0, 0, 0, 0, 0, 0, 0, 0, 0, 0, 0, 0, 0, 0, 0, 0, 0, 0, 0, 0, 0, 0, 0, 0, 0, 0, 0, 0, 0, 0, 0, 0, 0, 0, 0, 0, 0, 0, 0, 0, 0, 0, 0, 0, 0, 0, 0, 0, 0, 0, 0, 0, 0, 0, 0, 0, 0, 0, 0, 0, 0, 0]}