{"current_epoch": 100, "best_epoch": 100, "train_loss": [13.183996200561523, 5.658270359039307, 3.1474123001098633, 3.6272997856140137, 4.816127777099609, 5.309754848480225, 4.937912940979004, 4.095737457275391, 3.209029197692871, 2.5420267581939697, 2.169609308242798, 2.024892807006836, 1.9932968616485596, 1.987693190574646, 1.967403531074524, 1.9250110387802124, 1.8670258522033691, 1.8016339540481567, 1.7345473766326904, 1.66923189163208, 1.6078236103057861, 1.5514715909957886, 1.5004669427871704, 1.4544833898544312, 1.4128732681274414, 1.3748805522918701, 1.3397518396377563, 1.306869387626648, 1.2759590148925781, 1.24715256690979, 1.2208272218704224, 1.1974009275436401, 1.1771788597106934, 1.1602238416671753, 1.146264910697937, 1.1347156763076782, 1.1247912645339966, 1.1156669855117798, 1.1066420078277588, 1.0972816944122314, 1.087478518486023, 1.0773881673812866, 1.0672999620437622, 1.0575032234191895, 1.0481961965560913, 1.0394457578659058, 1.0312020778656006, 1.0233564376831055, 1.015815019607544, 1.008546233177185, 1.0015925168991089, 0.9950369000434875, 0.9889438152313232, 0.9833101630210876, 0.9780278205871582, 0.972903311252594, 0.9677192568778992, 0.9623257517814636, 0.9566975235939026, 0.9509236216545105, 0.9451476335525513, 0.9394967555999756, 0.9340327382087708, 0.9287457466125488, 0.9235789775848389, 0.9184696674346924, 0.9133837223052979, 0.9083250164985657, 0.9033194780349731, 0.8983887434005737, 0.8935272097587585, 0.8886990547180176, 0.8838605284690857, 0.8789849877357483, 0.8740833401679993, 0.8691942095756531, 0.8643592000007629, 0.8595985174179077, 0.8549025058746338, 0.8502427935600281, 0.8455952405929565, 0.8409532308578491, 0.8363290429115295, 0.8317394852638245, 0.8271928429603577, 0.822679877281189, 0.8181881904602051, 0.813710629940033, 0.8092566728591919, 0.8048414587974548, 0.8004752397537231, 0.7961537837982178, 0.7918649315834045, 0.7875978350639343, 0.7833530902862549, 0.7791386246681213, 0.7749642729759216, 0.7708299160003662, 0.7667326927185059, 0.7626695036888123], "val_loss": [], "train_metrics_score": {"MeanSquaredError": [2.1962192420232896e-07, 1.0262636607194509e-07, 1.136884009156347e-07, 1.4714291296513693e-07, 1.5364959438102233e-07, 1.3132313370078919e-07, 9.785838273046465e-08, 6.681205633185527e-08, 4.5723936636932194e-08, 3.436529993905424e-08, 2.902182316688595e-08, 2.6504135774985116e-08, 2.4681162003048485e-08, 2.3396474091441632e-08, 2.2551551737137743e-08, 2.2455930448472827e-08, 2.2898168694496235e-08, 2.3888517830528144e-08, 2.5350514576416572e-08, 2.7270930402778504e-08, 2.926140751924322e-08, 3.1208028161699986e-08, 3.29716378644207e-08, 3.4345166710636477e-08, 3.497862621770764e-08, 3.5000947917751546e-08, 3.451752661476348e-08, 3.367903289586138e-08, 3.247298607789162e-08, 3.1120183763277964e-08, 2.9680991886493757e-08, 2.81093157639134e-08, 2.6590475599164165e-08, 2.5371003076202214e-08, 2.437963608770133e-08, 2.3553649697305445e-08, 2.317766067960747e-08, 2.337106685956769e-08, 2.393680986756408e-08, 2.4782787377830573e-08, 2.6168233802081886e-08, 2.7765286958469915e-08, 2.9590337291551805e-08, 3.150482896785434e-08, 3.346148957916739e-08, 3.516669977443598e-08, 3.6509618439595215e-08, 3.727640063289073e-08, 3.76548285885292e-08, 3.744101206848427e-08, 3.701974193859314e-08, 3.6120759716595785e-08, 3.5094721795303485e-08, 3.4213012867212456e-08, 3.3595298987165734e-08, 3.326793773794634e-08, 3.310911722564924e-08, 3.322120889492908e-08, 3.397095937884842e-08, 3.476297649740445e-08, 3.5642788276391e-08, 3.64908352423754e-08, 3.734658449161543e-08, 3.793626390802274e-08, 3.8329662999103675e-08, 3.819468119559133e-08, 3.796359138164007e-08, 3.7530181629108483e-08, 3.702552575646223e-08, 3.65895758136503e-08, 3.613442345340445e-08, 3.6055801899692597e-08, 3.613747878716822e-08, 3.653317293128566e-08, 3.699286210689934e-08, 3.7626968207860045e-08, 3.852171914786595e-08, 3.916122182090476e-08, 3.993276109781618e-08, 4.0303305581801396e-08, 4.060445846221228e-08, 4.095829453376609e-08, 4.0873370465988046e-08, 4.104499851109722e-08, 4.1431562181060144e-08, 4.1783454918231655e-08, 4.226441419064031e-08, 4.282058441162917e-08, 4.3572018881832264e-08, 4.428660460575884e-08, 4.483560545054388e-08, 4.539868214692433e-08, 4.567389666476629e-08, 4.601071879051233e-08, 4.600484260208759e-08, 4.606598480449975e-08, 4.6048377555507614e-08, 4.639640494019659e-08, 4.665651331947629e-08, 4.679290555031912e-08], "R2Score": [0.9999997615814209, 0.9999998807907104, 0.9999998807907104, 0.9999998807907104, 0.9999998211860657, 0.9999998807907104, 0.9999998807907104, 0.9999999403953552, 0.9999999403953552, 0.9999999403953552, 1.0, 1.0, 1.0, 1.0, 1.0, 1.0, 1.0, 1.0, 1.0, 1.0, 1.0, 0.9999999403953552, 0.9999999403953552, 0.9999999403953552, 0.9999999403953552, 0.9999999403953552, 0.9999999403953552, 0.9999999403953552, 0.9999999403953552, 0.9999999403953552, 1.0, 1.0, 1.0, 1.0, 1.0, 1.0, 1.0, 1.0, 1.0, 1.0, 1.0, 1.0, 1.0, 0.9999999403953552, 0.9999999403953552, 0.9999999403953552, 0.9999999403953552, 0.9999999403953552, 0.9999999403953552, 0.9999999403953552, 0.9999999403953552, 0.9999999403953552, 0.9999999403953552, 0.9999999403953552, 0.9999999403953552, 0.9999999403953552, 0.9999999403953552, 0.9999999403953552, 0.9999999403953552, 0.9999999403953552, 0.9999999403953552, 0.9999999403953552, 0.9999999403953552, 0.9999999403953552, 0.9999999403953552, 0.9999999403953552, 0.9999999403953552, 0.9999999403953552, 0.9999999403953552, 0.9999999403953552, 0.9999999403953552, 0.9999999403953552, 0.9999999403953552, 0.9999999403953552, 0.9999999403953552, 0.9999999403953552, 0.9999999403953552, 0.9999999403953552, 0.9999999403953552, 0.9999999403953552, 0.9999999403953552, 0.9999999403953552, 0.9999999403953552, 0.9999999403953552, 0.9999999403953552, 0.9999999403953552, 0.9999999403953552, 0.9999999403953552, 0.9999999403953552, 0.9999999403953552, 0.9999999403953552, 0.9999999403953552, 0.9999999403953552, 0.9999999403953552, 0.9999999403953552, 0.9999999403953552, 0.9999999403953552, 0.9999999403953552, 0.9999999403953552, 0.9999999403953552]}, "val_metrics_score": {"MeanSquaredError": [], "R2Score": []}, "early_stopping_criterion_evaluations": [0, 0, 0, 0, 0, 0, 0, 0, 0, 0, 0, 0, 0, 0, 0, 0, 0, 0, 0, 0, 0, 0, 0, 0, 0, 0, 0, 0, 0, 0, 0, 0, 0, 0, 0, 0, 0, 0, 0, 0, 0, 0, 0, 0, 0, 0, 0, 0, 0, 0, 0, 0, 0, 0, 0, 0, 0, 0, 0, 0, 0, 0, 0, 0, 0, 0, 0, 0, 0, 0, 0, 0, 0, 0, 0, 0, 0, 0, 0, 0, 0, 0, 0, 0, 0, 0, 0, 0, 0, 0, 0, 0, 0, 0, 0, 0, 0, 0, 0, 0]}