{"current_epoch": 100, "best_epoch": 100, "train_loss": [13.482521057128906, 5.921545028686523, 3.384373188018799, 3.8511366844177246, 5.037935256958008, 5.5317816734313965, 5.160162925720215, 4.315567493438721, 3.420328140258789, 2.7358171939849854, 2.337222099304199, 2.162095546722412, 2.0998647212982178, 2.065901279449463, 2.022770881652832, 1.965246558189392, 1.8998358249664307, 1.8330377340316772, 1.768072247505188, 1.7055118083953857, 1.6449520587921143, 1.5862923860549927, 1.5299901962280273, 1.4767733812332153, 1.4273018836975098, 1.3819950819015503, 1.340972900390625, 1.3040363788604736, 1.270758867263794, 1.2407954931259155, 1.21409273147583, 1.1906524896621704, 1.170080542564392, 1.1514438390731812, 1.1336342096328735, 1.1158709526062012, 1.09791898727417, 1.080007553100586, 1.0626282691955566, 1.04631769657135, 1.0314686298370361, 1.018197774887085, 1.0062987804412842, 0.995309591293335, 0.9846798777580261, 0.9739813208580017, 0.9630468487739563, 0.9519765973091125, 0.9410253167152405, 0.9304326772689819, 0.9202834367752075, 0.9104756116867065, 0.900803804397583, 0.8910996913909912, 0.8813236951828003, 0.8715571761131287, 0.8619397878646851, 0.8525768518447876, 0.8434832692146301, 0.834580659866333, 0.8257436156272888, 0.8168789148330688, 0.8079645037651062, 0.7990509271621704, 0.7902092933654785, 0.7814828753471375, 0.772856593132019, 0.7642741203308105, 0.7556833028793335, 0.7470716834068298, 0.7384766340255737, 0.7299543619155884, 0.721549391746521, 0.7132660746574402, 0.7050716876983643, 0.6969251036643982, 0.6888054013252258, 0.6807202100753784, 0.6727014183998108, 0.6647758483886719, 0.656953752040863, 0.6492244005203247, 0.6415708661079407, 0.6339889764785767, 0.6264810562133789, 0.6190637946128845, 0.61174476146698, 0.6045246720314026, 0.5973982810974121, 0.5903570055961609, 0.5833948254585266, 0.5765140056610107, 0.5697158575057983, 0.5630006790161133, 0.5563672780990601, 0.5498107671737671, 0.5433295965194702, 0.5369159579277039, 0.5305671095848083, 0.5242798328399658], "val_loss": [], "train_metrics_score": {"MeanSquaredError": [2.300053552062309e-07, 1.1161734647657795e-07, 1.2147970096521021e-07, 1.5472410552774818e-07, 1.6152800697000202e-07, 1.3955722977243568e-07, 1.0453462095938448e-07, 7.301916582491685e-08, 5.082970488956562e-08, 3.7916727535503014e-08, 3.140628379583177e-08, 2.7557453208260085e-08, 2.5043950913072877e-08, 2.3424426842666435e-08, 2.2659085274767676e-08, 2.2614729644487852e-08, 2.323222147992965e-08, 2.427320922038234e-08, 2.5427993932680693e-08, 2.6585919243871103e-08, 2.7618316522648456e-08, 2.8482375569183205e-08, 2.883582084223235e-08, 2.8878634594775576e-08, 2.824224054620572e-08, 2.7087830645200484e-08, 2.557686684667715e-08, 2.3792495085217524e-08, 2.2092729423661694e-08, 2.0501669695249802e-08, 1.9340525625466398e-08, 1.8376308474898906e-08, 1.7931258255998728e-08, 1.789591230760834e-08, 1.8220747577402108e-08, 1.8954336766796587e-08, 2.0063314565277324e-08, 2.165889156913181e-08, 2.3493978318356312e-08, 2.5801535130653974e-08, 2.8262583384730533e-08, 3.083695787609031e-08, 3.312736751581724e-08, 3.5362116790338405e-08, 3.6728287966525386e-08, 3.773207524204736e-08, 3.8200322904913264e-08, 3.820329297354874e-08, 3.793899239212806e-08, 3.746548316030385e-08, 3.707809881348112e-08, 3.7092096505375594e-08, 3.7133087715801594e-08, 3.721514119092717e-08, 3.755097921498418e-08, 3.820092331352498e-08, 3.910502499593349e-08, 3.977682894173995e-08, 4.082498961111014e-08, 4.140504472616158e-08, 4.2113221354611596e-08, 4.2384971976616725e-08, 4.228150274343534e-08, 4.234791006751948e-08, 4.246456342116289e-08, 4.2555367230079355e-08, 4.292770583447236e-08, 4.3346862099724603e-08, 4.4207034477494744e-08, 4.5302439133365624e-08, 4.639986528331974e-08, 4.729567848471561e-08, 4.857900393062664e-08, 4.9891433206994407e-08, 5.0685894592561453e-08, 5.141836112443343e-08, 5.232661237641878e-08, 5.273761516377817e-08, 5.325384222487628e-08, 5.3845280234554593e-08, 5.442578299152956e-08, 5.498052857433322e-08, 5.5967252166055914e-08, 5.6909531309656813e-08, 5.7766204264453336e-08, 5.8440019046201996e-08, 5.927230972702091e-08, 5.98292970721559e-08, 6.051705270238017e-08, 6.09360100156664e-08, 6.151780240770677e-08, 6.196033552896552e-08, 6.280849618178763e-08, 6.369396743366451e-08, 6.476521008380587e-08, 6.571379174147296e-08, 6.703696442400542e-08, 6.803252006193361e-08, 6.916516781529936e-08, 7.012140201823058e-08], "R2Score": [0.9999997615814209, 0.9999998807907104, 0.9999998807907104, 0.9999998211860657, 0.9999998211860657, 0.9999998807907104, 0.9999998807907104, 0.9999999403953552, 0.9999999403953552, 0.9999999403953552, 0.9999999403953552, 1.0, 1.0, 1.0, 1.0, 1.0, 1.0, 1.0, 1.0, 1.0, 1.0, 1.0, 1.0, 1.0, 1.0, 1.0, 1.0, 1.0, 1.0, 1.0, 1.0, 1.0, 1.0, 1.0, 1.0, 1.0, 1.0, 1.0, 1.0, 1.0, 1.0, 0.9999999403953552, 0.9999999403953552, 0.9999999403953552, 0.9999999403953552, 0.9999999403953552, 0.9999999403953552, 0.9999999403953552, 0.9999999403953552, 0.9999999403953552, 0.9999999403953552, 0.9999999403953552, 0.9999999403953552, 0.9999999403953552, 0.9999999403953552, 0.9999999403953552, 0.9999999403953552, 0.9999999403953552, 0.9999999403953552, 0.9999999403953552, 0.9999999403953552, 0.9999999403953552, 0.9999999403953552, 0.9999999403953552, 0.9999999403953552, 0.9999999403953552, 0.9999999403953552, 0.9999999403953552, 0.9999999403953552, 0.9999999403953552, 0.9999999403953552, 0.9999999403953552, 0.9999999403953552, 0.9999999403953552, 0.9999999403953552, 0.9999999403953552, 0.9999999403953552, 0.9999999403953552, 0.9999999403953552, 0.9999999403953552, 0.9999999403953552, 0.9999999403953552, 0.9999999403953552, 0.9999999403953552, 0.9999999403953552, 0.9999999403953552, 0.9999999403953552, 0.9999999403953552, 0.9999999403953552, 0.9999999403953552, 0.9999999403953552, 0.9999999403953552, 0.9999999403953552, 0.9999999403953552, 0.9999999403953552, 0.9999999403953552, 0.9999999403953552, 0.9999999403953552, 0.9999999403953552, 0.9999999403953552]}, "val_metrics_score": {"MeanSquaredError": [], "R2Score": []}, "early_stopping_criterion_evaluations": [0, 0, 0, 0, 0, 0, 0, 0, 0, 0, 0, 0, 0, 0, 0, 0, 0, 0, 0, 0, 0, 0, 0, 0, 0, 0, 0, 0, 0, 0, 0, 0, 0, 0, 0, 0, 0, 0, 0, 0, 0, 0, 0, 0, 0, 0, 0, 0, 0, 0, 0, 0, 0, 0, 0, 0, 0, 0, 0, 0, 0, 0, 0, 0, 0, 0, 0, 0, 0, 0, 0, 0, 0, 0, 0, 0, 0, 0, 0, 0, 0, 0, 0, 0, 0, 0, 0, 0, 0, 0, 0, 0, 0, 0, 0, 0, 0, 0, 0, 0]}