{"current_epoch": 100, "best_epoch": 100, "train_loss": [7.164909839630127, 5.225718975067139, 3.1898958683013916, 2.344688653945923, 2.764988899230957, 3.665470600128174, 4.180662631988525, 3.9763479232788086, 3.277590751647949, 2.517953395843506, 2.0238614082336426, 1.8959728479385376, 2.0431385040283203, 2.284396171569824, 2.4540631771087646, 2.4673972129821777, 2.3313491344451904, 2.1136672496795654, 1.8978259563446045, 1.746809959411621, 1.685875415802002, 1.7035741806030273, 1.7649017572402954, 1.8289175033569336, 1.8640059232711792, 1.856339454650879, 1.8103424310684204, 1.7429537773132324, 1.6751205921173096, 1.6239912509918213, 1.5981210470199585, 1.596480131149292, 1.6107122898101807, 1.6292556524276733, 1.6416635513305664, 1.6417220830917358, 1.6286132335662842, 1.606119990348816, 1.5805108547210693, 1.5580285787582397, 1.542861819267273, 1.536155343055725, 1.5361791849136353, 1.5393975973129272, 1.54193913936615, 1.5409197807312012, 1.5352169275283813, 1.5255262851715088, 1.513808012008667, 1.502405047416687, 1.4931817054748535, 1.4869697093963623, 1.4834542274475098, 1.4814729690551758, 1.4795539379119873, 1.4764776229858398, 1.4716588258743286, 1.4652448892593384, 1.457940936088562, 1.4506638050079346, 1.4441736936569214, 1.4388232231140137, 1.4344918727874756, 1.4307045936584473, 1.4268652200698853, 1.4224969148635864, 1.417402982711792, 1.4116955995559692, 1.4057029485702515, 1.3998055458068848, 1.3942791223526, 1.3891992568969727, 1.384442925453186, 1.3797677755355835, 1.3749275207519531, 1.3697738647460938, 1.3643014430999756, 1.358627200126648, 1.352921724319458, 1.3473269939422607, 1.3418984413146973, 1.3365932703018188, 1.3313032388687134, 1.325912356376648, 1.320348858833313, 1.314611792564392, 1.3087588548660278, 1.3028706312179565, 1.2970086336135864, 1.2911874055862427, 1.2853738069534302, 1.2795090675354004, 1.2735416889190674, 1.2674504518508911, 1.261250615119934, 1.2549797296524048, 1.248674750328064, 1.2423508167266846, 1.2359955310821533, 1.2295794486999512], "val_loss": [], "train_metrics_score": {"MeanSquaredError": [9.589126648279489e-08, 4.8842977662388876e-08, 2.9274691115688256e-08, 3.5348463711670775e-08, 5.082200615902366e-08, 5.7736851744039086e-08, 5.0561521192094006e-08, 3.61795962078304e-08, 2.2658971587929955e-08, 1.3787928132558136e-08, 1.1053462145582671e-08, 1.2491311984774711e-08, 1.5103928774351516e-08, 1.636260549275903e-08, 1.6173128614127563e-08, 1.3697731837680749e-08, 1.0323674359824508e-08, 7.685378555777334e-09, 5.753857834633891e-09, 4.810855269710146e-09, 4.85683937512249e-09, 5.365214938990448e-09, 5.821084059220993e-09, 6.0346048158521626e-09, 5.75818592807309e-09, 5.177197337502548e-09, 4.510716689054561e-09, 3.6748404319553174e-09, 3.1158746693904504e-09, 2.809252830360265e-09, 2.775863316983873e-09, 2.9396276524096265e-09, 3.0532931738491698e-09, 3.1605680295143657e-09, 3.0941960105224098e-09, 3.044377860916825e-09, 2.808168142465206e-09, 2.513608210463758e-09, 2.308821578367315e-09, 2.2452142367512806e-09, 2.1392849713919304e-09, 2.131390397508426e-09, 2.153588418707386e-09, 2.2426502876982113e-09, 2.207953375688021e-09, 2.1485697665468706e-09, 2.068125226628581e-09, 2.003924137738977e-09, 1.920361869522935e-09, 1.8649914945712e-09, 1.8013374125658288e-09, 1.823556528002257e-09, 1.806622407229952e-09, 1.845530062105638e-09, 1.884506994898061e-09, 1.8043706528914072e-09, 1.7781393024662862e-09, 1.7562864496056818e-09, 1.7288819265104394e-09, 1.6981351880218654e-09, 1.7037896649085837e-09, 1.650392822405422e-09, 1.694062334856028e-09, 1.6679153613807784e-09, 1.6632962784868255e-09, 1.6697317972713677e-09, 1.660749315846033e-09, 1.664045568006145e-09, 1.6460782736871238e-09, 1.6344050557393075e-09, 1.6037684513747763e-09, 1.6259557034103977e-09, 1.605754973432738e-09, 1.6106340705590583e-09, 1.6340914177348509e-09, 1.618465805819369e-09, 1.5928546259758036e-09, 1.6142263081775354e-09, 1.5867310798611811e-09, 1.615554579004197e-09, 1.6360217625077667e-09, 1.631875412577699e-09, 1.636279889360992e-09, 1.639506752582065e-09, 1.6488017617888318e-09, 1.6443238992636111e-09, 1.6594468021935427e-09, 1.6404660962976436e-09, 1.670765747974201e-09, 1.6813939129889377e-09, 1.6835547400617656e-09, 1.7279540021064577e-09, 1.725056097967581e-09, 1.728040488480076e-09, 1.74291192589493e-09, 1.7426872167547458e-09, 1.7630393811529643e-09, 1.7710044541985326e-09, 1.8015282599037619e-09, 1.810432359583558e-09], "R2Score": [0.9999998807907104, 0.9999999403953552, 1.0, 0.9999999403953552, 0.9999999403953552, 0.9999999403953552, 0.9999999403953552, 0.9999999403953552, 1.0, 1.0, 1.0, 1.0, 1.0, 1.0, 1.0, 1.0, 1.0, 1.0, 1.0, 1.0, 1.0, 1.0, 1.0, 1.0, 1.0, 1.0, 1.0, 1.0, 1.0, 1.0, 1.0, 1.0, 1.0, 1.0, 1.0, 1.0, 1.0, 1.0, 1.0, 1.0, 1.0, 1.0, 1.0, 1.0, 1.0, 1.0, 1.0, 1.0, 1.0, 1.0, 1.0, 1.0, 1.0, 1.0, 1.0, 1.0, 1.0, 1.0, 1.0, 1.0, 1.0, 1.0, 1.0, 1.0, 1.0, 1.0, 1.0, 1.0, 1.0, 1.0, 1.0, 1.0, 1.0, 1.0, 1.0, 1.0, 1.0, 1.0, 1.0, 1.0, 1.0, 1.0, 1.0, 1.0, 1.0, 1.0, 1.0, 1.0, 1.0, 1.0, 1.0, 1.0, 1.0, 1.0, 1.0, 1.0, 1.0, 1.0, 1.0, 1.0]}, "val_metrics_score": {"MeanSquaredError": [], "R2Score": []}, "early_stopping_criterion_evaluations": [0, 0, 0, 0, 0, 0, 0, 0, 0, 0, 0, 0, 0, 0, 0, 0, 0, 0, 0, 0, 0, 0, 0, 0, 0, 0, 0, 0, 0, 0, 0, 0, 0, 0, 0, 0, 0, 0, 0, 0, 0, 0, 0, 0, 0, 0, 0, 0, 0, 0, 0, 0, 0, 0, 0, 0, 0, 0, 0, 0, 0, 0, 0, 0, 0, 0, 0, 0, 0, 0, 0, 0, 0, 0, 0, 0, 0, 0, 0, 0, 0, 0, 0, 0, 0, 0, 0, 0, 0, 0, 0, 0, 0, 0, 0, 0, 0, 0, 0, 0]}