{"current_epoch": 100, "best_epoch": 100, "train_loss": [6.17800235748291, 5.770474910736084, 5.1001081466674805, 4.2972235679626465, 3.493192195892334, 2.8062963485717773, 2.32365345954895, 2.0629770755767822, 1.9617059230804443, 1.9372695684432983, 1.936267375946045, 1.933482050895691, 1.9189456701278687, 1.890401005744934, 1.8498059511184692, 1.8011136054992676, 1.7484692335128784, 1.695042371749878, 1.6426434516906738, 1.5919357538223267, 1.54292631149292, 1.4954438209533691, 1.4494487047195435, 1.405177354812622, 1.3631701469421387, 1.3241891860961914, 1.2889779806137085, 1.2577848434448242, 1.2298080921173096, 1.203486680984497, 1.1777399778366089, 1.152496576309204, 1.1282483339309692, 1.1055192947387695, 1.0845867395401, 1.0654122829437256, 1.04771089553833, 1.0310910940170288, 1.0151914358139038, 0.9997650384902954, 0.984703540802002, 0.9700183272361755, 0.9557952880859375, 0.9421426653862, 0.9291324615478516, 0.9167619943618774, 0.9049437046051025, 0.8935497999191284, 0.8824809193611145, 0.8717029094696045, 0.8612365126609802, 0.8511126637458801, 0.8413403034210205, 0.83188796043396, 0.8226993083953857, 0.8137096166610718, 0.8048757314682007, 0.7961751818656921, 0.7876126766204834, 0.7792080640792847, 0.770986020565033, 0.76296067237854, 0.7551293969154358, 0.7474697232246399, 0.7399487495422363, 0.7325373888015747, 0.7252154350280762, 0.7179805636405945, 0.710837721824646, 0.7037976980209351, 0.6968626379966736, 0.6900267004966736, 0.6832798719406128, 0.6766062378883362, 0.6699984669685364, 0.6634467244148254, 0.6569496393203735, 0.6505093574523926, 0.6441290974617004, 0.6378074288368225, 0.6315432190895081, 0.6253328919410706, 0.619172990322113, 0.6130590438842773, 0.6069904565811157, 0.6009679436683655, 0.5949907898902893, 0.5890589952468872, 0.5831716060638428, 0.5773271322250366, 0.5715205669403076, 0.5657541751861572, 0.560025691986084, 0.5543355345726013, 0.5486855506896973, 0.5430745482444763, 0.5375048518180847, 0.5319746136665344, 0.5264833569526672, 0.5210310220718384], "val_loss": [], "train_metrics_score": {"MeanSquaredError": [3.97922548245333e-08, 3.319387076317071e-08, 2.48939500124834e-08, 1.7643621674778842e-08, 1.1160159019141247e-08, 7.3459172078571555e-09, 5.657874613262948e-09, 5.181445938973184e-09, 5.2308797293676434e-09, 5.404559022537114e-09, 5.5218589700700704e-09, 5.610169218073224e-09, 5.625569343692405e-09, 5.680274917096995e-09, 5.780305567526511e-09, 5.96127858187856e-09, 6.2445191240101394e-09, 6.605221702926656e-09, 6.989929968170827e-09, 7.376462995978272e-09, 7.692088743738168e-09, 8.008211871413096e-09, 8.284791519486134e-09, 8.52184012245516e-09, 8.710467902517394e-09, 8.952383723226376e-09, 9.341293960574149e-09, 9.690041657961501e-09, 1.0273174311237199e-08, 1.1138400424215433e-08, 1.2044885089323998e-08, 1.3243950824914918e-08, 1.4619461197185046e-08, 1.6264914748376214e-08, 1.8134478807496635e-08, 1.9942801188221893e-08, 2.181012348501099e-08, 2.3617035438405765e-08, 2.5449040208513907e-08, 2.7111520140010725e-08, 2.8569367316322314e-08, 2.977831314865398e-08, 3.069549237011415e-08, 3.155101779839242e-08, 3.2150040851774975e-08, 3.29571925306027e-08, 3.3683377864690556e-08, 3.441919815827532e-08, 3.4815272442756395e-08, 3.570961837340292e-08, 3.632821687915566e-08, 3.738336573633205e-08, 3.7948119313568895e-08, 3.873561738032549e-08, 3.989686803151926e-08, 4.02267517074506e-08, 4.1156290819799324e-08, 4.17231333926793e-08, 4.238409800905174e-08, 4.2986904702502216e-08, 4.3300914853716677e-08, 4.3487752066084795e-08, 4.433028166772601e-08, 4.4778310837045865e-08, 4.494043537306425e-08, 4.555187516075421e-08, 4.61177762645093e-08, 4.673550435541074e-08, 4.7202867392570624e-08, 4.7692541471633376e-08, 4.85014020057406e-08, 4.92288876330349e-08, 4.964775257576548e-08, 5.041254880211454e-08, 5.0648392146968035e-08, 5.104367417629874e-08, 5.181590623237753e-08, 5.225445320888866e-08, 5.293885507740015e-08, 5.348657339254714e-08, 5.443418160666624e-08, 5.500277566738987e-08, 5.6049170638061696e-08, 5.7195940428300673e-08, 5.8242292766408355e-08, 5.910123945795931e-08, 5.999300611847502e-08, 6.077343073229713e-08, 6.16807724895807e-08, 6.256040308016964e-08, 6.370449057158112e-08, 6.443791988886005e-08, 6.527777429710113e-08, 6.63230892428146e-08, 6.659653450924452e-08, 6.752073744564768e-08, 6.766592264284554e-08, 6.87699284185328e-08, 6.976498667654596e-08, 7.102904930889054e-08], "R2Score": [0.9999999403953552, 0.9999999403953552, 1.0, 1.0, 1.0, 1.0, 1.0, 1.0, 1.0, 1.0, 1.0, 1.0, 1.0, 1.0, 1.0, 1.0, 1.0, 1.0, 1.0, 1.0, 1.0, 1.0, 1.0, 1.0, 1.0, 1.0, 1.0, 1.0, 1.0, 1.0, 1.0, 1.0, 1.0, 1.0, 1.0, 1.0, 1.0, 1.0, 1.0, 1.0, 1.0, 1.0, 0.9999999403953552, 0.9999999403953552, 0.9999999403953552, 0.9999999403953552, 0.9999999403953552, 0.9999999403953552, 0.9999999403953552, 0.9999999403953552, 0.9999999403953552, 0.9999999403953552, 0.9999999403953552, 0.9999999403953552, 0.9999999403953552, 0.9999999403953552, 0.9999999403953552, 0.9999999403953552, 0.9999999403953552, 0.9999999403953552, 0.9999999403953552, 0.9999999403953552, 0.9999999403953552, 0.9999999403953552, 0.9999999403953552, 0.9999999403953552, 0.9999999403953552, 0.9999999403953552, 0.9999999403953552, 0.9999999403953552, 0.9999999403953552, 0.9999999403953552, 0.9999999403953552, 0.9999999403953552, 0.9999999403953552, 0.9999999403953552, 0.9999999403953552, 0.9999999403953552, 0.9999999403953552, 0.9999999403953552, 0.9999999403953552, 0.9999999403953552, 0.9999999403953552, 0.9999999403953552, 0.9999999403953552, 0.9999999403953552, 0.9999999403953552, 0.9999999403953552, 0.9999999403953552, 0.9999999403953552, 0.9999999403953552, 0.9999999403953552, 0.9999999403953552, 0.9999999403953552, 0.9999999403953552, 0.9999999403953552, 0.9999999403953552, 0.9999999403953552, 0.9999999403953552, 0.9999999403953552]}, "val_metrics_score": {"MeanSquaredError": [], "R2Score": []}, "early_stopping_criterion_evaluations": [0, 0, 0, 0, 0, 0, 0, 0, 0, 0, 0, 0, 0, 0, 0, 0, 0, 0, 0, 0, 0, 0, 0, 0, 0, 0, 0, 0, 0, 0, 0, 0, 0, 0, 0, 0, 0, 0, 0, 0, 0, 0, 0, 0, 0, 0, 0, 0, 0, 0, 0, 0, 0, 0, 0, 0, 0, 0, 0, 0, 0, 0, 0, 0, 0, 0, 0, 0, 0, 0, 0, 0, 0, 0, 0, 0, 0, 0, 0, 0, 0, 0, 0, 0, 0, 0, 0, 0, 0, 0, 0, 0, 0, 0, 0, 0, 0, 0, 0, 0]}