{"current_epoch": 100, "best_epoch": 100, "train_loss": [7.300429821014404, 5.367702484130859, 3.336390972137451, 2.489382266998291, 2.896350145339966, 3.7710635662078857, 4.257483959197998, 4.033148765563965, 3.3263800144195557, 2.565901756286621, 2.0714783668518066, 1.9395068883895874, 2.0781185626983643, 2.30845308303833, 2.4679863452911377, 2.474289894104004, 2.334794521331787, 2.116163730621338, 1.9001771211624146, 1.7484339475631714, 1.6855560541152954, 1.7002264261245728, 1.7580621242523193, 1.818859577178955, 1.8515411615371704, 1.8424429893493652, 1.7958016395568848, 1.7281619310379028, 1.6600637435913086, 1.6083810329437256, 1.5815887451171875, 1.5787478685379028, 1.5916904211044312, 1.6090508699417114, 1.6205159425735474, 1.6199111938476562, 1.6063693761825562, 1.583573341369629, 1.5576825141906738, 1.5348594188690186, 1.519258975982666, 1.512035846710205, 1.5114978551864624, 1.5141558647155762, 1.5161775350570679, 1.5146998167037964, 1.5086026191711426, 1.4985709190368652, 1.4865471124649048, 1.4748553037643433, 1.4653434753417969, 1.4588302373886108, 1.4549938440322876, 1.4526690244674683, 1.450388789176941, 1.4469434022903442, 1.4417611360549927, 1.4350041151046753, 1.42738676071167, 1.4198271036148071, 1.4130767583847046, 1.407471776008606, 1.4028730392456055, 1.3987922668457031, 1.3946284055709839, 1.3899132013320923, 1.3844658136367798, 1.3784165382385254, 1.3721063137054443, 1.365917682647705, 1.3601160049438477, 1.3547601699829102, 1.3497095108032227, 1.3447105884552002, 1.339518427848816, 1.3339956998825073, 1.328153371810913, 1.3221228122711182, 1.3160792589187622, 1.3101589679718018, 1.30440354347229, 1.298755168914795, 1.2930958271026611, 1.2873095273971558, 1.2813342809677124, 1.2751814126968384, 1.2689193487167358, 1.2626315355300903, 1.2563725709915161, 1.2501450777053833, 1.2439050674438477, 1.2375890016555786, 1.2311484813690186, 1.224571943283081, 1.2178839445114136, 1.211126685142517, 1.2043336629867554, 1.1975113153457642, 1.1906383037567139, 1.1836802959442139], "val_loss": [], "train_metrics_score": {"MeanSquaredError": [9.952042034910846e-08, 5.1800519429434644e-08, 3.18832746870612e-08, 3.8271046776117146e-08, 5.2174627285239694e-08, 5.883433829012574e-08, 5.1087781116621045e-08, 3.751355137637802e-08, 2.297886148028283e-08, 1.4400316494800336e-08, 1.189921494670898e-08, 1.2685273276247244e-08, 1.5096318861651525e-08, 1.6256478829745902e-08, 1.598811216751983e-08, 1.3324481962229129e-08, 1.0435009301090759e-08, 7.553819791894512e-09, 5.749815734645836e-09, 4.733841318937948e-09, 4.649554519176036e-09, 5.257092983157463e-09, 5.63047031221231e-09, 5.908872946491783e-09, 5.571104466639554e-09, 4.985640345012143e-09, 4.283234655844126e-09, 3.5087581728987516e-09, 2.944708477059521e-09, 2.6826882937314167e-09, 2.6102122685500717e-09, 2.6970723432384602e-09, 2.815004229717033e-09, 2.952272870615502e-09, 2.9097224629737184e-09, 2.7244633216128022e-09, 2.536281407117258e-09, 2.2623902751206515e-09, 2.065020821007124e-09, 1.9118493455039243e-09, 1.8210208896363156e-09, 1.882364930594349e-09, 1.877176414311066e-09, 1.911447222724405e-09, 2.001993681943759e-09, 1.9010912843953065e-09, 1.9081844992996366e-09, 1.7247123729191571e-09, 1.6164453109368537e-09, 1.5807440911785875e-09, 1.5382352058779247e-09, 1.5516409268556686e-09, 1.5463550440131257e-09, 1.5454740820430857e-09, 1.5299064237694893e-09, 1.5082599613691627e-09, 1.480139566467642e-09, 1.4716657892321905e-09, 1.4122786273773613e-09, 1.3750143246227253e-09, 1.369618862767652e-09, 1.3873396875752064e-09, 1.3721904723595912e-09, 1.3678714827491945e-09, 1.3703345125293254e-09, 1.3580077062869123e-09, 1.3422575273480675e-09, 1.3145887711729642e-09, 1.2949236127823838e-09, 1.2845023933394373e-09, 1.2703105234379564e-09, 1.2890456480008083e-09, 1.2941693272594534e-09, 1.2837858553993442e-09, 1.2885486011526837e-09, 1.2691628858974013e-09, 1.2637536572768227e-09, 1.2752952027739184e-09, 1.2496991219634879e-09, 1.2510235070095632e-09, 1.2623277978462966e-09, 1.2611386379646206e-09, 1.2689749251393323e-09, 1.2635280599582188e-09, 1.2619590927798185e-09, 1.2810348337666255e-09, 1.2679284289163206e-09, 1.2738958776736808e-09, 1.2760049683535613e-09, 1.2867638066182963e-09, 1.3029564094324542e-09, 1.3033151224917106e-09, 1.3153352851347222e-09, 1.32107313977059e-09, 1.3119851871579158e-09, 1.3396015408062567e-09, 1.336455168754469e-09, 1.3519444452825269e-09, 1.3612377891547567e-09, 1.3693537415093715e-09], "R2Score": [0.9999998807907104, 0.9999999403953552, 0.9999999403953552, 0.9999999403953552, 0.9999999403953552, 0.9999999403953552, 0.9999999403953552, 0.9999999403953552, 1.0, 1.0, 1.0, 1.0, 1.0, 1.0, 1.0, 1.0, 1.0, 1.0, 1.0, 1.0, 1.0, 1.0, 1.0, 1.0, 1.0, 1.0, 1.0, 1.0, 1.0, 1.0, 1.0, 1.0, 1.0, 1.0, 1.0, 1.0, 1.0, 1.0, 1.0, 1.0, 1.0, 1.0, 1.0, 1.0, 1.0, 1.0, 1.0, 1.0, 1.0, 1.0, 1.0, 1.0, 1.0, 1.0, 1.0, 1.0, 1.0, 1.0, 1.0, 1.0, 1.0, 1.0, 1.0, 1.0, 1.0, 1.0, 1.0, 1.0, 1.0, 1.0, 1.0, 1.0, 1.0, 1.0, 1.0, 1.0, 1.0, 1.0, 1.0, 1.0, 1.0, 1.0, 1.0, 1.0, 1.0, 1.0, 1.0, 1.0, 1.0, 1.0, 1.0, 1.0, 1.0, 1.0, 1.0, 1.0, 1.0, 1.0, 1.0, 1.0]}, "val_metrics_score": {"MeanSquaredError": [], "R2Score": []}, "early_stopping_criterion_evaluations": [0, 0, 0, 0, 0, 0, 0, 0, 0, 0, 0, 0, 0, 0, 0, 0, 0, 0, 0, 0, 0, 0, 0, 0, 0, 0, 0, 0, 0, 0, 0, 0, 0, 0, 0, 0, 0, 0, 0, 0, 0, 0, 0, 0, 0, 0, 0, 0, 0, 0, 0, 0, 0, 0, 0, 0, 0, 0, 0, 0, 0, 0, 0, 0, 0, 0, 0, 0, 0, 0, 0, 0, 0, 0, 0, 0, 0, 0, 0, 0, 0, 0, 0, 0, 0, 0, 0, 0, 0, 0, 0, 0, 0, 0, 0, 0, 0, 0, 0, 0]}