{"current_epoch": 100, "best_epoch": 100, "train_loss": [13.369617462158203, 5.847612380981445, 3.3412744998931885, 3.8210206031799316, 4.997907638549805, 5.473625659942627, 5.088069915771484, 4.238424777984619, 3.3483874797821045, 2.680239677429199, 2.3087692260742188, 2.1677277088165283, 2.1420323848724365, 2.1428215503692627, 2.127135992050171, 2.08549427986145, 2.0232346057891846, 1.9483838081359863, 1.8670623302459717, 1.7832999229431152, 1.7001867294311523, 1.6205769777297974, 1.5468722581863403, 1.4802846908569336, 1.420527696609497, 1.3666586875915527, 1.3178610801696777, 1.2734328508377075, 1.2327401638031006, 1.195365071296692, 1.16111421585083, 1.129850149154663, 1.1013652086257935, 1.0753912925720215, 1.0516724586486816, 1.030023455619812, 1.0103510618209839, 0.9926431179046631, 0.9769109487533569, 0.9631000757217407, 0.9509996175765991, 0.9402084350585938, 0.9302101731300354, 0.9205193519592285, 0.9108033776283264, 0.9009091258049011, 0.890804648399353, 0.8805198073387146, 0.8701185584068298, 0.8596960306167603, 0.8493879437446594, 0.8393585681915283, 0.8297606110572815, 0.8206358551979065, 0.8118525147438049, 0.8032512664794922, 0.7948177456855774, 0.7866564989089966, 0.7788774371147156, 0.7714704871177673, 0.7642643451690674, 0.7570899128913879, 0.7499351501464844, 0.7428932189941406, 0.7360491752624512, 0.7294153571128845, 0.7229432463645935, 0.7165655493736267, 0.7102510333061218, 0.7040122747421265, 0.6978941559791565, 0.6919447183609009, 0.6861879229545593, 0.6806056499481201, 0.6751416921615601, 0.6697334051132202, 0.6643469929695129, 0.6589969396591187, 0.6537255048751831, 0.6485664248466492, 0.6435224413871765, 0.6385676860809326, 0.6336696147918701, 0.6288136839866638, 0.6240081787109375, 0.6192768216133118, 0.6146321296691895, 0.6100664734840393, 0.605562686920166, 0.6011135578155518, 0.5967302322387695, 0.5924259424209595, 0.5882045030593872, 0.5840521454811096, 0.5799475312232971, 0.5758775472640991, 0.5718422532081604, 0.5678505301475525, 0.5639076232910156, 0.560014009475708], "val_loss": [], "train_metrics_score": {"MeanSquaredError": [2.271780630280773e-07, 1.1018610734936374e-07, 1.2058197285114147e-07, 1.5399426445128483e-07, 1.5979230738594197e-07, 1.3669757947809558e-07, 1.0233335956399969e-07, 7.09009029264962e-08, 4.9395985968203604e-08, 3.791386760099158e-08, 3.2677927919166905e-08, 3.0107912607491016e-08, 2.8399149698543624e-08, 2.705718138429347e-08, 2.598764403671794e-08, 2.51321470301491e-08, 2.445483460178366e-08, 2.390964937148965e-08, 2.3435998031118288e-08, 2.295712242528225e-08, 2.2698895207895475e-08, 2.2719518710800912e-08, 2.310071067768149e-08, 2.3716665964457206e-08, 2.4628025840911505e-08, 2.5689701033115853e-08, 2.672007504145313e-08, 2.76605991444967e-08, 2.8478870817139068e-08, 2.9122928069114096e-08, 2.9630742304220803e-08, 3.007132676202673e-08, 3.036478446460933e-08, 3.059921382941866e-08, 3.073817822496494e-08, 3.097741085866801e-08, 3.133457937565254e-08, 3.1874680672672184e-08, 3.2739567501494093e-08, 3.3874623994734065e-08, 3.543074811318547e-08, 3.7545405007222143e-08, 3.981642748840386e-08, 4.253262986253503e-08, 4.523912622289572e-08, 4.7958724991303825e-08, 5.023891347377685e-08, 5.1933444211726965e-08, 5.300862682133811e-08, 5.319998663821934e-08, 5.259875379692858e-08, 5.132613623004545e-08, 4.99944157184018e-08, 4.857142954506344e-08, 4.737819736533311e-08, 4.624717675483225e-08, 4.53567068348093e-08, 4.4747206828787967e-08, 4.430562583479514e-08, 4.4567606494183565e-08, 4.533470132628281e-08, 4.6471001269310364e-08, 4.788957141954597e-08, 4.9288619408116574e-08, 5.060421770508583e-08, 5.1678785695230545e-08, 5.215618159581936e-08, 5.240302058950874e-08, 5.231259336824223e-08, 5.164482530517489e-08, 5.140551806448457e-08, 5.0964928277608124e-08, 5.071653674804111e-08, 5.075301601209503e-08, 5.134526759320579e-08, 5.236000077957215e-08, 5.395621016646146e-08, 5.573760475385825e-08, 5.7444314194299295e-08, 5.9175476962991524e-08, 6.07629289106626e-08, 6.168199462308621e-08, 6.209229752585088e-08, 6.211294589775207e-08, 6.174441580242274e-08, 6.127555707280408e-08, 6.088345827492958e-08, 6.071667257856461e-08, 6.071588387612792e-08, 6.093631554904277e-08, 6.145325670559032e-08, 6.207729796869899e-08, 6.263530849537347e-08, 6.309903710643994e-08, 6.355142545544368e-08, 6.4074839656314e-08, 6.453673506712221e-08, 6.51049987254737e-08, 6.570695632035495e-08, 6.657087681105622e-08], "R2Score": [0.9999997615814209, 0.9999998807907104, 0.9999998807907104, 0.9999998211860657, 0.9999998211860657, 0.9999998807907104, 0.9999998807907104, 0.9999999403953552, 0.9999999403953552, 0.9999999403953552, 0.9999999403953552, 0.9999999403953552, 1.0, 1.0, 1.0, 1.0, 1.0, 1.0, 1.0, 1.0, 1.0, 1.0, 1.0, 1.0, 1.0, 1.0, 1.0, 1.0, 1.0, 1.0, 1.0, 0.9999999403953552, 0.9999999403953552, 0.9999999403953552, 0.9999999403953552, 0.9999999403953552, 0.9999999403953552, 0.9999999403953552, 0.9999999403953552, 0.9999999403953552, 0.9999999403953552, 0.9999999403953552, 0.9999999403953552, 0.9999999403953552, 0.9999999403953552, 0.9999999403953552, 0.9999999403953552, 0.9999999403953552, 0.9999999403953552, 0.9999999403953552, 0.9999999403953552, 0.9999999403953552, 0.9999999403953552, 0.9999999403953552, 0.9999999403953552, 0.9999999403953552, 0.9999999403953552, 0.9999999403953552, 0.9999999403953552, 0.9999999403953552, 0.9999999403953552, 0.9999999403953552, 0.9999999403953552, 0.9999999403953552, 0.9999999403953552, 0.9999999403953552, 0.9999999403953552, 0.9999999403953552, 0.9999999403953552, 0.9999999403953552, 0.9999999403953552, 0.9999999403953552, 0.9999999403953552, 0.9999999403953552, 0.9999999403953552, 0.9999999403953552, 0.9999999403953552, 0.9999999403953552, 0.9999999403953552, 0.9999999403953552, 0.9999999403953552, 0.9999999403953552, 0.9999999403953552, 0.9999999403953552, 0.9999999403953552, 0.9999999403953552, 0.9999999403953552, 0.9999999403953552, 0.9999999403953552, 0.9999999403953552, 0.9999999403953552, 0.9999999403953552, 0.9999999403953552, 0.9999999403953552, 0.9999999403953552, 0.9999999403953552, 0.9999999403953552, 0.9999999403953552, 0.9999999403953552, 0.9999999403953552]}, "val_metrics_score": {"MeanSquaredError": [], "R2Score": []}, "early_stopping_criterion_evaluations": [0, 0, 0, 0, 0, 0, 0, 0, 0, 0, 0, 0, 0, 0, 0, 0, 0, 0, 0, 0, 0, 0, 0, 0, 0, 0, 0, 0, 0, 0, 0, 0, 0, 0, 0, 0, 0, 0, 0, 0, 0, 0, 0, 0, 0, 0, 0, 0, 0, 0, 0, 0, 0, 0, 0, 0, 0, 0, 0, 0, 0, 0, 0, 0, 0, 0, 0, 0, 0, 0, 0, 0, 0, 0, 0, 0, 0, 0, 0, 0, 0, 0, 0, 0, 0, 0, 0, 0, 0, 0, 0, 0, 0, 0, 0, 0, 0, 0, 0, 0]}